Category,Question,Answer,Keywords,Source Page,Authority / Reference
General Conduct,Do employees have to follow PIA rules and lawful orders?,"Employees must conform to and abide by the applicable Laws, Rules, Regulations and Orders of the Company, and must observe, comply with and obey all lawful orders and directions which may, from time to time, be given to them by any person or persons under whose jurisdiction, superintendence or control they may, for the time being, be placed.","PIA Chapter 13, PIA discipline and general conduct, PIA employee policy, General Conduct, Conforming to Applicable Laws, Rules, Regulations and Orders, Do employees have to follow PIA rules and lawful orders?, employee conduct, workplace behaviour, workplace behavior, staff discipline, ethical conduct, service rules, employee obligations, Conforming, Applicable, Laws, Rules, Regulations, Orders, have, follow, lawful, conform, abide, observe, comply, obey, all, directions, which, may, time, given, them, any, person, persons, whose, jurisdiction, superintendence, control, they, placed, Conforming Applicable, Applicable Laws, Laws Rules, Rules Regulations, Regulations Orders, Orders have, have follow, follow rules, rules lawful, lawful orders, orders conform, conform abide, abide applicable, Orders observe, observe comply, comply obey, obey all, all lawful, orders directions, directions which, which may, may time, time time, time given, given them, them any, any person, person persons, persons whose, whose jurisdiction, jurisdiction superintendence, superintendence control",1,
General Conduct,What declaration must a Muslim employee sign when joining PIA?,"Every Muslim employee of the Company must, at the time of joining service, sign a declaration of his Islamic faith of the Supremacy of the Allah and Finality of the Prophet hood of Hazrat Muhammad (P.B.U.H) in the form prescribed by the Company.","PIA Chapter 13, PIA discipline and general conduct, PIA employee policy, General Conduct, Declaration of Islamic Faith, What declaration must a Muslim employee sign when joining PIA?, employee conduct, workplace behaviour, workplace behavior, staff discipline, ethical conduct, service rules, employee obligations, Declaration, Islamic, Faith, Muslim, sign, when, joining, Every, time, service, Supremacy, Allah, Finality, Prophet, hood, Hazrat, Muhammad, form, prescribed, Declaration Islamic, Islamic Faith, Faith declaration, declaration Muslim, Muslim sign, sign when, when joining, joining Every, Every Muslim, Muslim time, time joining, joining service, service sign, sign declaration, faith Supremacy, Supremacy Allah, Allah Finality, Finality Prophet, Prophet hood, hood Hazrat, Hazrat Muhammad, Muhammad form, form prescribed, Declaration Islamic Faith, Islamic Faith declaration, Faith declaration Muslim, declaration Muslim sign, Muslim sign when, sign when joining, when joining Every, joining Every Muslim, Every Muslim time, Muslim time joining, time joining service, joining service sign, service sign declaration, sign declaration Islamic, Islamic faith Supremacy, faith Supremacy Allah, Supremacy Allah Finality, Allah Finality Prophet, Finality Prophet hood, Prophet hood Hazrat",1,
General Conduct,Can an employee make personal investments using their own money?,"Nothing in this regulation will be deemed to prohibit an employee from making a bona fide investment of his own funds in such stocks, shares, securities or investments as he may wish to buy.","PIA Chapter 13, PIA discipline and general conduct, PIA employee policy, General Conduct, Exclusive Service, Can an employee make personal investments using their own money?, employee conduct, workplace behaviour, workplace behavior, staff discipline, ethical conduct, service rules, employee obligations, Exclusive, Service, make, personal, investments, using, own, money, Nothing, regulation, deemed, prohibit, making, bona, fide, investment, funds, such, stocks, shares, securities, may, wish, buy, Service make, make personal, personal investments, investments using, using own, own money, money Nothing, Nothing regulation, regulation deemed, deemed prohibit, prohibit making, making bona, bona fide, fide investment, investment own, own funds, funds such, such stocks, stocks shares, shares securities, securities investments, investments may, may wish, wish buy, Exclusive Service make, Service make personal, make personal investments, personal investments using, investments using own, using own money, own money Nothing, money Nothing regulation, Nothing regulation deemed, regulation deemed prohibit, deemed prohibit making, prohibit making bona, making bona fide, bona fide investment",1,
General Conduct,Can a PIA employee take another job or run a business without approval?,"Employees must devote themselves exclusively to the service of the Company and must not engage themselves in any other service, business or profession or undertake part-time or full-time work for a private or public body or private person, or accept any pay, compensation, remuneration or fee therefore, without prior sanction of the Competent Authority which may, in case where it thinks fit to grant such a sanction, stipulate that any pay, compensation, remuneration or fee received by the employee for undertaking the work will be paid in whole or part to the Company.","PIA Chapter 13, PIA discipline and general conduct, PIA employee policy, General Conduct, Exclusive Service, Can a PIA employee take another job or run a business without approval?, employee conduct, workplace behaviour, workplace behavior, staff discipline, ethical conduct, service rules, employee obligations, Exclusive, Service, take, another, job, run, business, without, approval, devote, themselves, exclusively, not, engage, any, other, profession, undertake, part-time, full-time, work, private, public, body, person, accept, pay, compensation, remuneration, fee, therefore, prior, sanction, Competent, Authority, which, may, case, where, thinks, fit, grant, such, stipulate, received, undertaking, paid, whole, part, Service take, take another, another job, job run, run business, business without, without approval, approval devote, devote themselves, themselves exclusively, exclusively service, service not, not engage",1,
General Conduct,Can an employee express views against the ideology or integrity of Pakistan?,Employees must not express views detrimental to the Ideology or Integrity of Pakistan.,"PIA Chapter 13, PIA discipline and general conduct, PIA employee policy, General Conduct, Ideology of Pakistan, Can an employee express views against the ideology or integrity of Pakistan?, employee conduct, workplace behaviour, workplace behavior, staff discipline, ethical conduct, service rules, employee obligations, Ideology, Pakistan, express, views, against, integrity, not, detrimental, Ideology Pakistan, Pakistan express, express views, views against, against ideology, ideology integrity, integrity Pakistan, Pakistan not, not express, views detrimental, detrimental Ideology, Ideology Pakistan express, Pakistan express views, express views against, views against ideology, against ideology integrity, ideology integrity Pakistan, integrity Pakistan not, Pakistan not express, not express views, express views detrimental, views detrimental Ideology, detrimental Ideology Integrity",1,
General Conduct,Can an employee give confidential information or official documents to an unauthorized person?,No. Employees must not give confidential information or official documents to anyone who is not authorized by the competent authority or by law.,"PIA Chapter 13, PIA discipline and general conduct, PIA employee policy, General Conduct, Maintenance of Secrecy, Can an employee give confidential information or official documents to an unauthorized person?, employee conduct, workplace behaviour, workplace behavior, staff discipline, ethical conduct, service rules, employee obligations, Maintenance, Secrecy, give, confidential, information, official, documents, unauthorized, person, not, anyone, who, authorized, competent, authority, law, Maintenance Secrecy, Secrecy give, give confidential, confidential information, information official, official documents, documents unauthorized, unauthorized person, person not, not give, documents anyone, anyone who, who not, not authorized, authorized competent, competent authority, authority law, Maintenance Secrecy give, Secrecy give confidential, give confidential information, confidential information official, information official documents, official documents unauthorized, documents unauthorized person, unauthorized person not, person not give, not give confidential, official documents anyone, documents anyone who, anyone who not, who not authorized, not authorized competent, authorized competent authority, competent authority law",1,
General Conduct,Can employees share confidential PIA information during or after their service?,"Employees must not at any time, during or after service, communicate in any manner to any person, including a fellow employee not directly connected with that information or official document, or to press, public papers, journals, books, pamphlets or leaflets, or by speech or discussion at any place, disclose or cause to be disclosed any information or official document relating to the affairs and business of the Company, except with the prior written approval of the Competent Authority.","PIA Chapter 13, PIA discipline and general conduct, PIA employee policy, General Conduct, Maintenance of Secrecy, Can employees share confidential PIA information during or after their service?, employee conduct, workplace behaviour, workplace behavior, staff discipline, ethical conduct, service rules, employee obligations, Maintenance, Secrecy, share, confidential, information, during, after, service, not, any, time, communicate, manner, person, including, fellow, directly, connected, official, document, press, public, papers, journals, books, pamphlets, leaflets, speech, discussion, place, disclose, cause, disclosed, relating, affairs, business, except, prior, written, approval, Competent, Authority, Maintenance Secrecy, Secrecy share, share confidential, confidential information, information during, during after, after service, service not, not any, any time, time during, service communicate, communicate any, any manner, manner any, any person, person including, including fellow, fellow not, not directly",1,
General Conduct,How are employees expected to serve PIA and deal with other people?,"Employees must serve the Company honestly and faithfully, and must maintain strict secrecy regarding the affairs and business of the Company, and show courtesy and attention in all transactions with the customers, the public, fellow employees and employees of other organization.","PIA Chapter 13, PIA discipline and general conduct, PIA employee policy, General Conduct, Other Obligations of Employees, How are employees expected to serve PIA and deal with other people?, employee conduct, workplace behaviour, workplace behavior, staff discipline, ethical conduct, service rules, employee obligations, Other, Obligations, expected, serve, deal, people, honestly, faithfully, maintain, strict, secrecy, affairs, business, show, courtesy, attention, all, transactions, customers, public, fellow, organization, Other Obligations, Obligations expected, expected serve, serve deal, deal other, other people, people serve, serve honestly, honestly faithfully, faithfully maintain, maintain strict, strict secrecy, secrecy affairs, affairs business, business show, show courtesy, courtesy attention, attention all, all transactions, transactions customers, customers public, public fellow, fellow other, other organization, Other Obligations expected, Obligations expected serve, expected serve deal, serve deal other, deal other people, other people serve, people serve honestly, serve honestly faithfully, honestly faithfully maintain, faithfully maintain strict, maintain strict secrecy, strict secrecy affairs, secrecy affairs business, affairs business show, business show courtesy, show courtesy attention",1,
General Conduct,How does the reference to a wife apply when the employee is a woman?,Reference to a wife will be construed a reference to a husband where the employee is a woman.,"PIA Chapter 13, PIA discipline and general conduct, PIA employee policy, General Conduct, Bar on Taking part in Politics and Elections, How does the reference to a wife apply when the employee is a woman?, employee conduct, workplace behaviour, workplace behavior, staff discipline, ethical conduct, service rules, employee obligations, Bar, Taking, part, Politics, Elections, reference, wife, apply, when, woman, construed, husband, where, Bar Taking, Taking part, part Politics, Politics Elections, Elections reference, reference wife, wife apply, apply when, when woman, woman Reference, wife construed, construed reference, reference husband, husband where, where woman, Bar Taking part, Taking part Politics, part Politics Elections, Politics Elections reference, Elections reference wife, reference wife apply, wife apply when, apply when woman, when woman Reference, woman Reference wife, Reference wife construed, wife construed reference, construed reference husband, reference husband where, husband where woman",2,
General Conduct,Can a PIA employee vote in an election?,An employee who is qualified to vote at such election may exercise his right to vote.,"PIA Chapter 13, PIA discipline and general conduct, PIA employee policy, General Conduct, Bar on Taking part in Politics and Elections, Can a PIA employee vote in an election?, employee conduct, workplace behaviour, workplace behavior, staff discipline, ethical conduct, service rules, employee obligations, Bar, Taking, part, Politics, Elections, vote, election, who, qualified, such, may, exercise, right, Bar Taking, Taking part, part Politics, Politics Elections, Elections vote, vote election, election who, who qualified, qualified vote, vote such, such election, election may, may exercise, exercise right, right vote, Bar Taking part, Taking part Politics, part Politics Elections, Politics Elections vote, Elections vote election, vote election who, election who qualified, who qualified vote, qualified vote such, vote such election, such election may, election may exercise, may exercise right, exercise right vote",2,
General Conduct,Can another dependent relative be treated as an employee’s family member under the political activity rules?,Any other relative of the employee or his wife when residing with the wholly dependent upon the employee;,"PIA Chapter 13, PIA discipline and general conduct, PIA employee policy, General Conduct, Bar on Taking part in Politics and Elections, Can another dependent relative be treated as an employee’s family member under the political activity rules?, employee conduct, workplace behaviour, workplace behavior, staff discipline, ethical conduct, service rules, employee obligations, Bar, Taking, part, Politics, Elections, another, dependent, relative, treated, family, member, political, activity, rules, Any, other, wife, when, residing, wholly, upon, Bar Taking, Taking part, part Politics, Politics Elections, Elections another, another dependent, dependent relative, relative treated, treated family, family member, member political, political activity, activity rules, rules Any, Any other, other relative, relative wife, wife when, when residing, residing wholly, wholly dependent, dependent upon, Bar Taking part, Taking part Politics, part Politics Elections, Politics Elections another, Elections another dependent, another dependent relative, dependent relative treated, relative treated family, treated family member, family member political, member political activity, political activity rules, activity rules Any, rules Any other, Any other relative, other relative wife, relative wife when, wife when residing, when residing wholly",2,
General Conduct,Who decides whether an activity falls under the political activity restriction?,"The Competent Authority decides, and its decision is final.","PIA Chapter 13, PIA discipline and general conduct, PIA employee policy, General Conduct, Bar on Taking part in Politics and Elections, Who decides whether an activity falls under the political activity restriction?, employee conduct, workplace behaviour, workplace behavior, staff discipline, ethical conduct, service rules, employee obligations, Bar, Taking, part, Politics, Elections, Who, decides, whether, activity, falls, political, restriction, Competent, Authority, decision, final, Bar Taking, Taking part, part Politics, Politics Elections, Elections Who, Who decides, decides whether, whether activity, activity falls, falls political, political activity, activity restriction, restriction Competent, Competent Authority, Authority decides, decides decision, decision final, Bar Taking part, Taking part Politics, part Politics Elections, Politics Elections Who, Elections Who decides, Who decides whether, decides whether activity, whether activity falls, activity falls political, falls political activity, political activity restriction, activity restriction Competent, restriction Competent Authority, Competent Authority decides, Authority decides decision, decides decision final",2,
General Conduct,"Can an employee campaign, interfere or use influence in an election to a legislative body?","Employees must not canvass or otherwise interfere or use their influence in connection with or take part in any election to a Legislative Body, whether in Pakistan or elsewhere;","PIA Chapter 13, PIA discipline and general conduct, PIA employee policy, General Conduct, Bar on Taking part in Politics and Elections, Can an employee campaign, interfere or use influence in an election to a legislative body?, employee conduct, workplace behaviour, workplace behavior, staff discipline, ethical conduct, service rules, employee obligations, Bar, Taking, part, Politics, Elections, campaign, interfere, use, influence, election, legislative, body, not, canvass, otherwise, connection, take, any, whether, Pakistan, elsewhere, Bar Taking, Taking part, part Politics, Politics Elections, Elections campaign, campaign interfere, interfere use, use influence, influence election, election legislative, legislative body, body not, not canvass, canvass otherwise, otherwise interfere, influence connection, connection take, take part, part any, any election, Body whether, whether Pakistan, Pakistan elsewhere, Bar Taking part, Taking part Politics, part Politics Elections, Politics Elections campaign, Elections campaign interfere, campaign interfere use, interfere use influence, use influence election, influence election legislative, election legislative body, legislative body not, body not canvass, not canvass otherwise, canvass otherwise interfere, otherwise interfere use, use influence connection, influence connection take, connection take part",2,
General Conduct,Can PIA employees join political parties or take part in election campaigns?,"Employees must not be a member of a political party, take part in or subscribe in aid of or assist in any manner what so ever any political party, movement or activity in Pakistan or relating to the affairs of Pakistan.","PIA Chapter 13, PIA discipline and general conduct, PIA employee policy, General Conduct, Bar on Taking part in Politics and Elections, Can PIA employees join political parties or take part in election campaigns?, employee conduct, workplace behaviour, workplace behavior, staff discipline, ethical conduct, service rules, employee obligations, Bar, Taking, part, Politics, Elections, join, political, parties, take, election, campaigns, not, member, party, subscribe, aid, assist, any, manner, ever, movement, activity, Pakistan, relating, affairs, Bar Taking, Taking part, part Politics, Politics Elections, Elections join, join political, political parties, parties take, take part, part election, election campaigns, campaigns not, not member, member political, political party, party take, part subscribe, subscribe aid, aid assist, assist any, any manner, manner ever, ever any, any political, party movement, movement activity, activity Pakistan, Pakistan relating, relating affairs, affairs Pakistan, Bar Taking part, Taking part Politics, part Politics Elections, Politics Elections join, Elections join political, join political parties, political parties take",2,
General Conduct,Can an employee allow a dependent family member to take part in political activities?,"Employees must not allow any member of their family dependent on them to indulge in any political activity, including forming a political association or party and being its member, or to act in a manner in which they themselves is not permitted by this rule.","PIA Chapter 13, PIA discipline and general conduct, PIA employee policy, General Conduct, Bar on Taking part in Politics and Elections, Can an employee allow a dependent family member to take part in political activities?, employee conduct, workplace behaviour, workplace behavior, staff discipline, ethical conduct, service rules, employee obligations, Bar, Taking, part, Politics, Elections, allow, dependent, family, member, take, political, activities, not, any, them, indulge, activity, including, forming, association, party, act, manner, which, they, themselves, permitted, rule, Bar Taking, Taking part, part Politics, Politics Elections, Elections allow, allow dependent, dependent family, family member, member take, take part, part political, political activities, activities not, not allow, allow any, any member, member family, family dependent, dependent them, them indulge, indulge any, any political, political activity, activity including, including forming, forming political, political association, association party, party member, member act, act manner, manner which, which they, they themselves",2,
General Conduct,Do the political activity restrictions also apply to local elections?,"The provisions of this rule must, so far as may be, apply to elections to local authorities or bodies, save in respect of the employees required or permitted by or under any law or order of the Government, for the time being in force, to be candidates at such elections.","PIA Chapter 13, PIA discipline and general conduct, PIA employee policy, General Conduct, Bar on Taking part in Politics and Elections, Do the political activity restrictions also apply to local elections?, employee conduct, workplace behaviour, workplace behavior, staff discipline, ethical conduct, service rules, employee obligations, Bar, Taking, part, Politics, Elections, political, activity, restrictions, also, apply, local, provisions, rule, far, may, authorities, bodies, save, respect, required, permitted, any, law, order, Government, time, force, candidates, such, Bar Taking, Taking part, part Politics, Politics Elections, Elections political, political activity, activity restrictions, restrictions also, also apply, apply local, local elections, elections provisions, provisions rule, rule far, far may, may apply, apply elections, elections local, local authorities, authorities bodies, bodies save, save respect, respect required, required permitted, permitted any, any law, law order, order Government, Government time, time force, force candidates, candidates such, such elections",2,
General Conduct,Can an employee allow a dependent person to support activities against the lawful government?,"Employees must not permit any person dependent on them for maintenance or under their care or control to take part in, or in any way assist any movement or activity which is, or tends directly or indirectly to be, subversive of the Government established by law in Pakistan.","PIA Chapter 13, PIA discipline and general conduct, PIA employee policy, General Conduct, Bar on Taking part in Politics and Elections, Can an employee allow a dependent person to support activities against the lawful government?, employee conduct, workplace behaviour, workplace behavior, staff discipline, ethical conduct, service rules, employee obligations, Bar, Taking, part, Politics, Elections, allow, dependent, person, support, activities, against, lawful, government, not, permit, any, them, maintenance, care, control, take, way, assist, movement, activity, which, tends, directly, indirectly, subversive, established, law, Pakistan, Bar Taking, Taking part, part Politics, Politics Elections, Elections allow, allow dependent, dependent person, person support, support activities, activities against, against lawful, lawful government, government not, not permit, permit any, any person, person dependent, dependent them, them maintenance, maintenance care, care control, control take, take part, part any, any way, way assist, assist any, any movement, movement activity",2,
General Conduct,Can an employee campaign in an election for a PIA directorship?,Employees must not canvass or otherwise interfere or use their influence in connection with or take part in any election for Directorship of the Company except for the simple exercise for the right to vote if so qualified but in a manner as not to give any indication as to in whose favor they proposes to vote or has voted.,"PIA Chapter 13, PIA discipline and general conduct, PIA employee policy, General Conduct, Bar on Taking part in Politics and Elections, Can an employee campaign in an election for a PIA directorship?, employee conduct, workplace behaviour, workplace behavior, staff discipline, ethical conduct, service rules, employee obligations, Bar, Taking, part, Politics, Elections, campaign, election, directorship, not, canvass, otherwise, interfere, use, influence, connection, take, any, except, simple, exercise, right, vote, qualified, but, manner, give, indication, whose, favor, they, proposes, has, voted, Bar Taking, Taking part, part Politics, Politics Elections, Elections campaign, campaign election, election directorship, directorship not, not canvass, canvass otherwise, otherwise interfere, interfere use, use influence, influence connection, connection take, take part, part any, any election, Directorship except, except simple, simple exercise, exercise right, right vote, vote qualified, qualified but, but manner, manner not, not give, give any",2,
General Conduct,Is publicly announcing yourself as an election candidate treated as taking part in the election?,"An employee who issues an address to electors or in any other manner publicly announces himself or allows himself to be publicly announced as a candidate or prospective candidate for election to a legislative body, whether in Pakistan or elsewhere, will be deemed for the purpose of this rule to take part In election to such body.","PIA Chapter 13, PIA discipline and general conduct, PIA employee policy, General Conduct, Bar on Taking part in Politics and Elections, Is publicly announcing yourself as an election candidate treated as taking part in the election?, employee conduct, workplace behaviour, workplace behavior, staff discipline, ethical conduct, service rules, employee obligations, Bar, Taking, part, Politics, Elections, publicly, announcing, yourself, election, candidate, treated, who, issues, address, electors, any, other, manner, announces, himself, allows, announced, prospective, legislative, body, whether, Pakistan, elsewhere, deemed, purpose, rule, take, such, Bar Taking, Taking part, part Politics, Politics Elections, Elections publicly, publicly announcing, announcing yourself, yourself election, election candidate, candidate treated, treated taking, part election, election who, who issues, issues address, address electors, electors any, any other, other manner, manner publicly, publicly announces, announces himself, himself allows, allows himself, himself publicly, publicly announced, announced candidate, candidate prospective, prospective candidate",2,
General Conduct,"Are nepotism, favoritism and victimization allowed at PIA?","Employees must not indulge, directly or indirectly, in Provincialism, parochialism, tribalism, nepotism, and favoritism, willful abuse of office or victimization.","PIA Chapter 13, PIA discipline and general conduct, PIA employee policy, General Conduct, Bar on Nepotism, Favoritism, Provincialism and Victimization, Are nepotism, favoritism and victimization allowed at PIA?, employee conduct, workplace behaviour, workplace behavior, staff discipline, ethical conduct, service rules, employee obligations, Bar, Nepotism, Favoritism, Provincialism, Victimization, allowed, not, indulge, directly, indirectly, parochialism, tribalism, willful, abuse, office, Bar Nepotism, Nepotism Favoritism, Favoritism Provincialism, Provincialism Victimization, Victimization nepotism, favoritism victimization, victimization allowed, allowed not, not indulge, indulge directly, directly indirectly, indirectly Provincialism, Provincialism parochialism, parochialism tribalism, tribalism nepotism, favoritism willful, willful abuse, abuse office, office victimization, Bar Nepotism Favoritism, Nepotism Favoritism Provincialism, Favoritism Provincialism Victimization, Provincialism Victimization nepotism, Victimization nepotism favoritism, nepotism favoritism victimization, favoritism victimization allowed, victimization allowed not, allowed not indulge, not indulge directly, indulge directly indirectly, directly indirectly Provincialism, indirectly Provincialism parochialism, Provincialism parochialism tribalism, parochialism tribalism nepotism, tribalism nepotism favoritism, nepotism favoritism willful, favoritism willful abuse, willful abuse office, abuse office victimization",3,
General Conduct,Can an employee promote sectarian views that disturb peace or workplace harmony?,Employees must not propagate such sectarian creeds or take part in such sectarian partiality and favoritism as are likely to affect adversely the sectarian peace inside or outside the Company or their integrity in the discharge of their duties or to embarrass any Government local administration or the Company or create feelings of discontent or displeasure amongst other employees or the public.,"PIA Chapter 13, PIA discipline and general conduct, PIA employee policy, General Conduct, Bar on Propagation of Sectarian Creeds, Can an employee promote sectarian views that disturb peace or workplace harmony?, employee conduct, workplace behaviour, workplace behavior, staff discipline, ethical conduct, service rules, employee obligations, Bar, Propagation, Sectarian, Creeds, promote, views, disturb, peace, workplace, harmony, not, propagate, such, take, part, partiality, favoritism, likely, affect, adversely, inside, outside, integrity, discharge, duties, embarrass, any, Government, local, administration, create, feelings, discontent, displeasure, amongst, other, public, Bar Propagation, Propagation Sectarian, Sectarian Creeds, Creeds promote, promote sectarian, sectarian views, views disturb, disturb peace, peace workplace, workplace harmony, harmony not, not propagate, propagate such, such sectarian, creeds take, take part, part such, sectarian partiality, partiality favoritism, favoritism likely, likely affect, affect adversely, adversely sectarian, sectarian peace, peace inside",3,
General Conduct,Can an employee organization use “PIA” as part of its name?,"Employee bodies, societies, associations and organizations must not use the name “PIA” as part of their name.","PIA Chapter 13, PIA discipline and general conduct, PIA employee policy, General Conduct, Bar on the use of the name “PIA”, Can an employee organization use “PIA” as part of its name?, employee conduct, workplace behaviour, workplace behavior, staff discipline, ethical conduct, service rules, employee obligations, Bar, use, name, organization, part, bodies, societies, associations, organizations, not, Bar use, use name, name organization, organization use, use part, part name, name bodies, bodies societies, societies associations, associations organizations, organizations not, not use, name part, Bar use name, use name organization, name organization use, organization use part, use part name, part name bodies, name bodies societies, bodies societies associations, societies associations organizations, associations organizations not, organizations not use, not use name, use name part, name part name",3,
General Conduct,Can an employee communicate as if they represent PIA outside their official duties?,"Employees must not, except in the performance of their official duties or functions, communicate in any manner to any person, authority or organization so as to create an impression that they was acting on behalf of the Company.","PIA Chapter 13, PIA discipline and general conduct, PIA employee policy, General Conduct, Bar on the use of the name “PIA”, Can an employee communicate as if they represent PIA outside their official duties?, employee conduct, workplace behaviour, workplace behavior, staff discipline, ethical conduct, service rules, employee obligations, Bar, use, name, communicate, they, represent, outside, official, duties, not, except, performance, functions, any, manner, person, authority, organization, create, impression, acting, behalf, Bar use, use name, name communicate, communicate they, they represent, represent outside, outside official, official duties, duties not, not except, except performance, performance official, duties functions, functions communicate, communicate any, any manner, manner any, any person, person authority, authority organization, organization create, create impression, impression they, they acting, acting behalf, Bar use name, use name communicate, name communicate they, communicate they represent, they represent outside, represent outside official, outside official duties, official duties not, duties not except, not except performance, except performance official, performance official duties, official duties functions, duties functions communicate, functions communicate any",3,
General Conduct,"Can an employee use political influence for promotion, posting or other employment matters?","Employees must not bring, directly or indirectly, political or other inside or outside influence or pressure to bear on the Company or any employee of the Company is support of any claim arising in connection with their employment or any terms or condition of their employment, or employment or any term or condition of employment of the other employees of the Company including any claim for promotion, posting or transfer, as the case may be, nor must any employee approach, directly or indirectly, any Member of the Board, the National Assembly or Provincial Assembly or any Public Functionary or official.","PIA Chapter 13, PIA discipline and general conduct, PIA employee policy, General Conduct, Bar on use of Political or other influence or Pressure, Can an employee use political influence for promotion, posting or other employment matters?, employee conduct, workplace behaviour, workplace behavior, staff discipline, ethical conduct, service rules, employee obligations, Bar, use, Political, other, influence, Pressure, promotion, posting, employment, matters, not, bring, directly, indirectly, inside, outside, bear, any, support, claim, arising, connection, terms, condition, term, including, transfer, case, may, nor, approach, Member, Board, National, Assembly, Provincial, Public, Functionary, official, Bar use, use Political, Political other, other influence, influence Pressure, Pressure use, political influence, influence promotion, promotion posting, posting other, other employment, employment matters, matters not, not bring, bring directly, directly indirectly, indirectly political, other inside, inside outside, outside influence, pressure bear, bear any, any support",3,Cir. No. 02/2019
General Conduct,Does a professional or technical institution have to be legally registered?,"The institution is registered under the applicable Law, if any.","PIA Chapter 13, PIA discipline and general conduct, PIA employee policy, General Conduct, Membership of Professional and Technical Institutions, Does a professional or technical institution have to be legally registered?, employee conduct, workplace behaviour, workplace behavior, staff discipline, ethical conduct, service rules, employee obligations, Membership, Professional, Technical, Institutions, institution, have, legally, registered, applicable, Law, any, Membership Professional, Professional Technical, Technical Institutions, Institutions professional, technical institution, institution have, have legally, legally registered, registered institution, institution registered, registered applicable, applicable Law, Law any, Membership Professional Technical, Professional Technical Institutions, Technical Institutions professional, Institutions professional technical, professional technical institution, technical institution have, institution have legally, have legally registered, legally registered institution, registered institution registered, institution registered applicable, registered applicable Law, applicable Law any",3,
General Conduct,Can the institution be connected with a political party or political activity?,The institution must not be in any way connected with any political party or organization or engage in any political activity.,"PIA Chapter 13, PIA discipline and general conduct, PIA employee policy, General Conduct, Membership of Professional and Technical Institutions, Can the institution be connected with a political party or political activity?, employee conduct, workplace behaviour, workplace behavior, staff discipline, ethical conduct, service rules, employee obligations, Membership, Professional, Technical, Institutions, institution, connected, political, party, activity, not, any, way, organization, engage, Membership Professional, Professional Technical, Technical Institutions, Institutions institution, institution connected, connected political, political party, party political, political activity, activity institution, institution not, not any, any way, way connected, connected any, any political, party organization, organization engage, engage any, Membership Professional Technical, Professional Technical Institutions, Technical Institutions institution, Institutions institution connected, institution connected political, connected political party, political party political, party political activity, political activity institution, activity institution not, institution not any, not any way, any way connected, way connected any, connected any political, any political party, political party organization, party organization engage, organization engage any, engage any political, any political activity",3,
General Conduct,Who can approve an employee’s membership in a professional or technical institution?,The Competent Authority may permit the employees membership of recognized institutions for advancement of professional or technical skills;,"PIA Chapter 13, PIA discipline and general conduct, PIA employee policy, General Conduct, Membership of Professional and Technical Institutions, Who can approve an employee’s membership in a professional or technical institution?, employee conduct, workplace behaviour, workplace behavior, staff discipline, ethical conduct, service rules, employee obligations, Membership, Professional, Technical, Institutions, Who, approve, institution, Competent, Authority, may, permit, recognized, advancement, skills, Membership Professional, Professional Technical, Technical Institutions, Institutions Who, Who approve, approve membership, technical institution, institution Competent, Competent Authority, Authority may, may permit, permit membership, membership recognized, recognized institutions, institutions advancement, advancement professional, technical skills, Membership Professional Technical, Professional Technical Institutions, Technical Institutions Who, Institutions Who approve, Who approve membership, approve membership professional, professional technical institution, technical institution Competent, institution Competent Authority, Competent Authority may, Authority may permit, may permit membership, permit membership recognized, membership recognized institutions, recognized institutions advancement, institutions advancement professional, advancement professional technical, professional technical skills",3,
General Conduct,Can the institution take part in collective bargaining or represent employees in employment matters?,"The institution must not undertake collective bargaining with the Company on matters connected with employment or non-employment, the terms of employment or conditions of work, or represent all or any of the employees in any proceedings.","PIA Chapter 13, PIA discipline and general conduct, PIA employee policy, General Conduct, Membership of Professional and Technical Institutions, Can the institution take part in collective bargaining or represent employees in employment matters?, employee conduct, workplace behaviour, workplace behavior, staff discipline, ethical conduct, service rules, employee obligations, Membership, Professional, Technical, Institutions, institution, take, part, collective, bargaining, represent, employment, matters, not, undertake, connected, non-employment, terms, conditions, work, all, any, proceedings, Membership Professional, Professional Technical, Technical Institutions, Institutions institution, institution take, take part, part collective, collective bargaining, bargaining represent, represent employment, employment matters, matters institution, institution not, not undertake, undertake collective, bargaining matters, matters connected, connected employment, employment non-employment, non-employment terms, terms employment, employment conditions, conditions work, work represent, represent all, all any, any any, any proceedings, Membership Professional Technical, Professional Technical Institutions, Technical Institutions institution, Institutions institution take, institution take part, take part collective, part collective bargaining, collective bargaining represent, bargaining represent employment, represent employment matters, employment matters institution, matters institution not",3,
General Conduct,Are joint representations by employees allowed?,Joint representations are prohibited and must not be entertained by the Company. They will be deemed to be contrary to service discipline.,"PIA Chapter 13, PIA discipline and general conduct, PIA employee policy, General Conduct, Bar on direct representation, Are joint representations by employees allowed?, employee conduct, workplace behaviour, workplace behavior, staff discipline, ethical conduct, service rules, employee obligations, Bar, direct, representation, joint, representations, allowed, prohibited, not, entertained, They, deemed, contrary, service, discipline, Bar direct, direct representation, representation joint, joint representations, representations allowed, allowed Joint, representations prohibited, prohibited not, not entertained, entertained They, They deemed, deemed contrary, contrary service, service discipline, Bar direct representation, direct representation joint, representation joint representations, joint representations allowed, representations allowed Joint, allowed Joint representations, Joint representations prohibited, representations prohibited not, prohibited not entertained, not entertained They, entertained They deemed, They deemed contrary, deemed contrary service, contrary service discipline",4,
General Conduct,How should an employee submit a personal representation to the Chairman or CEO?,"Employees must not make any personal representation direct to the Federal Government, the Board, the Chairman / CEO. Such representations should be addressed to the Chairman / CEO, as the case may be, through immediate superior officer, if any, of the employee.","PIA Chapter 13, PIA discipline and general conduct, PIA employee policy, General Conduct, Bar on direct representation, How should an employee submit a personal representation to the Chairman or CEO?, employee conduct, workplace behaviour, workplace behavior, staff discipline, ethical conduct, service rules, employee obligations, Bar, direct, representation, submit, personal, Chairman, CEO, not, make, any, Federal, Government, Board, Such, representations, addressed, case, may, through, immediate, superior, officer, Bar direct, direct representation, representation submit, submit personal, personal representation, representation Chairman, Chairman CEO, CEO not, not make, make any, any personal, representation direct, direct Federal, Federal Government, Government Board, Board Chairman, CEO Such, Such representations, representations addressed, addressed Chairman, CEO case, case may, may through, through immediate, immediate superior, superior officer, officer any, Bar direct representation, direct representation submit, representation submit personal, submit personal representation, personal representation Chairman, representation Chairman CEO, Chairman CEO not, CEO not make, not make any, make any personal, any personal representation, personal representation direct, representation direct Federal",4,
General Conduct,What happens if an employee causes financial loss or loss of revenue to PIA?,"Any employee who causes or attempts to cause any loss, or loss of revenue, to the Company may face reimburse the loss caused by him and will also be liable to disciplinary action","PIA Chapter 13, PIA discipline and general conduct, PIA employee policy, General Conduct, Causing loss, or loss of revenue, to the Company, What happens if an employee causes financial loss or loss of revenue to PIA?, employee conduct, workplace behaviour, workplace behavior, staff discipline, ethical conduct, service rules, employee obligations, Causing, loss, revenue, happens, causes, financial, Any, who, attempts, cause, may, face, reimburse, caused, him, also, liable, disciplinary, action, Causing loss, loss loss, loss revenue, revenue happens, happens causes, causes financial, financial loss, revenue Any, Any who, who causes, causes attempts, attempts cause, cause any, any loss, revenue may, may face, face reimburse, reimburse loss, loss caused, caused him, him also, also liable, liable disciplinary, disciplinary action, Causing loss loss, loss loss revenue, loss revenue happens, revenue happens causes, happens causes financial, causes financial loss, financial loss loss, loss revenue Any, revenue Any who, Any who causes, who causes attempts, causes attempts cause, attempts cause any, cause any loss, any loss loss, loss revenue may, revenue may face, may face reimburse, face reimburse loss",4,
General Conduct,Can an employee leave the station overnight without permission?,"Chiefs and employees directly reporting to CEO, must obtain prior approval of the CEO.","PIA Chapter 13, PIA discipline and general conduct, PIA employee policy, General Conduct, Employees not to leave Station, Can an employee leave the station overnight without permission?, employee conduct, workplace behaviour, workplace behavior, staff discipline, ethical conduct, service rules, employee obligations, not, leave, Station, overnight, without, permission, Chiefs, directly, reporting, CEO, obtain, prior, approval, not leave, leave Station, Station leave, station overnight, overnight without, without permission, permission Chiefs, Chiefs directly, directly reporting, reporting CEO, CEO obtain, obtain prior, prior approval, approval CEO, not leave Station, leave Station leave, Station leave station, leave station overnight, station overnight without, overnight without permission, without permission Chiefs, permission Chiefs directly, Chiefs directly reporting, directly reporting CEO, reporting CEO obtain, CEO obtain prior, obtain prior approval, prior approval CEO, Chief Executive Officer, CEO Chief Executive Officer",4,Cir.No.04/2018
General Conduct,"Can employees absent themselves from duties, nor leave their station overnight without prior permission of the?","Employees must not absent themselves from duties, nor leave their station overnight without prior permission of the Competent Authority.","PIA Chapter 13, PIA discipline and general conduct, PIA employee policy, General Conduct, Employees not to leave Station, Can employees absent themselves from duties, nor leave their station overnight without prior permission of the?, employee conduct, workplace behaviour, workplace behavior, staff discipline, ethical conduct, service rules, employee obligations, not, leave, Station, absent, themselves, duties, nor, overnight, without, prior, permission, Competent, Authority, not leave, leave Station, Station absent, absent themselves, themselves duties, duties nor, nor leave, station overnight, overnight without, without prior, prior permission, permission not, not absent, permission Competent, Competent Authority, not leave Station, leave Station absent, Station absent themselves, absent themselves duties, themselves duties nor, duties nor leave, nor leave station, leave station overnight, station overnight without, overnight without prior, without prior permission, prior permission not, permission not absent, not absent themselves, prior permission Competent, permission Competent Authority",4,Cir.No.04/2018
General Conduct,What must the General Managers & equivalents do regarding employees not to leave Station?,General Managers & equivalents must obtain prior permission from respective Chief for leaving station during weekly-off / holidays / leave etc.,"PIA Chapter 13, PIA discipline and general conduct, PIA employee policy, General Conduct, Employees not to leave Station, What must the General Managers & equivalents do regarding employees not to leave Station?, employee conduct, workplace behaviour, workplace behavior, staff discipline, ethical conduct, service rules, employee obligations, not, leave, Station, General, Managers, equivalents, obtain, prior, permission, respective, Chief, leaving, during, weekly-off, holidays, etc, not leave, leave Station, Station General, General Managers, Managers equivalents, equivalents not, equivalents obtain, obtain prior, prior permission, permission respective, respective Chief, Chief leaving, leaving station, station during, during weekly-off, weekly-off holidays, holidays leave, leave etc, not leave Station, leave Station General, Station General Managers, General Managers equivalents, Managers equivalents not, equivalents not leave, Managers equivalents obtain, equivalents obtain prior, obtain prior permission, prior permission respective, permission respective Chief, respective Chief leaving, Chief leaving station, leaving station during, station during weekly-off, during weekly-off holidays, weekly-off holidays leave, holidays leave etc",4,Cir.No.04/2018
General Conduct,What must the Employees do regarding employees not to leave Station?,Employees must obtain station leave through ERP (in Station Leave tab) if required to leave the station of posting during weekly off / holidays.,"PIA Chapter 13, PIA discipline and general conduct, PIA employee policy, General Conduct, Employees not to leave Station, What must the Employees do regarding employees not to leave Station?, employee conduct, workplace behaviour, workplace behavior, staff discipline, ethical conduct, service rules, employee obligations, not, leave, Station, obtain, through, ERP, tab, required, posting, during, weekly, off, holidays, not leave, leave Station, Station not, Station obtain, obtain station, station leave, leave through, through ERP, ERP Station, Leave tab, tab required, required leave, station posting, posting during, during weekly, weekly off, off holidays, not leave Station, leave Station not, Station not leave, leave Station obtain, Station obtain station, obtain station leave, station leave through, leave through ERP, through ERP Station, ERP Station Leave, Station Leave tab, Leave tab required, tab required leave, required leave station, leave station posting, station posting during, posting during weekly, during weekly off, weekly off holidays, Enterprise Resource Planning, ERP Enterprise Resource Planning",4,Cir.No.04/2018
General Conduct,What must the Employees while applying for leave through ERP do regarding employees not to leave Station?,"Employees while applying for leave through ERP must clearly mention that if they are leaving station or not and also mention details such as the destination, address and contact number if required to leave the station of posting during the leave.","PIA Chapter 13, PIA discipline and general conduct, PIA employee policy, General Conduct, Employees not to leave Station, What must the Employees while applying for leave through ERP do regarding employees not to leave Station?, employee conduct, workplace behaviour, workplace behavior, staff discipline, ethical conduct, service rules, employee obligations, not, leave, Station, while, applying, through, ERP, clearly, mention, they, leaving, also, details, such, destination, address, contact, number, required, posting, during, not leave, leave Station, Station while, while applying, applying leave, leave through, through ERP, ERP not, ERP clearly, clearly mention, mention they, they leaving, leaving station, station not, not also, also mention, mention details, details such, such destination, destination address, address contact, contact number, number required, required leave, station posting, posting during, during leave, not leave Station, leave Station while, Station while applying, while applying leave, applying leave through, leave through ERP, through ERP not, ERP not leave, through ERP clearly, ERP clearly mention, clearly mention they, mention they leaving, they leaving station, leaving station not",4,Cir.No.04/2018
General Conduct,What happens if an employee misuses their official position to favour someone?,"Any employee, who uses or attempt to use his official position in order to bestow patronage upon or do favor to an employee or class of employee, trading firms or concerns, manufactures, agents business organization and similar other agencies in a manner that the interest of the Company or its employees is harmed and the deserving employees or concerns are deprived of the due, may face disciplinary action.","PIA Chapter 13, PIA discipline and general conduct, PIA employee policy, General Conduct, Misuse of official Position/Authority, What happens if an employee misuses their official position to favour someone?, employee conduct, workplace behaviour, workplace behavior, staff discipline, ethical conduct, service rules, employee obligations, Misuse, official, Position/Authority, happens, misuses, position, favour, someone, Any, who, uses, attempt, use, order, bestow, patronage, upon, favor, class, trading, firms, concerns, manufactures, agents, business, organization, similar, other, agencies, manner, interest, harmed, deserving, deprived, due, may, face, disciplinary, action, Misuse official, official Position/Authority, Position/Authority happens, happens misuses, misuses official, official position, position favour, favour someone, someone Any, Any who, who uses, uses attempt, attempt use, use official, position order, order bestow, bestow patronage, patronage upon, upon favor, favor class, class trading, trading firms, firms concerns",4,
General Conduct,Can an employee accept a gift from a subordinate?,Employees must not accept or permit any member of their family to accept any gift from a subordinate employee of the PIACL.,"PIA Chapter 13, PIA discipline and general conduct, PIA employee policy, General Conduct, Acceptance of Gifts and Presents, Can an employee accept a gift from a subordinate?, employee conduct, workplace behaviour, workplace behavior, staff discipline, ethical conduct, service rules, employee obligations, Acceptance, Gifts, Presents, accept, gift, subordinate, not, permit, any, member, family, Acceptance Gifts, Gifts Presents, Presents accept, accept gift, gift subordinate, subordinate not, not accept, accept permit, permit any, any member, member family, family accept, accept any, any gift, Acceptance Gifts Presents, Gifts Presents accept, Presents accept gift, accept gift subordinate, gift subordinate not, subordinate not accept, not accept permit, accept permit any, permit any member, any member family, member family accept, family accept any, accept any gift, any gift subordinate",5,CIR 42/2016
General Conduct,Can an employee or family member accept a gift connected with official work?,"S h o u l d any question arise as to whether or not the acceptance of a gift places an employee under any obligation to the donor, the decision of the Company in this respect will be final.","PIA Chapter 13, PIA discipline and general conduct, PIA employee policy, General Conduct, Acceptance of Gifts and Presents, Can an employee or family member accept a gift connected with official work?, employee conduct, workplace behaviour, workplace behavior, staff discipline, ethical conduct, service rules, employee obligations, Acceptance, Gifts, Presents, family, member, accept, gift, connected, official, work, any, question, arise, whether, not, places, obligation, donor, decision, respect, final, Acceptance Gifts, Gifts Presents, Presents family, family member, member accept, accept gift, gift connected, connected official, official work, work any, any question, question arise, arise whether, whether not, not acceptance, acceptance gift, gift places, places any, any obligation, obligation donor, donor decision, decision respect, respect final, Acceptance Gifts Presents, Gifts Presents family, Presents family member, family member accept, member accept gift, accept gift connected, gift connected official, connected official work, official work any, work any question, any question arise, question arise whether, arise whether not, whether not acceptance, not acceptance gift, acceptance gift places, gift places any, places any obligation",5,CIR 42/2016
General Conduct,Who must report a gift received by an employee?,"The responsibility for reporting the receipt of a gift must devolve on the individual recipient. All gifts received by an employee, irrespective of their prices, must be reported to the CSR Committee.","PIA Chapter 13, PIA discipline and general conduct, PIA employee policy, General Conduct, Acceptance of Gifts and Presents, Who must report a gift received by an employee?, employee conduct, workplace behaviour, workplace behavior, staff discipline, ethical conduct, service rules, employee obligations, Acceptance, Gifts, Presents, Who, report, gift, received, responsibility, reporting, receipt, devolve, individual, recipient, All, irrespective, prices, reported, CSR, Committee, Acceptance Gifts, Gifts Presents, Presents Who, Who report, report gift, gift received, received responsibility, responsibility reporting, reporting receipt, receipt gift, gift devolve, devolve individual, individual recipient, recipient All, All gifts, gifts received, received irrespective, irrespective prices, prices reported, reported CSR, CSR Committee, Acceptance Gifts Presents, Gifts Presents Who, Presents Who report, Who report gift, report gift received, gift received responsibility, received responsibility reporting, responsibility reporting receipt, reporting receipt gift, receipt gift devolve, gift devolve individual, devolve individual recipient, individual recipient All, recipient All gifts, All gifts received, gifts received irrespective, received irrespective prices, irrespective prices reported, prices reported CSR, reported CSR Committee, Corporate Social Responsibility, CSR Corporate Social Responsibility",5,CIR 42/2016
General Conduct,Can employees accept cash awards from visiting foreign dignitaries?,"Any employee except Pay Group-I / II are prohibited from accepting cash awards offered by the visiting foreign dignitaries. In case, however, it becomes impossible to refuse without causing offence to the visiting dignitary, the amount may be accepted and immediately deposited in the Finance under proper head of account.","PIA Chapter 13, PIA discipline and general conduct, PIA employee policy, General Conduct, Acceptance of Gifts and Presents, Can employees accept cash awards from visiting foreign dignitaries?, employee conduct, workplace behaviour, workplace behavior, staff discipline, ethical conduct, service rules, employee obligations, Acceptance, Gifts, Presents, accept, cash, awards, visiting, foreign, dignitaries, Any, except, Pay, Group-I, prohibited, accepting, offered, case, however, becomes, impossible, refuse, without, causing, offence, dignitary, amount, may, accepted, immediately, deposited, Finance, proper, head, account, Acceptance Gifts, Gifts Presents, Presents accept, accept cash, cash awards, awards visiting, visiting foreign, foreign dignitaries, dignitaries Any, Any except, except Pay, Pay Group-I, Group-I prohibited, prohibited accepting, accepting cash, awards offered, offered visiting, dignitaries case, case however, however becomes, becomes impossible, impossible refuse, refuse without, without causing, causing offence, offence visiting, visiting dignitary, dignitary amount",5,CIR 42/2016
General Conduct,What should an employee do if a foreign dignitary or PIA stakeholder offers a gift?,"In case any gift is offered to an employee by the dignitary of a foreign state / airline or by any stake-holder of the PIACL, the employee must politely attempt to avoid acceptance without giving offence to the donor. However, if he cannot do so, he may accept the gift and subsequently deposit the same with the PIACL against receipt.","PIA Chapter 13, PIA discipline and general conduct, PIA employee policy, General Conduct, Acceptance of Gifts and Presents, What should an employee do if a foreign dignitary or PIA stakeholder offers a gift?, employee conduct, workplace behaviour, workplace behavior, staff discipline, ethical conduct, service rules, employee obligations, Acceptance, Gifts, Presents, foreign, dignitary, stakeholder, offers, gift, case, any, offered, state, airline, stake-holder, politely, attempt, avoid, without, giving, offence, donor, However, cannot, may, accept, subsequently, deposit, same, against, receipt, Acceptance Gifts, Gifts Presents, Presents foreign, foreign dignitary, dignitary stakeholder, stakeholder offers, offers gift, gift case, case any, any gift, gift offered, offered dignitary, dignitary foreign, foreign state, state airline, airline any, any stake-holder, stake-holder politely, politely attempt, attempt avoid, avoid acceptance, acceptance without, without giving, giving offence, offence donor, donor However, However cannot, cannot may, may accept, accept gift, gift subsequently, subsequently deposit",5,CIR 42/2016
General Conduct,"Can employees except with the previous sanction of the PIACL, accept or permit any member of their family to accept any?","Employees must not except with the previous sanction of the PIACL, accept or permit any member of their family to accept any gift from any person, the receipt of which will place them under any form of official obligations to the donor. This provision must also apply in the case of gifts offered by persons, agents, suppliers or manufacturers likely to have business dealing with the PIACL and candidates for employment in the PIACL.","PIA Chapter 13, PIA discipline and general conduct, PIA employee policy, General Conduct, Acceptance of Gifts and Presents, Can employees except with the previous sanction of the PIACL, accept or permit any member of their family to accept any?, employee conduct, workplace behaviour, workplace behavior, staff discipline, ethical conduct, service rules, employee obligations, Acceptance, Gifts, Presents, except, previous, sanction, accept, permit, any, member, family, not, gift, person, receipt, which, place, them, form, official, obligations, donor, provision, also, apply, case, offered, persons, agents, suppliers, manufacturers, likely, have, business, dealing, candidates, employment, Acceptance Gifts, Gifts Presents, Presents except, except previous, previous sanction, sanction accept, accept permit, permit any, any member, member family, family accept, accept any, any not, not except, any gift, gift any, any person, person receipt, receipt which, which place, place them, them any, any form, form official, official obligations",5,CIR 42/2016
General Conduct,What is the PIA rule about classification of Gifts/Awards?,"Gifts of commercial value: A gift, which can be sold or exchanged in the open market for cash or kind.","PIA Chapter 13, PIA discipline and general conduct, PIA employee policy, General Conduct, Classification of Gifts/Awards, What is the PIA rule about classification of Gifts/Awards?, employee conduct, workplace behaviour, workplace behavior, staff discipline, ethical conduct, service rules, employee obligations, Classification, Gifts/Awards, rule, Gifts, commercial, value, gift, which, sold, exchanged, open, market, cash, kind, Classification Gifts/Awards, Gifts/Awards rule, rule classification, Gifts/Awards Gifts, Gifts commercial, commercial value, value gift, gift which, which sold, sold exchanged, exchanged open, open market, market cash, cash kind, Classification Gifts/Awards rule, Gifts/Awards rule classification, rule classification Gifts/Awards, classification Gifts/Awards Gifts, Gifts/Awards Gifts commercial, Gifts commercial value, commercial value gift, value gift which, gift which sold, which sold exchanged, sold exchanged open, exchanged open market, open market cash, market cash kind",5,A.O. 05/2007
General Conduct,What is required regarding classification of Gifts/Awards?,Gifts of non-commercial value: The giveaways of an Organization or institution or agency with Inscribed name of insignia or which have otherwise no commercial value in the open market.,"PIA Chapter 13, PIA discipline and general conduct, PIA employee policy, General Conduct, Classification of Gifts/Awards, What is required regarding classification of Gifts/Awards?, employee conduct, workplace behaviour, workplace behavior, staff discipline, ethical conduct, service rules, employee obligations, Classification, Gifts/Awards, required, Gifts, non-commercial, value, giveaways, Organization, institution, agency, Inscribed, name, insignia, which, have, otherwise, commercial, open, market, Classification Gifts/Awards, Gifts/Awards required, required classification, Gifts/Awards Gifts, Gifts non-commercial, non-commercial value, value giveaways, giveaways Organization, Organization institution, institution agency, agency Inscribed, Inscribed name, name insignia, insignia which, which have, have otherwise, otherwise commercial, commercial value, value open, open market, Classification Gifts/Awards required, Gifts/Awards required classification, required classification Gifts/Awards, classification Gifts/Awards Gifts, Gifts/Awards Gifts non-commercial, Gifts non-commercial value, non-commercial value giveaways, value giveaways Organization, giveaways Organization institution, Organization institution agency, institution agency Inscribed, agency Inscribed name, Inscribed name insignia, name insignia which, insignia which have, which have otherwise, have otherwise commercial, otherwise commercial value, commercial value open, value open market",5,A.O. 05/2007
General Conduct,How are employee gifts processed and disposed of?,Gifts allowed to be retained by recipient will be processed in the Performa at Appendix ‘C’.,"PIA Chapter 13, PIA discipline and general conduct, PIA employee policy, General Conduct, Disposal of Gifts, How are employee gifts processed and disposed of?, employee conduct, workplace behaviour, workplace behavior, staff discipline, ethical conduct, service rules, employee obligations, Disposal, Gifts, processed, disposed, allowed, retained, recipient, Performa, Appendix, Disposal Gifts, Gifts gifts, gifts processed, processed disposed, disposed Gifts, Gifts allowed, allowed retained, retained recipient, recipient processed, processed Performa, Performa Appendix, Disposal Gifts gifts, Gifts gifts processed, gifts processed disposed, processed disposed Gifts, disposed Gifts allowed, Gifts allowed retained, allowed retained recipient, retained recipient processed, recipient processed Performa, processed Performa Appendix",6,A.O 42/2016
General Conduct,What must the All gifts excluding those mentioned at ( i ) above do regarding disposal of Gifts?,All gifts excluding those mentioned at ( i ) above will be disposed with CSR Committee against receipt on described Performa as per Appendix ‘C’.,"PIA Chapter 13, PIA discipline and general conduct, PIA employee policy, General Conduct, Disposal of Gifts, What must the All gifts excluding those mentioned at ( i ) above do regarding disposal of Gifts?, employee conduct, workplace behaviour, workplace behavior, staff discipline, ethical conduct, service rules, employee obligations, Disposal, Gifts, All, excluding, mentioned, above, disposed, CSR, Committee, against, receipt, described, Performa, per, Appendix, Disposal Gifts, Gifts All, All gifts, gifts excluding, excluding mentioned, mentioned above, above disposal, above disposed, disposed CSR, CSR Committee, Committee against, against receipt, receipt described, described Performa, Performa per, per Appendix, Disposal Gifts All, Gifts All gifts, All gifts excluding, gifts excluding mentioned, excluding mentioned above, mentioned above disposal, above disposal Gifts, mentioned above disposed, above disposed CSR, disposed CSR Committee, CSR Committee against, Committee against receipt, against receipt described, receipt described Performa, described Performa per, Performa per Appendix, Corporate Social Responsibility, CSR Corporate Social Responsibility",6,A.O 42/2016
General Conduct,Who decides whether a gift is kept by PIA or retained by the employee?,"The decision whether the gift may be kept by PIACL or allowed to be retained by the recipient will be taken by a Committee comprising of Chief HR Officer, Chairman CSR Committee and the Internal Auditor.","PIA Chapter 13, PIA discipline and general conduct, PIA employee policy, General Conduct, Disposal of Gifts, Who decides whether a gift is kept by PIA or retained by the employee?, employee conduct, workplace behaviour, workplace behavior, staff discipline, ethical conduct, service rules, employee obligations, Disposal, Gifts, Who, decides, whether, gift, kept, retained, decision, may, allowed, recipient, taken, Committee, comprising, Chief, Officer, Chairman, CSR, Internal, Auditor, Disposal Gifts, Gifts Who, Who decides, decides whether, whether gift, gift kept, kept retained, retained decision, decision whether, gift may, may kept, kept allowed, allowed retained, retained recipient, recipient taken, taken Committee, Committee comprising, comprising Chief, Chief Officer, Officer Chairman, Chairman CSR, CSR Committee, Committee Internal, Internal Auditor, Disposal Gifts Who, Gifts Who decides, Who decides whether, decides whether gift, whether gift kept, gift kept retained, kept retained decision, retained decision whether, decision whether gift, whether gift may, gift may kept, may kept allowed, kept allowed retained, allowed retained recipient, retained recipient taken, recipient taken Committee, taken Committee comprising",6,A.O 42/2016
General Conduct,Who can allow an employee to keep a gift that has no commercial value?,"The Chief concerned may allow the retention of the gifts of noncommercial value such as cigarette lighters, ash trays, pin holders or gifts on which name of the recipient is inscribed, as per Appendix ‘B’.","PIA Chapter 13, PIA discipline and general conduct, PIA employee policy, General Conduct, Disposal of Gifts, Who can allow an employee to keep a gift that has no commercial value?, employee conduct, workplace behaviour, workplace behavior, staff discipline, ethical conduct, service rules, employee obligations, Disposal, Gifts, Who, allow, keep, gift, has, commercial, value, Chief, concerned, may, retention, noncommercial, such, cigarette, lighters, ash, trays, pin, holders, which, name, recipient, inscribed, per, Appendix, Disposal Gifts, Gifts Who, Who allow, allow keep, keep gift, gift has, has commercial, commercial value, value Chief, Chief concerned, concerned may, may allow, allow retention, retention gifts, gifts noncommercial, noncommercial value, value such, such cigarette, cigarette lighters, lighters ash, ash trays, trays pin, pin holders, holders gifts, gifts which, which name, name recipient, recipient inscribed, inscribed per, per Appendix, Disposal Gifts Who, Gifts Who allow, Who allow keep, allow keep gift, keep gift has",6,A.O 42/2016
General Conduct,What is required regarding disposal of Gifts?,"Gifts of value exceeding Rs.5, 000/- (five thousand) on his paying 25% of so much of the value as exceeds Rs.1, 000/- but does not exceed Rs.5, 000/- and 15% of so much of the value as exceeds Rs.5, 000/-.","PIA Chapter 13, PIA discipline and general conduct, PIA employee policy, General Conduct, Disposal of Gifts, What is required regarding disposal of Gifts?, employee conduct, workplace behaviour, workplace behavior, staff discipline, ethical conduct, service rules, employee obligations, Disposal, Gifts, required, value, exceeding, 000, five, thousand, paying, 25%, much, exceeds, but, not, exceed, 15%, Disposal Gifts, Gifts required, required disposal, Gifts Gifts, Gifts value, value exceeding, exceeding 000, 000 five, five thousand, thousand paying, paying 25%, 25% much, much value, value exceeds, exceeds 000, 000 but, but not, not exceed, exceed 000, 000 15%, 15% much, Disposal Gifts required, Gifts required disposal, required disposal Gifts, disposal Gifts Gifts, Gifts Gifts value, Gifts value exceeding, value exceeding 000, exceeding 000 five, 000 five thousand, five thousand paying, thousand paying 25%, paying 25% much, 25% much value, much value exceeds, value exceeds 000, exceeds 000 but, 000 but not, but not exceed, not exceed 000, exceed 000 15%, 000 15% much, 15% much value",6,A.O 42/2016
General Conduct,Who assesses the value of gifts received by employees?,"Value of gifts will be accessed by CSR Committee as per laid down procedure. Wherever required, the Head of the C ommittee may get the value assessed through experts or reputable firms dealing in that particular commodity.","PIA Chapter 13, PIA discipline and general conduct, PIA employee policy, General Conduct, Disposal of Gifts, Who assesses the value of gifts received by employees?, employee conduct, workplace behaviour, workplace behavior, staff discipline, ethical conduct, service rules, employee obligations, Disposal, Gifts, Who, assesses, value, received, accessed, CSR, Committee, per, laid, down, procedure, Wherever, required, Head, ommittee, may, get, assessed, through, experts, reputable, firms, dealing, particular, commodity, Disposal Gifts, Gifts Who, Who assesses, assesses value, value gifts, gifts received, received Value, gifts accessed, accessed CSR, CSR Committee, Committee per, per laid, laid down, down procedure, procedure Wherever, Wherever required, required Head, Head ommittee, ommittee may, may get, get value, value assessed, assessed through, through experts, experts reputable, reputable firms, firms dealing, dealing particular, particular commodity, Disposal Gifts Who, Gifts Who assesses, Who assesses value, assesses value gifts, value gifts received, gifts received Value",6,A.O 42/2016
General Conduct,What happens to a gift that PIA keeps for display or later disposal?,"In case of a gift is to be retained in the PIACL for display or otherwise, it will be recorded in ledger under arrangements of CSR C ommittee for subsequent disposal. The proceeds in all such cases will be utilized in CSR activities.","PIA Chapter 13, PIA discipline and general conduct, PIA employee policy, General Conduct, Disposal of Gifts, What happens to a gift that PIA keeps for display or later disposal?, employee conduct, workplace behaviour, workplace behavior, staff discipline, ethical conduct, service rules, employee obligations, Disposal, Gifts, happens, gift, keeps, display, later, case, retained, otherwise, recorded, ledger, arrangements, CSR, ommittee, subsequent, proceeds, all, such, cases, utilized, activities, Disposal Gifts, Gifts happens, happens gift, gift keeps, keeps display, display later, later disposal, disposal case, case gift, gift retained, retained display, display otherwise, otherwise recorded, recorded ledger, ledger arrangements, arrangements CSR, CSR ommittee, ommittee subsequent, subsequent disposal, disposal proceeds, proceeds all, all such, such cases, cases utilized, utilized CSR, CSR activities, Disposal Gifts happens, Gifts happens gift, happens gift keeps, gift keeps display, keeps display later, display later disposal, later disposal case, disposal case gift, case gift retained, gift retained display, retained display otherwise, display otherwise recorded, otherwise recorded ledger, recorded ledger arrangements",6,A.O 42/2016
General Conduct,"What is the PIA rule about dissemination of Information on Print, Electronic and Social Media?","All employees are advised to refrain from this exercise of forwarding official correspondence to their private email addresses, which must henceforth be construed as a misconduct.","PIA Chapter 13, PIA discipline and general conduct, PIA employee policy, General Conduct, Dissemination of Information on Print, Electronic and Social Media, What is the PIA rule about dissemination of Information on Print, Electronic and Social Media?, employee conduct, workplace behaviour, workplace behavior, staff discipline, ethical conduct, service rules, employee obligations, Dissemination, Information, Print, Electronic, Social, Media, rule, All, advised, refrain, exercise, forwarding, official, correspondence, private, email, addresses, which, henceforth, construed, misconduct, Dissemination Information, Information Print, Print Electronic, Electronic Social, Social Media, Media rule, rule dissemination, Media All, All advised, advised refrain, refrain exercise, exercise forwarding, forwarding official, official correspondence, correspondence private, private email, email addresses, addresses which, which henceforth, henceforth construed, construed misconduct, Dissemination Information Print, Information Print Electronic, Print Electronic Social, Electronic Social Media, Social Media rule, Media rule dissemination, rule dissemination Information, Social Media All, Media All advised, All advised refrain, advised refrain exercise, refrain exercise forwarding, exercise forwarding official, forwarding official correspondence, official correspondence private, correspondence private email, private email addresses, email addresses which, addresses which henceforth, which henceforth construed",6,Cir No.56/2016; Cir No.04/2017; circulate; circulated; CIR 47/2018
General Conduct,"Can employees share PIA information with newspapers, TV or social media without approval?","Management had advised all employees to refrain from any such activity that could be categorized as dissemination of official information to outside media, without explicit permission of the Management.","PIA Chapter 13, PIA discipline and general conduct, PIA employee policy, General Conduct, Dissemination of Information on Print, Electronic and Social Media, Can employees share PIA information with newspapers, TV or social media without approval?, employee conduct, workplace behaviour, workplace behavior, staff discipline, ethical conduct, service rules, employee obligations, Dissemination, Information, Print, Electronic, Social, Media, share, newspapers, without, approval, Management, had, advised, all, refrain, any, such, activity, could, categorized, official, outside, explicit, permission, Dissemination Information, Information Print, Print Electronic, Electronic Social, Social Media, Media share, share information, information newspapers, newspapers social, media without, without approval, approval Management, Management had, had advised, advised all, all refrain, refrain any, any such, such activity, activity could, could categorized, categorized dissemination, dissemination official, official information, information outside, outside media, without explicit, explicit permission, permission Management, Dissemination Information Print, Information Print Electronic, Print Electronic Social, Electronic Social Media, Social Media share, Media share information, share information newspapers, information newspapers social, newspapers social media",6,Cir No.56/2016; Cir No.04/2017; circulate; circulated; CIR 47/2018
General Conduct,"What are the rules or steps for dissemination of Information on Print, Electronic and Social Media?",It is reiterated that strict adherence to these instructions on part of all employees is required to be ensured. Non-compliance of these instructions will be construed as an offence liable to disciplinary action in accordance with PIA Employees Service & Discipline Regulations.,"PIA Chapter 13, PIA discipline and general conduct, PIA employee policy, General Conduct, Dissemination of Information on Print, Electronic and Social Media, What are the rules or steps for dissemination of Information on Print, Electronic and Social Media?, employee conduct, workplace behaviour, workplace behavior, staff discipline, ethical conduct, service rules, employee obligations, Dissemination, Information, Print, Electronic, Social, Media, rules, steps, reiterated, strict, adherence, instructions, part, all, required, ensured, Non-compliance, construed, offence, liable, disciplinary, action, accordance, Service, Discipline, Regulations, Dissemination Information, Information Print, Print Electronic, Electronic Social, Social Media, Media rules, rules steps, steps dissemination, Media reiterated, reiterated strict, strict adherence, adherence instructions, instructions part, part all, all required, required ensured, ensured Non-compliance, Non-compliance instructions, instructions construed, construed offence, offence liable, liable disciplinary, disciplinary action, action accordance, accordance Service, Service Discipline, Discipline Regulations, Dissemination Information Print, Information Print Electronic, Print Electronic Social, Electronic Social Media, Social Media rules, Media rules steps, rules steps dissemination, steps dissemination Information, Social Media reiterated",6,Cir No.56/2016; Cir No.04/2017; circulate; circulated; CIR 47/2018
General Conduct,"What is required regarding dissemination of Information on Print, Electronic and Social Media?",Many instances of leakage of official documents from PIA to social / electronic / print media are being observed by the Management with great concern. Leakages of such documents not only undermine the organization’s functions / authorities but also prove to be detrimental to its image.,"PIA Chapter 13, PIA discipline and general conduct, PIA employee policy, General Conduct, Dissemination of Information on Print, Electronic and Social Media, What is required regarding dissemination of Information on Print, Electronic and Social Media?, employee conduct, workplace behaviour, workplace behavior, staff discipline, ethical conduct, service rules, employee obligations, Dissemination, Information, Print, Electronic, Social, Media, required, Many, instances, leakage, official, documents, observed, Management, great, concern, Leakages, such, not, only, undermine, organization, functions, authorities, but, also, prove, detrimental, image, Dissemination Information, Information Print, Print Electronic, Electronic Social, Social Media, Media required, required dissemination, Media Many, Many instances, instances leakage, leakage official, official documents, documents social, social electronic, electronic print, print media, media observed, observed Management, Management great, great concern, concern Leakages, Leakages such, such documents, documents not, not only, only undermine, undermine organization, organization functions, functions authorities, authorities but, but also, also prove, prove detrimental",6,Cir No.56/2016; Cir No.04/2017; circulate; circulated; CIR 47/2018
General Conduct,"What are the rules or steps for dissemination of Information on Print, Electronic and Social Media?","V. etc., circulated to promote or attempt to promote feelings of enmity or hatred between employees, classes of employees or different provinces, classes, sects, religious orders, or to compromise the integrity of the employee, the security of Pakistan or friendly relations with foreign states, or to offend public order, decency or morality.","PIA Chapter 13, PIA discipline and general conduct, PIA employee policy, General Conduct, Dissemination of Information on Print, Electronic and Social Media, What are the rules or steps for dissemination of Information on Print, Electronic and Social Media?, employee conduct, workplace behaviour, workplace behavior, staff discipline, ethical conduct, service rules, employee obligations, Dissemination, Information, Print, Electronic, Social, Media, rules, steps, etc, circulated, promote, attempt, feelings, enmity, hatred, between, classes, different, provinces, sects, religious, orders, compromise, integrity, security, Pakistan, friendly, relations, foreign, states, offend, public, order, decency, morality, Dissemination Information, Information Print, Print Electronic, Electronic Social, Social Media, Media rules, rules steps, steps dissemination, Media etc, etc circulated, circulated promote, promote attempt, attempt promote, promote feelings, feelings enmity, enmity hatred, hatred between, between classes, classes different, different provinces, provinces classes, classes sects, sects religious, religious orders, orders compromise, compromise integrity, integrity security",6,Cir No.56/2016; Cir No.04/2017; circulate; circulated; CIR 47/2018
General Conduct,"What must the AND SOCIAL MEDIA No employee do regarding dissemination of Information on Print, Electronic and Social Media?","AND SOCIAL MEDIA No employee must make any statement or address letters to the Press or deliver a speech on Radio/ TV etc. or contribute any article to any newspaper or journal concerning the affairs and operations of & the Company unless duly authorized in writing by the Competent cause to be published, printed or circulated or otherwise be in possession of any type of literature, or make any broadcast on Radio /","PIA Chapter 13, PIA discipline and general conduct, PIA employee policy, General Conduct, Dissemination of Information on Print, Electronic and Social Media, What must the AND SOCIAL MEDIA No employee do regarding dissemination of Information on Print, Electronic and Social Media?, employee conduct, workplace behaviour, workplace behavior, staff discipline, ethical conduct, service rules, employee obligations, Dissemination, Information, Print, Electronic, Social, Media, make, any, statement, address, letters, Press, deliver, speech, Radio/, etc, contribute, article, newspaper, journal, concerning, affairs, operations, unless, duly, authorized, writing, Competent, cause, published, printed, circulated, otherwise, possession, type, literature, broadcast, Radio, Dissemination Information, Information Print, Print Electronic, Electronic Social, Social Media, Media SOCIAL, MEDIA dissemination, MEDIA make, make any, any statement, statement address, address letters, letters Press, Press deliver, deliver speech, speech Radio/, Radio/ etc, etc contribute, contribute any, any article, article any, any newspaper, newspaper journal, journal concerning",6,Cir No.56/2016; Cir No.04/2017; circulate; circulated; CIR 47/2018
General Conduct,"What is required regarding dissemination of Information on Print, Electronic and Social Media?","An important source of this leakage of the media has been identified to be “auto-forwarding rule” applied in the system on official email accounts, by PIA officials. In this regard, Information & Communication Technology Department is being advised to secede all such email accounts immediately and henceforth, the said option of auto-forwarding official emails to private e-mail accounts is being completely disabled.","PIA Chapter 13, PIA discipline and general conduct, PIA employee policy, General Conduct, Dissemination of Information on Print, Electronic and Social Media, What is required regarding dissemination of Information on Print, Electronic and Social Media?, employee conduct, workplace behaviour, workplace behavior, staff discipline, ethical conduct, service rules, employee obligations, Dissemination, Information, Print, Electronic, Social, Media, required, important, source, leakage, has, identified, auto-forwarding, rule, applied, system, official, email, accounts, officials, regard, Communication, Technology, Department, advised, secede, all, such, immediately, henceforth, said, option, emails, private, e-mail, completely, disabled, Dissemination Information, Information Print, Print Electronic, Electronic Social, Social Media, Media required, required dissemination, Media important, important source, source leakage, leakage media, media has, has identified, identified auto-forwarding, auto-forwarding rule, rule applied, applied system, system official, official email, email accounts, accounts officials, officials regard, regard Information, Information Communication, Communication Technology",6,Cir No.56/2016; Cir No.04/2017; circulate; circulated; CIR 47/2018
General Conduct,Can an employee enter a restricted area without authorization?,No. An employee may enter a restricted PIA or airport area only when authorized by the competent authority.,"PIA Chapter 13, PIA discipline and general conduct, PIA employee policy, General Conduct, Entry to Restricted Areas, Can an employee enter a restricted area without authorization?, employee conduct, workplace behaviour, workplace behavior, staff discipline, ethical conduct, service rules, employee obligations, Entry, Restricted, Areas, enter, area, without, authorization, may, airport, only, when, authorized, competent, authority, Entry Restricted, Restricted Areas, Areas enter, enter restricted, restricted area, area without, without authorization, authorization may, may enter, restricted airport, airport area, area only, only when, when authorized, authorized competent, competent authority, Entry Restricted Areas, Restricted Areas enter, Areas enter restricted, enter restricted area, restricted area without, area without authorization, without authorization may, authorization may enter, may enter restricted, enter restricted airport, restricted airport area, airport area only, area only when, only when authorized, when authorized competent, authorized competent authority",6,
General Conduct,Can an employee or dependent family member live beyond their legitimate means?,No employee or his dependent family members must live beyond their legitimate means.,"PIA Chapter 13, PIA discipline and general conduct, PIA employee policy, General Conduct, Living beyond means, Can an employee or dependent family member live beyond their legitimate means?, employee conduct, workplace behaviour, workplace behavior, staff discipline, ethical conduct, service rules, employee obligations, Living, beyond, means, dependent, family, member, live, legitimate, members, Living beyond, beyond means, means dependent, dependent family, family member, member live, live beyond, beyond legitimate, legitimate means, family members, members live, beyond means dependent, means dependent family, dependent family member, family member live, member live beyond, live beyond legitimate, beyond legitimate means, legitimate means dependent, dependent family members, family members live, members live beyond",6,
General Conduct,Does an employee need permission before marrying a foreign national?,Employees must not marry or promise to marry a foreign national without prior permission in writing of the Competent Authority.,"PIA Chapter 13, PIA discipline and general conduct, PIA employee policy, General Conduct, Marriage with Foreign Nationals, Does an employee need permission before marrying a foreign national?, employee conduct, workplace behaviour, workplace behavior, staff discipline, ethical conduct, service rules, employee obligations, Marriage, Foreign, Nationals, need, permission, before, marrying, national, not, marry, promise, without, prior, writing, Competent, Authority, Marriage Foreign, Foreign Nationals, Nationals need, need permission, permission before, before marrying, marrying foreign, foreign national, national not, not marry, marry promise, promise marry, marry foreign, national without, without prior, prior permission, permission writing, writing Competent, Competent Authority, Marriage Foreign Nationals, Foreign Nationals need, Nationals need permission, need permission before, permission before marrying, before marrying foreign, marrying foreign national, foreign national not, national not marry, not marry promise, marry promise marry, promise marry foreign, marry foreign national, foreign national without, national without prior, without prior permission, prior permission writing, permission writing Competent, writing Competent Authority",6,
General Conduct,What is the PIA rule about media Interaction and Official PIA Spokesperson?,Spreading such disinformation that challenges the writ of the management’s administrative purgative.,"PIA Chapter 13, PIA discipline and general conduct, PIA employee policy, General Conduct, Media Interaction and Official PIA Spokesperson, What is the PIA rule about media Interaction and Official PIA Spokesperson?, employee conduct, workplace behaviour, workplace behavior, staff discipline, ethical conduct, service rules, employee obligations, Media, Interaction, Official, Spokesperson, rule, Spreading, such, disinformation, challenges, writ, management, administrative, purgative, Media Interaction, Interaction Official, Official Spokesperson, Spokesperson rule, rule media, Spokesperson Spreading, Spreading such, such disinformation, disinformation challenges, challenges writ, writ management, management administrative, administrative purgative, Media Interaction Official, Interaction Official Spokesperson, Official Spokesperson rule, Spokesperson rule media, rule media Interaction, Official Spokesperson Spreading, Spokesperson Spreading such, Spreading such disinformation, such disinformation challenges, disinformation challenges writ, challenges writ management, writ management administrative, management administrative purgative",7,Circular No. 09/2022; Circular No; circuit; Cir No. 26/2019; Circular
General Conduct,What is required regarding media Interaction and Official PIA Spokesperson?,Strict disciplinary action will be taken as per the rules of the company against all involved employees including the admin of the WhatsApp group.,"PIA Chapter 13, PIA discipline and general conduct, PIA employee policy, General Conduct, Media Interaction and Official PIA Spokesperson, What is required regarding media Interaction and Official PIA Spokesperson?, employee conduct, workplace behaviour, workplace behavior, staff discipline, ethical conduct, service rules, employee obligations, Media, Interaction, Official, Spokesperson, required, Strict, disciplinary, action, taken, per, rules, against, all, involved, including, admin, WhatsApp, group, Media Interaction, Interaction Official, Official Spokesperson, Spokesperson required, required media, Spokesperson Strict, Strict disciplinary, disciplinary action, action taken, taken per, per rules, rules against, against all, all involved, involved including, including admin, admin WhatsApp, WhatsApp group, Media Interaction Official, Interaction Official Spokesperson, Official Spokesperson required, Spokesperson required media, required media Interaction, Official Spokesperson Strict, Spokesperson Strict disciplinary, Strict disciplinary action, disciplinary action taken, action taken per, taken per rules, per rules against, rules against all, against all involved, all involved including, involved including admin, including admin WhatsApp, admin WhatsApp group",7,Circular No. 09/2022; Circular No; circuit; Cir No. 26/2019; Circular
General Conduct,What is required regarding media Interaction and Official PIA Spokesperson?,Indulgence in political activities or affiliations and bringing the bad name to the company by creating fragmentation simply in pursuit of political agenda.,"PIA Chapter 13, PIA discipline and general conduct, PIA employee policy, General Conduct, Media Interaction and Official PIA Spokesperson, What is required regarding media Interaction and Official PIA Spokesperson?, employee conduct, workplace behaviour, workplace behavior, staff discipline, ethical conduct, service rules, employee obligations, Media, Interaction, Official, Spokesperson, required, Indulgence, political, activities, affiliations, bringing, bad, name, creating, fragmentation, simply, pursuit, agenda, Media Interaction, Interaction Official, Official Spokesperson, Spokesperson required, required media, Spokesperson Indulgence, Indulgence political, political activities, activities affiliations, affiliations bringing, bringing bad, bad name, name creating, creating fragmentation, fragmentation simply, simply pursuit, pursuit political, political agenda, Media Interaction Official, Interaction Official Spokesperson, Official Spokesperson required, Spokesperson required media, required media Interaction, Official Spokesperson Indulgence, Spokesperson Indulgence political, Indulgence political activities, political activities affiliations, activities affiliations bringing, affiliations bringing bad, bringing bad name, bad name creating, name creating fragmentation, creating fragmentation simply, fragmentation simply pursuit, simply pursuit political, pursuit political agenda",7,Circular No. 09/2022; Circular No; circuit; Cir No. 26/2019; Circular
General Conduct,What is required regarding media Interaction and Official PIA Spokesperson?,"All employees are advised to ensure strict compliance, failure to which will be deemed as serious offence towards the interest of company and will be punishable as per policy governing Misconduct.","PIA Chapter 13, PIA discipline and general conduct, PIA employee policy, General Conduct, Media Interaction and Official PIA Spokesperson, What is required regarding media Interaction and Official PIA Spokesperson?, employee conduct, workplace behaviour, workplace behavior, staff discipline, ethical conduct, service rules, employee obligations, Media, Interaction, Official, Spokesperson, required, All, advised, ensure, strict, compliance, failure, which, deemed, serious, offence, towards, interest, punishable, per, policy, governing, Misconduct, Media Interaction, Interaction Official, Official Spokesperson, Spokesperson required, required media, Spokesperson All, All advised, advised ensure, ensure strict, strict compliance, compliance failure, failure which, which deemed, deemed serious, serious offence, offence towards, towards interest, interest punishable, punishable per, per policy, policy governing, governing Misconduct, Media Interaction Official, Interaction Official Spokesperson, Official Spokesperson required, Spokesperson required media, required media Interaction, Official Spokesperson All, Spokesperson All advised, All advised ensure, advised ensure strict, ensure strict compliance, strict compliance failure, compliance failure which, failure which deemed, which deemed serious, deemed serious offence, serious offence towards, offence towards interest, towards interest punishable",7,Circular No. 09/2022; Circular No; circuit; Cir No. 26/2019; Circular
General Conduct,What are the rules or steps for media Interaction and Official PIA Spokesperson?,"Only official PIA Spokesperson i.e. GM Corporate Communication and / or only the designated person authorized by the CEO PIACL will interact with tire media / news outlets for dissemination of any information pertaining to PIA and its operations. All employees are advised to refrain themselves from any interaction with & the media / news outlets / YouTube channels, even if approached directly and to divert them to GM Corporate Communication for even the smallest","PIA Chapter 13, PIA discipline and general conduct, PIA employee policy, General Conduct, Media Interaction and Official PIA Spokesperson, What are the rules or steps for media Interaction and Official PIA Spokesperson?, employee conduct, workplace behaviour, workplace behavior, staff discipline, ethical conduct, service rules, employee obligations, Media, Interaction, Official, Spokesperson, rules, steps, Only, Corporate, Communication, designated, person, authorized, CEO, interact, tire, news, outlets, dissemination, any, information, pertaining, operations, All, advised, refrain, themselves, YouTube, channels, even, approached, directly, divert, them, smallest, Media Interaction, Interaction Official, Official Spokesperson, Spokesperson rules, rules steps, steps media, Spokesperson Only, Only official, Spokesperson Corporate, Corporate Communication, Communication only, only designated, designated person, person authorized, authorized CEO, CEO interact, interact tire, tire media, media news, news outlets, outlets dissemination, dissemination any, any information, information pertaining, pertaining operations, operations All, All advised, advised refrain",7,Circular No. 09/2022; Circular No; circuit; Cir No. 26/2019; Circular
General Conduct,Can an employee’s family contact PIA about the employee’s job or working conditions?,"Employees must not permit any member of their family to make any representation to the Company regarding their employment, non- employment, the term of employment or the conditions of work. In case of such representation, it will be presumed that the employee had instigated it.","PIA Chapter 13, PIA discipline and general conduct, PIA employee policy, General Conduct, Representation by Employees Families, Can an employee’s family contact PIA about the employee’s job or working conditions?, employee conduct, workplace behaviour, workplace behavior, staff discipline, ethical conduct, service rules, employee obligations, Representation, Families, family, contact, job, working, conditions, not, permit, any, member, make, employment, non-, term, work, case, such, presumed, had, instigated, Representation Families, Families family, family contact, contact job, job working, working conditions, conditions not, not permit, permit any, any member, member family, family make, make any, any representation, representation employment, employment non-, non- employment, employment term, term employment, employment conditions, conditions work, work case, case such, such representation, representation presumed, presumed had, had instigated, Representation Families family, Families family contact, family contact job, contact job working, job working conditions, working conditions not, conditions not permit, not permit any, permit any member, any member family, member family make, family make any, make any representation, any representation employment",8,
General Conduct,What must employees do regarding lending and Borrowing?,"Employees must avoid habitual indebtedness. If an employee is adjudged or declared insolvent, they must forth with report their insolvency to the Company.","PIA Chapter 13, PIA discipline and general conduct, PIA employee policy, General Conduct, Restriction on Lending and Borrowing, What must employees do regarding lending and Borrowing?, employee conduct, workplace behaviour, workplace behavior, staff discipline, ethical conduct, service rules, employee obligations, Restriction, Lending, Borrowing, avoid, habitual, indebtedness, adjudged, declared, insolvent, they, forth, report, insolvency, Restriction Lending, Lending Borrowing, Borrowing lending, Borrowing avoid, avoid habitual, habitual indebtedness, indebtedness adjudged, adjudged declared, declared insolvent, insolvent they, they forth, forth report, report insolvency, Restriction Lending Borrowing, Lending Borrowing lending, Borrowing lending Borrowing, lending Borrowing avoid, Borrowing avoid habitual, avoid habitual indebtedness, habitual indebtedness adjudged, indebtedness adjudged declared, adjudged declared insolvent, declared insolvent they, insolvent they forth, they forth report, forth report insolvency",8,
General Conduct,Is there any exception to the rule about lending and Borrowing?,"The above provision must not apply to dealings in the ordinary course of business with insurance companies, banks or other financial institutions.","PIA Chapter 13, PIA discipline and general conduct, PIA employee policy, General Conduct, Restriction on Lending and Borrowing, Is there any exception to the rule about lending and Borrowing?, employee conduct, workplace behaviour, workplace behavior, staff discipline, ethical conduct, service rules, employee obligations, Restriction, Lending, Borrowing, there, any, exception, rule, above, provision, not, apply, dealings, ordinary, course, business, insurance, companies, banks, other, financial, institutions, Restriction Lending, Lending Borrowing, Borrowing there, there any, any exception, exception rule, rule lending, Borrowing above, above provision, provision not, not apply, apply dealings, dealings ordinary, ordinary course, course business, business insurance, insurance companies, companies banks, banks other, other financial, financial institutions, Restriction Lending Borrowing, Lending Borrowing there, Borrowing there any, there any exception, any exception rule, exception rule lending, rule lending Borrowing, lending Borrowing above, Borrowing above provision, above provision not, provision not apply, not apply dealings, apply dealings ordinary, dealings ordinary course, ordinary course business, course business insurance, business insurance companies, insurance companies banks, companies banks other, banks other financial",8,
General Conduct,"Can employees lend money to or borrow money from, or place themselves under any pecuniary obligation to any person with whom they has any official dealings?","Employees must not lend money to or borrow money from, or place themselves under any pecuniary obligation to any person with whom they has any official dealings;","PIA Chapter 13, PIA discipline and general conduct, PIA employee policy, General Conduct, Restriction on Lending and Borrowing, Can employees lend money to or borrow money from, or place themselves under any pecuniary obligation to any person with whom they has any official dealings?, employee conduct, workplace behaviour, workplace behavior, staff discipline, ethical conduct, service rules, employee obligations, Restriction, Lending, Borrowing, lend, money, borrow, place, themselves, any, pecuniary, obligation, person, whom, they, has, official, dealings, not, Restriction Lending, Lending Borrowing, Borrowing lend, lend money, money borrow, borrow money, money place, place themselves, themselves any, any pecuniary, pecuniary obligation, obligation any, any person, person whom, whom they, they has, has any, any official, official dealings, dealings not, not lend, Restriction Lending Borrowing, Lending Borrowing lend, Borrowing lend money, lend money borrow, money borrow money, borrow money place, money place themselves, place themselves any, themselves any pecuniary, any pecuniary obligation, pecuniary obligation any, obligation any person, any person whom, person whom they, whom they has, they has any, has any official, any official dealings, official dealings not, dealings not lend, not lend money",8,
General Conduct,"Is prior approval required for speculation in Stocks, Shares, Investments and Formation of Companies?","Accept or seek any outside employment or office, whether stipendiary or honorary, without the previous sanction of the Competent Authority.","PIA Chapter 13, PIA discipline and general conduct, PIA employee policy, General Conduct, Speculation in Stocks, Shares, Investments and Formation of Companies, Is prior approval required for speculation in Stocks, Shares, Investments and Formation of Companies?, employee conduct, workplace behaviour, workplace behavior, staff discipline, ethical conduct, service rules, employee obligations, Speculation, Stocks, Shares, Investments, Formation, Companies, prior, approval, required, Accept, seek, any, outside, employment, office, whether, stipendiary, honorary, without, previous, sanction, Competent, Authority, Speculation Stocks, Stocks Shares, Shares Investments, Investments Formation, Formation Companies, Companies prior, prior approval, approval required, required speculation, Companies Accept, Accept seek, seek any, any outside, outside employment, employment office, office whether, whether stipendiary, stipendiary honorary, honorary without, without previous, previous sanction, sanction Competent, Competent Authority, Speculation Stocks Shares, Stocks Shares Investments, Shares Investments Formation, Investments Formation Companies, Formation Companies prior, Companies prior approval, prior approval required, approval required speculation, required speculation Stocks, Formation Companies Accept, Companies Accept seek, Accept seek any, seek any outside, any outside employment, outside employment office, employment office whether",8,
General Conduct,"Can an employee alter, remove or destroy a service record?","Employees must not tamper with, interfere with, remove or destroy their own record of service or that of any other employee.","PIA Chapter 13, PIA discipline and general conduct, PIA employee policy, General Conduct, Tampering with Record of Service, Can an employee alter, remove or destroy a service record?, employee conduct, workplace behaviour, workplace behavior, staff discipline, ethical conduct, service rules, employee obligations, Tampering, Record, Service, alter, remove, destroy, not, tamper, interfere, own, any, other, Tampering Record, Record Service, Service alter, alter remove, remove destroy, destroy service, service record, record not, not tamper, tamper interfere, interfere remove, destroy own, own record, service any, any other, Tampering Record Service, Record Service alter, Service alter remove, alter remove destroy, remove destroy service, destroy service record, service record not, record not tamper, not tamper interfere, tamper interfere remove, interfere remove destroy, remove destroy own, destroy own record, own record service, record service any, service any other",8,
General Conduct,Whose assets may be made public?,The assets of all those who are paid from the PIACL exchequer will be made public.,"PIA Chapter 13, PIA discipline and general conduct, PIA employee policy, General Conduct, Assets to be made public, Whose assets may be made public?, employee conduct, workplace behaviour, workplace behavior, staff discipline, ethical conduct, service rules, employee obligations, Assets, made, public, Whose, may, all, who, paid, exchequer, Assets made, made public, public Whose, Whose assets, assets may, may made, public assets, assets all, all who, who paid, paid exchequer, exchequer made, Assets made public, made public Whose, public Whose assets, Whose assets may, assets may made, may made public, made public assets, public assets all, assets all who, all who paid, who paid exchequer, paid exchequer made, exchequer made public",9,CIR 42/2016; Dated: 19-07-2016
General Conduct,What property and assets must an officer declare when joining PIA?,"G i v e such further information as the P I A C L may, by general or special order, require.","PIA Chapter 13, PIA discipline and general conduct, PIA employee policy, General Conduct, Declaration of Property, What property and assets must an officer declare when joining PIA?, employee conduct, workplace behaviour, workplace behavior, staff discipline, ethical conduct, service rules, employee obligations, Declaration, Property, assets, officer, declare, when, joining, such, further, information, may, general, special, order, require, Declaration Property, Property property, property assets, assets officer, officer declare, declare when, when joining, joining such, such further, further information, information may, may general, general special, special order, order require, Declaration Property property, Property property assets, property assets officer, assets officer declare, officer declare when, declare when joining, when joining such, joining such further, such further information, further information may, information may general, may general special, general special order, special order require",9,CIR 42/2016
General Conduct,When must an officer submit the annual return of assets?,"Every officer must submit to the PIACL through usual channel, an annual channel, an annual return of assets in the month of December showing any increase or decrease of property as shown in the declaration under above rule or, as the case may be, the last annual return.","PIA Chapter 13, PIA discipline and general conduct, PIA employee policy, General Conduct, Declaration of Property, When must an officer submit the annual return of assets?, employee conduct, workplace behaviour, workplace behavior, staff discipline, ethical conduct, service rules, employee obligations, Declaration, Property, When, officer, submit, annual, return, assets, Every, through, usual, channel, month, December, showing, any, increase, decrease, shown, above, rule, case, may, last, Declaration Property, Property When, When officer, officer submit, submit annual, annual return, return assets, assets Every, Every officer, submit through, through usual, usual channel, channel annual, annual channel, assets month, month December, December showing, showing any, any increase, increase decrease, decrease property, property shown, shown declaration, declaration above, above rule, rule case, case may, may last, last annual, Declaration Property When, Property When officer, When officer submit, officer submit annual, submit annual return, annual return assets, return assets Every, assets Every officer, Every officer submit",9,CIR 42/2016
General Conduct,"What are the rules or steps for disclosure of Assets Immovable, Movable and Liquid?","An employee must, as and when he is so required by the Competent his family asset disclosing liquid assets and all other properties, immovable and movable, including shares, certificates, insurance 08-06-92 policies and jewelry, and expenses during any period specified by such order in the form specified therein.","PIA Chapter 13, PIA discipline and general conduct, PIA employee policy, General Conduct, Disclosure of Assets Immovable, Movable and Liquid, What are the rules or steps for disclosure of Assets Immovable, Movable and Liquid?, employee conduct, workplace behaviour, workplace behavior, staff discipline, ethical conduct, service rules, employee obligations, Disclosure, Assets, Immovable, Movable, Liquid, rules, steps, when, required, Competent, family, asset, disclosing, all, other, properties, including, shares, certificates, insurance, policies, jewelry, expenses, during, any, period, specified, such, order, form, therein, Disclosure Assets, Assets Immovable, Immovable Movable, Movable Liquid, Liquid rules, rules steps, steps disclosure, Liquid when, when required, required Competent, Competent family, family asset, asset disclosing, disclosing liquid, liquid assets, assets all, all other, other properties, properties immovable, movable including, including shares, shares certificates, certificates insurance, insurance policies, policies jewelry, jewelry expenses, expenses during, during any, any period, period specified, specified such",9,Circular No. Authority; Circular; PP/034/I/92/07
General Conduct,"What is the PIA rule about private Trade, Employment or Work?",This regulation does not apply to sports activities and membership of recreation clubs.,"PIA Chapter 13, PIA discipline and general conduct, PIA employee policy, General Conduct, Private Trade, Employment or Work, What is the PIA rule about private Trade, Employment or Work?, employee conduct, workplace behaviour, workplace behavior, staff discipline, ethical conduct, service rules, employee obligations, Private, Trade, Employment, Work, rule, regulation, not, apply, sports, activities, membership, recreation, clubs, Private Trade, Trade Employment, Employment Work, Work rule, rule private, Work regulation, regulation not, not apply, apply sports, sports activities, activities membership, membership recreation, recreation clubs, Private Trade Employment, Trade Employment Work, Employment Work rule, Work rule private, rule private Trade, Employment Work regulation, Work regulation not, regulation not apply, not apply sports, apply sports activities, sports activities membership, activities membership recreation, membership recreation clubs",9,
General Conduct,Can an employee take private work or run a business without approval?,Employees must not associate themselves with any private trust foundation or similar other institution which is not sponsored by the Company.,"PIA Chapter 13, PIA discipline and general conduct, PIA employee policy, General Conduct, Private Trade, Employment or Work, Can an employee take private work or run a business without approval?, employee conduct, workplace behaviour, workplace behavior, staff discipline, ethical conduct, service rules, employee obligations, Private, Trade, Employment, Work, take, run, business, without, approval, not, associate, themselves, any, trust, foundation, similar, other, institution, which, sponsored, Private Trade, Trade Employment, Employment Work, Work take, take private, private work, work run, run business, business without, without approval, approval not, not associate, associate themselves, themselves any, any private, private trust, trust foundation, foundation similar, similar other, other institution, institution which, which not, not sponsored, Private Trade Employment, Trade Employment Work, Employment Work take, Work take private, take private work, private work run, work run business, run business without, business without approval, without approval not, approval not associate, not associate themselves, associate themselves any, themselves any private, any private trust, private trust foundation, trust foundation similar, foundation similar other, similar other institution",9,
General Conduct,"What is required regarding private Trade, Employment or Work?","An employee, who has any doubt about the propriety of undertaking any particular work, should refer the matter for the order of the Competent Authority.","PIA Chapter 13, PIA discipline and general conduct, PIA employee policy, General Conduct, Private Trade, Employment or Work, What is required regarding private Trade, Employment or Work?, employee conduct, workplace behaviour, workplace behavior, staff discipline, ethical conduct, service rules, employee obligations, Private, Trade, Employment, Work, required, who, has, any, doubt, propriety, undertaking, particular, refer, matter, order, Competent, Authority, Private Trade, Trade Employment, Employment Work, Work required, required private, Work who, who has, has any, any doubt, doubt propriety, propriety undertaking, undertaking any, any particular, particular work, work refer, refer matter, matter order, order Competent, Competent Authority, Private Trade Employment, Trade Employment Work, Employment Work required, Work required private, required private Trade, Employment Work who, Work who has, who has any, has any doubt, any doubt propriety, doubt propriety undertaking, propriety undertaking any, undertaking any particular, any particular work, particular work refer, work refer matter, refer matter order, matter order Competent, order Competent Authority",9,
General Conduct,"What must the No employee and his dependent family members do regarding private Trade, Employment or Work?","No employee and his dependent family members must engage either directly or indirectly in any trade, business or work with the Company, its subsidiaries and associated companies.","PIA Chapter 13, PIA discipline and general conduct, PIA employee policy, General Conduct, Private Trade, Employment or Work, What must the No employee and his dependent family members do regarding private Trade, Employment or Work?, employee conduct, workplace behaviour, workplace behavior, staff discipline, ethical conduct, service rules, employee obligations, Private, Trade, Employment, Work, dependent, family, members, engage, either, directly, indirectly, any, business, subsidiaries, associated, companies, Private Trade, Trade Employment, Employment Work, Work dependent, dependent family, family members, members private, members engage, engage either, either directly, directly indirectly, indirectly any, any trade, trade business, business work, work subsidiaries, subsidiaries associated, associated companies, Private Trade Employment, Trade Employment Work, Employment Work dependent, Work dependent family, dependent family members, family members private, members private Trade, family members engage, members engage either, engage either directly, either directly indirectly, directly indirectly any, indirectly any trade, any trade business, trade business work, business work subsidiaries, work subsidiaries associated, subsidiaries associated companies",9,
General Conduct,"Can employees except with the previous sanction of the Competent Authority, engage either directly or indirectly in?","Employees must not, except with the previous sanction of the Competent Authority, engage either directly or indirectly in any trade or undertake any employment or work other than their official duties;","PIA Chapter 13, PIA discipline and general conduct, PIA employee policy, General Conduct, Private Trade, Employment or Work, Can employees except with the previous sanction of the Competent Authority, engage either directly or indirectly in?, employee conduct, workplace behaviour, workplace behavior, staff discipline, ethical conduct, service rules, employee obligations, Private, Trade, Employment, Work, except, previous, sanction, Competent, Authority, engage, either, directly, indirectly, not, any, undertake, other, than, official, duties, Private Trade, Trade Employment, Employment Work, Work except, except previous, previous sanction, sanction Competent, Competent Authority, Authority engage, engage either, either directly, directly indirectly, indirectly not, not except, indirectly any, any trade, trade undertake, undertake any, any employment, work other, other than, than official, official duties, Private Trade Employment, Trade Employment Work, Employment Work except, Work except previous, except previous sanction, previous sanction Competent, sanction Competent Authority, Competent Authority engage, Authority engage either, engage either directly, either directly indirectly, directly indirectly not, indirectly not except, not except previous, directly indirectly any, indirectly any trade, any trade undertake, trade undertake any, undertake any employment",9,
General Conduct,"Is there any exception to the rule about private Trade, Employment or Work?","An employee may, without such sanction, undertake honorary work of a religious, social or charitable nature or occasional work of a literary or artistic character subject to the condition that his official duties do not hereby suffer and that the occupation or undertaking does not conflict or is not inconsistent with his position or obligations as an employee, but he must not undertake such work if so directed by the Competent Authority.","PIA Chapter 13, PIA discipline and general conduct, PIA employee policy, General Conduct, Private Trade, Employment or Work, Is there any exception to the rule about private Trade, Employment or Work?, employee conduct, workplace behaviour, workplace behavior, staff discipline, ethical conduct, service rules, employee obligations, Private, Trade, Employment, Work, there, any, exception, rule, may, without, such, sanction, undertake, honorary, religious, social, charitable, nature, occasional, literary, artistic, character, subject, condition, official, duties, not, hereby, suffer, occupation, undertaking, conflict, inconsistent, position, obligations, but, directed, Competent, Authority, Private Trade, Trade Employment, Employment Work, Work there, there any, any exception, exception rule, rule private, Work may, may without, without such, such sanction, sanction undertake, undertake honorary, honorary work, work religious, religious social, social charitable, charitable nature, nature occasional, occasional work, work literary, literary artistic",9,
General Conduct,"Can employees take part in the promotion, registration or management of any bank or company?","Employees must not take part in the promotion, registration or management of any bank or company; Provided that an employee may, subject to the provisions of any general or special order of the Competent Cooperative Society registered under the Cooperative Societies Act, 1912 (II of 1912) or under any other law.","PIA Chapter 13, PIA discipline and general conduct, PIA employee policy, General Conduct, Promotion and Management of Companies, etc., Can employees take part in the promotion, registration or management of any bank or company?, employee conduct, workplace behaviour, workplace behavior, staff discipline, ethical conduct, service rules, employee obligations, Promotion, Management, Companies, etc, take, part, registration, any, bank, not, Provided, may, subject, provisions, general, special, order, Competent, Cooperative, Society, registered, Societies, Act, 1912, other, law, Promotion Management, Management Companies, Companies etc, etc take, take part, part promotion, promotion registration, registration management, management any, any bank, bank not, not take, bank Provided, Provided may, may subject, subject provisions, provisions any, any general, general special, special order, order Competent, Competent Cooperative, Cooperative Society, Society registered, registered Cooperative, Cooperative Societies, Societies Act, Act 1912, 1912 1912, 1912 any, any other, other law, Promotion Management Companies, Management Companies etc, Companies etc take, etc take part",9,
General Conduct,Can employees be permitted to bring his friends and relative into an aircraft which is on its scheduled service?,"An employee must not be permitted to bring his friends and relative into an aircraft which is on its scheduled service. Rule 87-A of Aircraft Act, 1960 prohibits carrying visitors to aircraft without a valid permit for the apron.","PIA Chapter 13, PIA discipline and general conduct, PIA employee policy, General Conduct, Bringing Friends and Relatives into Aircraft, Can employees be permitted to bring his friends and relative into an aircraft which is on its scheduled service?, employee conduct, workplace behaviour, workplace behavior, staff discipline, ethical conduct, service rules, employee obligations, Bringing, Friends, Relatives, into, Aircraft, permitted, bring, relative, which, scheduled, service, not, Rule, Act, 1960, prohibits, carrying, visitors, without, valid, permit, apron, Bringing Friends, Friends Relatives, Relatives into, into Aircraft, Aircraft permitted, permitted bring, bring friends, friends relative, relative into, aircraft which, which scheduled, scheduled service, service not, not permitted, service Rule, Rule Aircraft, Aircraft Act, Act 1960, 1960 prohibits, prohibits carrying, carrying visitors, visitors aircraft, aircraft without, without valid, valid permit, permit apron, Bringing Friends Relatives, Friends Relatives into, Relatives into Aircraft, into Aircraft permitted, Aircraft permitted bring, permitted bring friends, bring friends relative, friends relative into, relative into aircraft, into aircraft which, aircraft which scheduled, which scheduled service, scheduled service not, service not permitted",10,A of
General Conduct,What is required regarding evidence before Committee?,"This regulation must not apply to evidence given before statutory committees which have power to compel attendance and the giving of answers, nor to evidence given in judicial inquiries.","PIA Chapter 13, PIA discipline and general conduct, PIA employee policy, General Conduct, Evidence before Committee, What is required regarding evidence before Committee?, employee conduct, workplace behaviour, workplace behavior, staff discipline, ethical conduct, service rules, employee obligations, Evidence, before, Committee, required, regulation, not, apply, given, statutory, committees, which, have, power, compel, attendance, giving, answers, nor, judicial, inquiries, Evidence before, before Committee, Committee required, required evidence, Committee regulation, regulation not, not apply, apply evidence, evidence given, given before, before statutory, statutory committees, committees which, which have, have power, power compel, compel attendance, attendance giving, giving answers, answers nor, nor evidence, given judicial, judicial inquiries, before Committee required, Committee required evidence, required evidence before, before Committee regulation, Committee regulation not, regulation not apply, not apply evidence, apply evidence given, evidence given before, given before statutory, before statutory committees, statutory committees which, committees which have, which have power, have power compel, power compel attendance, compel attendance giving, attendance giving answers, giving answers nor",10,
General Conduct,Can employees give evidence before a public committee except with the previous sanction of the Competent Authority?,Employees must not give evidence before a public committee except with the previous sanction of the Competent Authority. No employee giving such evidence must criticize any policy or decision of the Government or the Company.,"PIA Chapter 13, PIA discipline and general conduct, PIA employee policy, General Conduct, Evidence before Committee, Can employees give evidence before a public committee except with the previous sanction of the Competent Authority?, employee conduct, workplace behaviour, workplace behavior, staff discipline, ethical conduct, service rules, employee obligations, Evidence, before, Committee, give, public, except, previous, sanction, Competent, Authority, not, giving, such, criticize, any, policy, decision, Government, Evidence before, before Committee, Committee give, give evidence, before public, public committee, committee except, except previous, previous sanction, sanction Competent, Competent Authority, Authority not, not give, Authority giving, giving such, such evidence, evidence criticize, criticize any, any policy, policy decision, decision Government, before Committee give, Committee give evidence, give evidence before, evidence before public, before public committee, public committee except, committee except previous, except previous sanction, previous sanction Competent, sanction Competent Authority, Competent Authority not, Authority not give, not give evidence, Competent Authority giving, Authority giving such, giving such evidence, such evidence criticize, evidence criticize any, criticize any policy, any policy decision, policy decision Government",10,
General Conduct,Is there any exception to the rule about publication of Information and Public Speeches Capable of Embarrassing the Government or Company?,"The employees may publish research papers on technical or professional subjects, if such papers do not express views on political issues or on Company policy and do not include any information of a nature whose disclosure may be detrimental to the interest of the Company.","PIA Chapter 13, PIA discipline and general conduct, PIA employee policy, General Conduct, Publication of Information and Public Speeches Capable of Embarrassing the Government or Company, Is there any exception to the rule about publication of Information and Public Speeches Capable of Embarrassing the Government or Company?, employee conduct, workplace behaviour, workplace behavior, staff discipline, ethical conduct, service rules, employee obligations, Publication, Information, Public, Speeches, Capable, Embarrassing, Government, there, any, exception, rule, may, publish, research, papers, technical, professional, subjects, such, not, express, views, political, issues, policy, include, nature, whose, disclosure, detrimental, interest, Publication Information, Information Public, Public Speeches, Speeches Capable, Capable Embarrassing, Embarrassing Government, Government there, there any, any exception, exception rule, rule publication, Government may, may publish, publish research, research papers, papers technical, technical professional, professional subjects, subjects such, such papers, papers not, not express, express views, views political, political issues, issues policy, policy not, not include, include any, any information, information nature",10,
General Conduct,Is there any exception to the rule about vindication by employees of their public acts or character?,Nothing in this regulation limits or otherwise affects the rights of an employee to vindicate his private acts or character.,"PIA Chapter 13, PIA discipline and general conduct, PIA employee policy, General Conduct, Vindication by employees of their public acts or character, Is there any exception to the rule about vindication by employees of their public acts or character?, employee conduct, workplace behaviour, workplace behavior, staff discipline, ethical conduct, service rules, employee obligations, Vindication, public, acts, character, there, any, exception, rule, Nothing, regulation, limits, otherwise, affects, rights, vindicate, private, Vindication public, public acts, acts character, character there, there any, any exception, exception rule, rule vindication, character Nothing, Nothing regulation, regulation limits, limits otherwise, otherwise affects, affects rights, rights vindicate, vindicate private, private acts, Vindication public acts, public acts character, acts character there, character there any, there any exception, any exception rule, exception rule vindication, rule vindication public, acts character Nothing, character Nothing regulation, Nothing regulation limits, regulation limits otherwise, limits otherwise affects, otherwise affects rights, affects rights vindicate, rights vindicate private, vindicate private acts, private acts character",10,
General Conduct,Is prior approval required for vindication by employees of their public acts or character?,"An employee may not act, without the previous sanction of the Competent of his public acts or character from defamatory attacks. In granting sanction, the Competent Authority may bear the cost of the proceedings or leave the employee to institute them at his own expenses. In the latter case, if he obtains a decision in his favor, the Company may reimburse him to the extent of the whole or any part of the cost.","PIA Chapter 13, PIA discipline and general conduct, PIA employee policy, General Conduct, Vindication by employees of their public acts or character, Is prior approval required for vindication by employees of their public acts or character?, employee conduct, workplace behaviour, workplace behavior, staff discipline, ethical conduct, service rules, employee obligations, Vindication, public, acts, character, prior, approval, required, may, not, act, without, previous, sanction, Competent, defamatory, attacks, granting, Authority, bear, cost, proceedings, leave, institute, them, own, expenses, latter, case, obtains, decision, favor, reimburse, him, extent, whole, any, part, Vindication public, public acts, acts character, character prior, prior approval, approval required, required vindication, character may, may not, not act, act without, without previous, previous sanction, sanction Competent, Competent public, character defamatory, defamatory attacks, attacks granting, granting sanction, Competent Authority, Authority may, may bear, bear cost, cost proceedings, proceedings leave",10,
General Conduct,What is required regarding control of Unauthorized Employee Movement During Duty Hours?,The Identity Card will be produced when asked to do so by Security Officials / Competent Authority.,"PIA Chapter 13, PIA discipline and general conduct, PIA employee policy, General Conduct, Control of Unauthorized Employee Movement During Duty Hours, What is required regarding control of Unauthorized Employee Movement During Duty Hours?, employee conduct, workplace behaviour, workplace behavior, staff discipline, ethical conduct, service rules, employee obligations, Control, Unauthorized, Movement, During, Duty, Hours, required, Identity, Card, produced, when, asked, Security, Officials, Competent, Authority, Control Unauthorized, Unauthorized Movement, Movement During, During Duty, Duty Hours, Hours required, required control, Hours Identity, Identity Card, Card produced, produced when, when asked, asked Security, Security Officials, Officials Competent, Competent Authority, Control Unauthorized Movement, Unauthorized Movement During, Movement During Duty, During Duty Hours, Duty Hours required, Hours required control, required control Unauthorized, Duty Hours Identity, Hours Identity Card, Identity Card produced, Card produced when, produced when asked, when asked Security, asked Security Officials, Security Officials Competent, Officials Competent Authority",11,Cir No 36/2018; circumstances; O.O.2/74; Dated: 10-08-2018
General Conduct,What is the PIA rule about control of Unauthorized Employee Movement During Duty Hours?,Punctuality & availability of employees at place of their work are directly linked with organizational performance & productivity.,"PIA Chapter 13, PIA discipline and general conduct, PIA employee policy, General Conduct, Control of Unauthorized Employee Movement During Duty Hours, What is the PIA rule about control of Unauthorized Employee Movement During Duty Hours?, employee conduct, workplace behaviour, workplace behavior, staff discipline, ethical conduct, service rules, employee obligations, Control, Unauthorized, Movement, During, Duty, Hours, rule, Punctuality, availability, place, work, directly, linked, organizational, performance, productivity, Control Unauthorized, Unauthorized Movement, Movement During, During Duty, Duty Hours, Hours rule, rule control, Hours Punctuality, Punctuality availability, availability place, place work, work directly, directly linked, linked organizational, organizational performance, performance productivity, Control Unauthorized Movement, Unauthorized Movement During, Movement During Duty, During Duty Hours, Duty Hours rule, Hours rule control, rule control Unauthorized, Duty Hours Punctuality, Hours Punctuality availability, Punctuality availability place, availability place work, place work directly, work directly linked, directly linked organizational, linked organizational performance, organizational performance productivity",11,Cir No 36/2018; circumstances; O.O.2/74; Dated: 10-08-2018
General Conduct,What amount or limit applies to control of Unauthorized Employee Movement During Duty Hours?,All Divisional / Sectional Heads and authorized Officers are requested to ensure that the staff works solidly during the prescribed working hours. Any instance of loitering during working hours will be seriously viewed and dealt-with as per rules.,"PIA Chapter 13, PIA discipline and general conduct, PIA employee policy, General Conduct, Control of Unauthorized Employee Movement During Duty Hours, What amount or limit applies to control of Unauthorized Employee Movement During Duty Hours?, employee conduct, workplace behaviour, workplace behavior, staff discipline, ethical conduct, service rules, employee obligations, Control, Unauthorized, Movement, During, Duty, Hours, amount, limit, applies, All, Divisional, Sectional, Heads, authorized, Officers, requested, ensure, staff, works, solidly, prescribed, working, Any, instance, loitering, seriously, viewed, dealt-with, per, rules, Control Unauthorized, Unauthorized Movement, Movement During, During Duty, Duty Hours, Hours amount, amount limit, limit applies, applies control, Hours All, All Divisional, Divisional Sectional, Sectional Heads, Heads authorized, authorized Officers, Officers requested, requested ensure, ensure staff, staff works, works solidly, solidly during, during prescribed, prescribed working, working hours, hours Any, Any instance, instance loitering, loitering during, during working, hours seriously, seriously viewed, viewed dealt-with",11,Cir No 36/2018; circumstances; O.O.2/74; Dated: 10-08-2018
General Conduct,What are the rules or steps for control of Unauthorized Employee Movement During Duty Hours?,All employees must possess their PIA Identity Cards and must produce the same when called upon to do so by Security Staff or any other authorized officer. Security staff have been issued instructions not to allow employees to enter into the PIA’s premises without seeing their Identity Cards.,"PIA Chapter 13, PIA discipline and general conduct, PIA employee policy, General Conduct, Control of Unauthorized Employee Movement During Duty Hours, What are the rules or steps for control of Unauthorized Employee Movement During Duty Hours?, employee conduct, workplace behaviour, workplace behavior, staff discipline, ethical conduct, service rules, employee obligations, Control, Unauthorized, Movement, During, Duty, Hours, rules, steps, All, possess, Identity, Cards, produce, same, when, called, upon, Security, Staff, any, other, authorized, officer, have, issued, instructions, not, allow, enter, into, premises, without, seeing, Control Unauthorized, Unauthorized Movement, Movement During, During Duty, Duty Hours, Hours rules, rules steps, steps control, Hours All, All possess, possess Identity, Identity Cards, Cards produce, produce same, same when, when called, called upon, upon Security, Security Staff, Staff any, any other, other authorized, authorized officer, officer Security, staff have, have issued, issued instructions, instructions not, not allow",11,Cir No 36/2018; circumstances; O.O.2/74; Dated: 10-08-2018
General Conduct,Can employees be allowed to move from point to point unless on official business Officers concerned must use their discretion in permitting the staff working?,"Employees must not be allowed to move from point to point unless on official business Officers concerned must use their discretion in permitting the staff working under them to leave their place of work for such personal reasons where adequate justification exists. Under no circumstances, an employee will be permitted to visit other offices or sections / workshops premises during working hours without obtaining prior permission from their / her immediate officer.","PIA Chapter 13, PIA discipline and general conduct, PIA employee policy, General Conduct, Control of Unauthorized Employee Movement During Duty Hours, Can employees be allowed to move from point to point unless on official business Officers concerned must use their discretion in permitting the staff working?, employee conduct, workplace behaviour, workplace behavior, staff discipline, ethical conduct, service rules, employee obligations, Control, Unauthorized, Movement, During, Duty, Hours, allowed, move, point, unless, official, business, Officers, concerned, use, discretion, permitting, staff, working, not, them, leave, place, work, such, personal, reasons, where, adequate, justification, exists, circumstances, permitted, visit, other, offices, sections, workshops, premises, without, obtaining, prior, permission, immediate, officer, Control Unauthorized, Unauthorized Movement, Movement During, During Duty, Duty Hours, Hours allowed, allowed move, move point, point point, point unless, unless official, official business, business Officers, Officers concerned, concerned use, use discretion, discretion permitting",11,Cir No 36/2018; circumstances; O.O.2/74; Dated: 10-08-2018
General Conduct,Should employees use office telephones for private calls?,Private calls from office telephones results in congestion of traffic on the one hand and delay in putting through the official calls on the other.,"PIA Chapter 13, PIA discipline and general conduct, PIA employee policy, General Conduct, Private Calls from Office Telephones, Should employees use office telephones for private calls?, employee conduct, workplace behaviour, workplace behavior, staff discipline, ethical conduct, service rules, employee obligations, Private, Calls, Office, Telephones, use, results, congestion, traffic, one, hand, delay, putting, through, official, other, Private Calls, Calls Office, Office Telephones, Telephones use, use office, telephones private, calls Private, telephones results, results congestion, congestion traffic, traffic one, one hand, hand delay, delay putting, putting through, through official, official calls, calls other, Private Calls Office, Calls Office Telephones, Office Telephones use, Telephones use office, use office telephones, office telephones private, telephones private calls, private calls Private, calls Private calls, office telephones results, telephones results congestion, results congestion traffic, congestion traffic one, traffic one hand, one hand delay, hand delay putting, delay putting through, putting through official, through official calls, official calls other",11,
General Conduct,What is required regarding private Calls from Office Telephones?,"Besides, these call add up to the expenditure on telephones. An employee is, therefore, advised to desist from using office telephones for private calls. The private calls can be monitored by the Communications Division. All Sectional Heads are requested to exercise control and ensure strict compliance of these instructions.","PIA Chapter 13, PIA discipline and general conduct, PIA employee policy, General Conduct, Private Calls from Office Telephones, What is required regarding private Calls from Office Telephones?, employee conduct, workplace behaviour, workplace behavior, staff discipline, ethical conduct, service rules, employee obligations, Private, Calls, Office, Telephones, required, Besides, call, add, expenditure, therefore, advised, desist, using, monitored, Communications, Division, All, Sectional, Heads, requested, exercise, control, ensure, strict, compliance, instructions, Private Calls, Calls Office, Office Telephones, Telephones required, required private, Telephones Besides, Besides call, call add, add expenditure, expenditure telephones, telephones therefore, therefore advised, advised desist, desist using, using office, telephones private, calls private, calls monitored, monitored Communications, Communications Division, Division All, All Sectional, Sectional Heads, Heads requested, requested exercise, exercise control, control ensure, ensure strict, strict compliance, compliance instructions, Private Calls Office, Calls Office Telephones, Office Telephones required, Telephones required private, required private Calls, Office Telephones Besides",11,
General Conduct,What amount or limit applies to responsibility for Controlling Staff Movement?,"Permission to leave Section / Sub-Section’s premises for personal transaction / private work / business will be restricted to such urgent matters which cannot be attended to after office hours. In the absence of an Officer, the Supervisor may, however, give such permission.","PIA Chapter 13, PIA discipline and general conduct, PIA employee policy, General Conduct, Responsibility for Controlling Staff Movement, What amount or limit applies to responsibility for Controlling Staff Movement?, employee conduct, workplace behaviour, workplace behavior, staff discipline, ethical conduct, service rules, employee obligations, Responsibility, Controlling, Staff, Movement, amount, limit, applies, Permission, leave, Section, Sub-Section, premises, personal, transaction, private, work, business, restricted, such, urgent, matters, which, cannot, attended, after, office, hours, absence, Officer, Supervisor, may, however, give, Responsibility Controlling, Controlling Staff, Staff Movement, Movement amount, amount limit, limit applies, applies responsibility, Movement Permission, Permission leave, leave Section, Section Sub-Section, Sub-Section premises, premises personal, personal transaction, transaction private, private work, work business, business restricted, restricted such, such urgent, urgent matters, matters which, which cannot, cannot attended, attended after, after office, office hours, hours absence, absence Officer",11,
General Conduct,What is required regarding responsibility for Controlling Staff Movement?,"It will be the responsibility of Sectional Head / Officer Incharge of Sub-Sections and Supervisors concerned to ensure that no staff working under them leaves his / her place of duty without permission of the Officer Incharge, who may give such permission at his / her discretion to enable the staff to perform his / her official duties.","PIA Chapter 13, PIA discipline and general conduct, PIA employee policy, General Conduct, Responsibility for Controlling Staff Movement, What is required regarding responsibility for Controlling Staff Movement?, employee conduct, workplace behaviour, workplace behavior, staff discipline, ethical conduct, service rules, employee obligations, Responsibility, Controlling, Staff, Movement, required, Sectional, Head, Officer, Incharge, Sub-Sections, Supervisors, concerned, ensure, working, them, leaves, place, duty, without, permission, who, may, give, such, discretion, enable, perform, official, duties, Responsibility Controlling, Controlling Staff, Staff Movement, Movement required, required responsibility, Movement responsibility, responsibility Sectional, Sectional Head, Head Officer, Officer Incharge, Incharge Sub-Sections, Sub-Sections Supervisors, Supervisors concerned, concerned ensure, ensure staff, staff working, working them, them leaves, leaves place, place duty, duty without, without permission, permission Officer, Incharge who, who may, may give, give such, such permission, permission discretion, discretion enable, enable staff, staff perform, perform official",11,
General Conduct,What action can be taken for carrying Away Newspapers and Magazines from Aircraft?,Nobody is permitted to carry home these newspapers and magazines. Any breach of these instructions must make the defaulter liable for necessary disciplinary action under this Chapter.,"PIA Chapter 13, PIA discipline and general conduct, PIA employee policy, General Conduct, Carrying Away Newspapers and Magazines from Aircraft, What action can be taken for carrying Away Newspapers and Magazines from Aircraft?, employee conduct, workplace behaviour, workplace behavior, staff discipline, ethical conduct, service rules, employee obligations, Carrying, Away, Newspapers, Magazines, Aircraft, action, taken, Nobody, permitted, carry, home, Any, breach, instructions, make, defaulter, liable, necessary, disciplinary, Chapter, Carrying Away, Away Newspapers, Newspapers Magazines, Magazines Aircraft, Aircraft action, action taken, taken carrying, Aircraft Nobody, Nobody permitted, permitted carry, carry home, home newspapers, magazines Any, Any breach, breach instructions, instructions make, make defaulter, defaulter liable, liable necessary, necessary disciplinary, disciplinary action, action Chapter, Carrying Away Newspapers, Away Newspapers Magazines, Newspapers Magazines Aircraft, Magazines Aircraft action, Aircraft action taken, action taken carrying, taken carrying Away, Magazines Aircraft Nobody, Aircraft Nobody permitted, Nobody permitted carry, permitted carry home, carry home newspapers, home newspapers magazines, newspapers magazines Any, magazines Any breach, Any breach instructions, breach instructions make, instructions make defaulter, make defaulter liable, defaulter liable necessary",12,
General Conduct,Can an employee enter a PIA aircraft without wearing the required uniform?,"Entry into PIA aircraft by employees not in uniform will be prohibited and all personnel other than those required to work on tarmac are warned not to enter the PIA aircraft parked at the bay. Similarly, all employees attending aircraft on tarmac are advised to wear proper uniform or over all for proper Identity.","PIA Chapter 13, PIA discipline and general conduct, PIA employee policy, General Conduct, Entry into PIA Aircraft without Uniform, Can an employee enter a PIA aircraft without wearing the required uniform?, employee conduct, workplace behaviour, workplace behavior, staff discipline, ethical conduct, service rules, employee obligations, Entry, into, Aircraft, without, Uniform, enter, wearing, required, not, prohibited, all, personnel, other, than, work, tarmac, warned, parked, bay, Similarly, attending, advised, wear, proper, over, Identity, Entry into, into Aircraft, Aircraft without, without Uniform, Uniform enter, enter aircraft, without wearing, wearing required, required uniform, uniform Entry, aircraft not, not uniform, uniform prohibited, prohibited all, all personnel, personnel other, other than, than required, required work, work tarmac, tarmac warned, warned not, not enter, aircraft parked, parked bay, bay Similarly, Similarly all, all attending, attending aircraft, aircraft tarmac, tarmac advised, advised wear, wear proper, proper uniform, uniform over, over all",12,
General Conduct,What action can be taken for entry into PIA Premises?,Failure on the part of staff to produce Identity Card on demand and behaving rudely with the Security Staff may face severe disciplinary action under this Chapter.,"PIA Chapter 13, PIA discipline and general conduct, PIA employee policy, General Conduct, Entry into PIA Premises, What action can be taken for entry into PIA Premises?, employee conduct, workplace behaviour, workplace behavior, staff discipline, ethical conduct, service rules, employee obligations, Entry, into, Premises, action, taken, Failure, part, staff, produce, Identity, Card, demand, behaving, rudely, Security, may, face, severe, disciplinary, Chapter, Entry into, into Premises, Premises action, action taken, taken entry, Premises Failure, Failure part, part staff, staff produce, produce Identity, Identity Card, Card demand, demand behaving, behaving rudely, rudely Security, Security Staff, Staff may, may face, face severe, severe disciplinary, disciplinary action, action Chapter, Entry into Premises, into Premises action, Premises action taken, action taken entry, taken entry into, into Premises Failure, Premises Failure part, Failure part staff, part staff produce, staff produce Identity, produce Identity Card, Identity Card demand, Card demand behaving, demand behaving rudely, behaving rudely Security, rudely Security Staff, Security Staff may, Staff may face, may face severe, face severe disciplinary",12,
General Conduct,What identification must employees show when entering PIA premises?,Entry into PIA premises including Engineering Hangers will be regulated strictly by show of Identification Cards. All employees must carry their Identity Cards and Produce the same whenever required.,"PIA Chapter 13, PIA discipline and general conduct, PIA employee policy, General Conduct, Entry into PIA Premises, What identification must employees show when entering PIA premises?, employee conduct, workplace behaviour, workplace behavior, staff discipline, ethical conduct, service rules, employee obligations, Entry, into, Premises, identification, show, when, entering, including, Engineering, Hangers, regulated, strictly, Cards, All, carry, Identity, Produce, same, whenever, required, Entry into, into Premises, Premises identification, identification show, show when, when entering, entering premises, premises Entry, premises including, including Engineering, Engineering Hangers, Hangers regulated, regulated strictly, strictly show, show Identification, Identification Cards, Cards All, All carry, carry Identity, Identity Cards, Cards Produce, Produce same, same whenever, whenever required, Entry into Premises, into Premises identification, Premises identification show, identification show when, show when entering, when entering premises, entering premises Entry, premises Entry into, into premises including, premises including Engineering, including Engineering Hangers, Engineering Hangers regulated, Hangers regulated strictly, regulated strictly show, strictly show Identification, show Identification Cards, Identification Cards All, Cards All carry",12,
General Conduct,What are the rules or steps for import of Goods Worth More Than One-Third of Daily Allowance?,"Allowance: Employees proceeding abroad on training or other official duties must not import cars and other articles to such employees, as this practice is not only against Company’s rules but also has resulted in serious objection from Government and State Bank of Pakistan Breach of these instructions must make the defaulter liable for disciplinary action.","PIA Chapter 13, PIA discipline and general conduct, PIA employee policy, General Conduct, Import of Goods Worth More Than One-Third of Daily Allowance, What are the rules or steps for import of Goods Worth More Than One-Third of Daily Allowance?, employee conduct, workplace behaviour, workplace behavior, staff discipline, ethical conduct, service rules, employee obligations, Import, Goods, Worth, More, Than, One-Third, Daily, Allowance, rules, steps, proceeding, abroad, training, other, official, duties, not, cars, articles, such, practice, only, against, but, also, has, resulted, serious, objection, Government, State, Bank, Pakistan, Breach, instructions, make, defaulter, liable, disciplinary, action, Import Goods, Goods Worth, Worth More, More Than, Than One-Third, One-Third Daily, Daily Allowance, Allowance rules, rules steps, steps import, Allowance Allowance, Allowance proceeding, proceeding abroad, abroad training, training other, other official, official duties, duties not, not import, import cars, cars other, other articles",12,
General Conduct,Can employees hold social gatherings inside PIA premises without management approval?,Social functions / gathering and meetings other than those called by the Management must not be permitted within the Company’s premises.,"PIA Chapter 13, PIA discipline and general conduct, PIA employee policy, General Conduct, Restriction on Social Functions within Company’s premises, Can employees hold social gatherings inside PIA premises without management approval?, employee conduct, workplace behaviour, workplace behavior, staff discipline, ethical conduct, service rules, employee obligations, Restriction, Social, Functions, within, premises, hold, gatherings, inside, without, management, approval, gathering, meetings, other, than, called, not, permitted, Restriction Social, Social Functions, Functions within, within premises, premises hold, hold social, social gatherings, gatherings inside, inside premises, premises without, without management, management approval, approval Social, functions gathering, gathering meetings, meetings other, other than, than called, called Management, Management not, not permitted, permitted within, Restriction Social Functions, Social Functions within, Functions within premises, within premises hold, premises hold social, hold social gatherings, social gatherings inside, gatherings inside premises, inside premises without, premises without management, without management approval, management approval Social, approval Social functions, Social functions gathering, functions gathering meetings, gathering meetings other, meetings other than, other than called, than called Management, called Management not, Management not permitted, not permitted within",12,
General Conduct,Can employees use electric heaters or similar appliances in the office?,The use of electric heaters and other similar electric gadgets will be strictly forbidden unless Management has specifically authorized the use of these appliances.,"PIA Chapter 13, PIA discipline and general conduct, PIA employee policy, General Conduct, Restriction on the use of Electric Heaters etc., in the Office, Can employees use electric heaters or similar appliances in the office?, employee conduct, workplace behaviour, workplace behavior, staff discipline, ethical conduct, service rules, employee obligations, Restriction, use, Electric, Heaters, etc, Office, similar, appliances, other, gadgets, strictly, forbidden, unless, Management, has, specifically, authorized, Restriction use, use Electric, Electric Heaters, Heaters etc, etc Office, Office use, heaters similar, similar appliances, appliances office, heaters other, other similar, similar electric, electric gadgets, gadgets strictly, strictly forbidden, forbidden unless, unless Management, Management has, has specifically, specifically authorized, authorized use, use appliances, Restriction use Electric, use Electric Heaters, Electric Heaters etc, Heaters etc Office, etc Office use, Office use electric, electric heaters similar, heaters similar appliances, similar appliances office, appliances office use, electric heaters other, heaters other similar, other similar electric, similar electric gadgets, electric gadgets strictly, gadgets strictly forbidden, strictly forbidden unless, forbidden unless Management, unless Management has, Management has specifically, has specifically authorized, specifically authorized use, authorized use appliances",12,
General Conduct,Can employees take PIA crockery or cutlery to their offices?,Employees must not take PIAC’s Crockery and Cutlery out of Flight Kitchen / Executive Dining Hall premises for use in their office.,"PIA Chapter 13, PIA discipline and general conduct, PIA employee policy, General Conduct, Restrictions on the use of PIAC’s Crockery and Cutlery, Can employees take PIA crockery or cutlery to their offices?, employee conduct, workplace behaviour, workplace behavior, staff discipline, ethical conduct, service rules, employee obligations, Restrictions, use, PIAC, Crockery, Cutlery, take, offices, not, out, Flight, Kitchen, Executive, Dining, Hall, premises, office, Restrictions use, use PIAC, PIAC Crockery, Crockery Cutlery, Cutlery take, take crockery, cutlery offices, offices not, not take, take PIAC, Cutlery out, out Flight, Flight Kitchen, Kitchen Executive, Executive Dining, Dining Hall, Hall premises, premises use, use office, Restrictions use PIAC, use PIAC Crockery, PIAC Crockery Cutlery, Crockery Cutlery take, Cutlery take crockery, take crockery cutlery, crockery cutlery offices, cutlery offices not, offices not take, not take PIAC, take PIAC Crockery, Crockery Cutlery out, Cutlery out Flight, out Flight Kitchen, Flight Kitchen Executive, Kitchen Executive Dining, Executive Dining Hall, Dining Hall premises, Hall premises use, premises use office",12,
General Conduct,What is the PIA rule about visiting Employees of Other Sections or Workshops?,", permission from the Officer Incharge of the visiting Section will be obtained by the person who wishes to visit an employee of the other Section either for official business or for personal purposes.","PIA Chapter 13, PIA discipline and general conduct, PIA employee policy, General Conduct, Visiting Employees of Other Sections or Workshops, What is the PIA rule about visiting Employees of Other Sections or Workshops?, employee conduct, workplace behaviour, workplace behavior, staff discipline, ethical conduct, service rules, employee obligations, Visiting, Other, Sections, Workshops, rule, permission, Officer, Incharge, Section, obtained, person, who, wishes, visit, either, official, business, personal, purposes, Visiting Other, Other Sections, Sections Workshops, Workshops rule, rule visiting, Workshops permission, permission Officer, Officer Incharge, Incharge visiting, visiting Section, Section obtained, obtained person, person who, who wishes, wishes visit, visit other, other Section, Section either, either official, official business, business personal, personal purposes, Visiting Other Sections, Other Sections Workshops, Sections Workshops rule, Workshops rule visiting, rule visiting Other, Sections Workshops permission, Workshops permission Officer, permission Officer Incharge, Officer Incharge visiting, Incharge visiting Section, visiting Section obtained, Section obtained person, obtained person who, person who wishes, who wishes visit, wishes visit other, visit other Section, other Section either, Section either official, either official business, official business personal",12,
General Conduct,Must PIA staff accompanying VVIP flights allow their baggage to be checked?,Yes. PIA staff and crew accompanying VVIP flights must present their baggage for checking by Customs and Special Police agencies.,"PIA Chapter 13, PIA discipline and general conduct, PIA employee policy, General Conduct, Baggage Check for VVIP Flights, Must PIA staff accompanying VVIP flights allow their baggage to be checked?, employee conduct, workplace behaviour, workplace behavior, staff discipline, ethical conduct, service rules, employee obligations, Baggage, Check, VVIP, Flights, staff, accompanying, allow, checked, Yes, crew, present, checking, Customs, Special, Police, agencies, Baggage Check, Check VVIP, VVIP Flights, Flights staff, staff accompanying, accompanying VVIP, flights allow, allow baggage, baggage checked, checked Yes, Yes staff, staff crew, crew accompanying, flights present, present baggage, baggage checking, checking Customs, Customs Special, Special Police, Police agencies, Baggage Check VVIP, Check VVIP Flights, VVIP Flights staff, Flights staff accompanying, staff accompanying VVIP, accompanying VVIP flights, VVIP flights allow, flights allow baggage, allow baggage checked, baggage checked Yes, checked Yes staff, Yes staff crew, staff crew accompanying, crew accompanying VVIP, VVIP flights present, flights present baggage, present baggage checking, baggage checking Customs, checking Customs Special, Customs Special Police, Special Police agencies",13,
General Conduct,What are the rules or steps for customs / Currency?,Employees are warned not to bring unaccompanied baggage un- manifested by PIA International Flights as this constitutes a serious infringement of Customs Rules and regulations. Those found infringing these regulations will be dealt with severely.,"PIA Chapter 13, PIA discipline and general conduct, PIA employee policy, General Conduct, Customs / Currency, What are the rules or steps for customs / Currency?, employee conduct, workplace behaviour, workplace behavior, staff discipline, ethical conduct, service rules, employee obligations, Customs, Currency, rules, steps, warned, not, bring, unaccompanied, baggage, un-, manifested, International, Flights, constitutes, serious, infringement, regulations, found, infringing, dealt, severely, Customs Currency, Currency rules, rules steps, steps customs, Currency warned, warned not, not bring, bring unaccompanied, unaccompanied baggage, baggage un-, un- manifested, manifested International, International Flights, Flights constitutes, constitutes serious, serious infringement, infringement Customs, Customs Rules, Rules regulations, regulations found, found infringing, infringing regulations, regulations dealt, dealt severely, Customs Currency rules, Currency rules steps, rules steps customs, steps customs Currency, customs Currency warned, Currency warned not, warned not bring, not bring unaccompanied, bring unaccompanied baggage, unaccompanied baggage un-, baggage un- manifested, un- manifested International, manifested International Flights, International Flights constitutes, Flights constitutes serious, constitutes serious infringement, serious infringement Customs",13,
General Conduct,What is the PIA rule about customs Violations and Abandoned Dutiable Goods?,"Customs Authorities have reported that dutiable goods carried by PIA employees on its international flights were, on arrival of the flight in Karachi.","PIA Chapter 13, PIA discipline and general conduct, PIA employee policy, General Conduct, Customs Violations and Abandoned Dutiable Goods, What is the PIA rule about customs Violations and Abandoned Dutiable Goods?, employee conduct, workplace behaviour, workplace behavior, staff discipline, ethical conduct, service rules, employee obligations, Customs, Violations, Abandoned, Dutiable, Goods, rule, Authorities, have, reported, carried, international, flights, arrival, flight, Karachi, Customs Violations, Violations Abandoned, Abandoned Dutiable, Dutiable Goods, Goods rule, rule customs, Goods Customs, Customs Authorities, Authorities have, have reported, reported dutiable, goods carried, carried international, international flights, flights arrival, arrival flight, flight Karachi, Customs Violations Abandoned, Violations Abandoned Dutiable, Abandoned Dutiable Goods, Dutiable Goods rule, Goods rule customs, rule customs Violations, Dutiable Goods Customs, Goods Customs Authorities, Customs Authorities have, Authorities have reported, have reported dutiable, reported dutiable goods, dutiable goods carried, goods carried international, carried international flights, international flights arrival, flights arrival flight, arrival flight Karachi",13,
General Conduct,What are the rules or steps for customs Violations and Abandoned Dutiable Goods?,"Abandoned in the aircraft presumable with the intension of salvaging these goods at a later moment, which is damaging both for the Comp any and its employees, and the Management takes a very serious view of such malpractices and must not tolerate any incident of attempted evasion or violation of Customs Regulations and the individual concerned will be dealt with prompt and severely.","PIA Chapter 13, PIA discipline and general conduct, PIA employee policy, General Conduct, Customs Violations and Abandoned Dutiable Goods, What are the rules or steps for customs Violations and Abandoned Dutiable Goods?, employee conduct, workplace behaviour, workplace behavior, staff discipline, ethical conduct, service rules, employee obligations, Customs, Violations, Abandoned, Dutiable, Goods, rules, steps, aircraft, presumable, intension, salvaging, later, moment, which, damaging, both, Comp, any, Management, takes, very, serious, view, such, malpractices, not, tolerate, incident, attempted, evasion, violation, Regulations, individual, concerned, dealt, prompt, severely, Customs Violations, Violations Abandoned, Abandoned Dutiable, Dutiable Goods, Goods rules, rules steps, steps customs, Goods Abandoned, Abandoned aircraft, aircraft presumable, presumable intension, intension salvaging, salvaging goods, goods later, later moment, moment which, which damaging, damaging both, both Comp, Comp any, any Management, Management takes, takes very, very serious, serious view",13,
General Conduct,What are the rules or steps for disfiguring of PIA Buildings?,"The sticking of posters and notices on the walls, doors and windows of PIA buildings is becoming a common practice. This practice disfigures the Company’s property and also adds to the burden of maintenance costs of the Company’s buildings. All concerned are, therefore, directed not to post or allow posting of handbills on the walls / doors etc. of PIA buildings.","PIA Chapter 13, PIA discipline and general conduct, PIA employee policy, General Conduct, Disfiguring of PIA Buildings, What are the rules or steps for disfiguring of PIA Buildings?, employee conduct, workplace behaviour, workplace behavior, staff discipline, ethical conduct, service rules, employee obligations, Disfiguring, Buildings, rules, steps, sticking, posters, notices, walls, doors, windows, becoming, common, practice, disfigures, property, also, adds, burden, maintenance, costs, All, concerned, therefore, directed, not, post, allow, posting, handbills, etc, Disfiguring Buildings, Buildings rules, rules steps, steps disfiguring, Buildings sticking, sticking posters, posters notices, notices walls, walls doors, doors windows, windows buildings, buildings becoming, becoming common, common practice, practice practice, practice disfigures, disfigures property, property also, also adds, adds burden, burden maintenance, maintenance costs, costs buildings, buildings All, All concerned, concerned therefore, therefore directed, directed not, not post, post allow, allow posting, posting handbills",13,
General Conduct,Can an employee drive on the apron without a valid apron driving permit?,"Employees must not drive vehicles on apron without proper driving permits duly validated for driving on the apron. In case an employee is detected while driving any vehicle on the apron without a proper driving license duly validated for driving on the apron, they will be liable for disciplinary action as per rules of the Company.","PIA Chapter 13, PIA discipline and general conduct, PIA employee policy, General Conduct, Driving Vehicles on Apron, Can an employee drive on the apron without a valid apron driving permit?, employee conduct, workplace behaviour, workplace behavior, staff discipline, ethical conduct, service rules, employee obligations, Driving, Vehicles, Apron, drive, without, valid, permit, not, proper, permits, duly, validated, case, detected, while, any, vehicle, license, they, liable, disciplinary, action, per, rules, Driving Vehicles, Vehicles Apron, Apron drive, drive apron, apron without, without valid, valid apron, apron driving, driving permit, permit not, not drive, drive vehicles, without proper, proper driving, driving permits, permits duly, duly validated, validated driving, driving apron, apron case, case detected, detected while, while driving, driving any, any vehicle, vehicle apron, driving license, license duly, apron they, they liable, liable disciplinary, disciplinary action, action per, per rules, Driving Vehicles Apron, Vehicles Apron drive, Apron drive apron, drive apron without",13,
General Conduct,Can PIA employees smoke or drink alcohol on a PIA flight?,PIA employees traveling either on duty or vacation must not smoke or consume alcoholic drinks on board PIA flights. Violation of the rule must render such employees for disciplinary action as per rules.,"PIA Chapter 13, PIA discipline and general conduct, PIA employee policy, General Conduct, Smoking & Drinking on board PIA flights, Can PIA employees smoke or drink alcohol on a PIA flight?, employee conduct, workplace behaviour, workplace behavior, staff discipline, ethical conduct, service rules, employee obligations, Smoking, Drinking, board, flights, smoke, drink, alcohol, flight, traveling, either, duty, vacation, not, consume, alcoholic, drinks, Violation, rule, render, such, disciplinary, action, per, rules, Smoking Drinking, Drinking board, board flights, flights smoke, smoke drink, drink alcohol, alcohol flight, flight traveling, traveling either, either duty, duty vacation, vacation not, not smoke, smoke consume, consume alcoholic, alcoholic drinks, drinks board, flights Violation, Violation rule, rule render, render such, such disciplinary, disciplinary action, action per, per rules, Smoking Drinking board, Drinking board flights, board flights smoke, flights smoke drink, smoke drink alcohol, drink alcohol flight, alcohol flight traveling, flight traveling either, traveling either duty, either duty vacation, duty vacation not, vacation not smoke, not smoke consume",13,
General Conduct,What are the rules or steps for unauthorized use of Company Mail?,"Inclusion of unauthorized material such as Publication (other than Company’s Publications), Newspapers, X-Rays, Films, Publicity material, Stationery items, Job cards, Give-away and Models / Samples and various other items in the Company’s Co-Mail will be deemed as an act of misconduct by the sender as well as the receiver. Violation of these instructions must result in confiscation of the items found in the Co-Mail and initiation of disciplinary proceedings as per rule.","PIA Chapter 13, PIA discipline and general conduct, PIA employee policy, General Conduct, Unauthorized use of Company Mail, What are the rules or steps for unauthorized use of Company Mail?, employee conduct, workplace behaviour, workplace behavior, staff discipline, ethical conduct, service rules, employee obligations, Unauthorized, use, Mail, rules, steps, Inclusion, material, such, Publication, other, than, Publications, Newspapers, X-Rays, Films, Publicity, Stationery, items, Job, cards, Give-away, Models, Samples, various, Co-Mail, deemed, act, misconduct, sender, well, receiver, Violation, instructions, result, confiscation, found, initiation, disciplinary, proceedings, per, rule, Unauthorized use, use Mail, Mail rules, rules steps, steps unauthorized, Mail Inclusion, Inclusion unauthorized, unauthorized material, material such, such Publication, Publication other, other than, than Publications, Publications Newspapers, Newspapers X-Rays, X-Rays Films, Films Publicity, Publicity material, material Stationery, Stationery items, items Job",13,O.O.9/76
General Conduct,What must employees do regarding declaration of Dutiable and Non-Dutiable Personal Baggage?,All employees must be required to ensure that dutiable and non-dutiable items brought by them from abroad as their personal baggage will be declared to the Custom Authorities.,"PIA Chapter 13, PIA discipline and general conduct, PIA employee policy, General Conduct, Declaration of Dutiable and Non-Dutiable Personal Baggage, What must employees do regarding declaration of Dutiable and Non-Dutiable Personal Baggage?, employee conduct, workplace behaviour, workplace behavior, staff discipline, ethical conduct, service rules, employee obligations, Declaration, Dutiable, Non-Dutiable, Personal, Baggage, All, required, ensure, items, brought, them, abroad, declared, Custom, Authorities, Declaration Dutiable, Dutiable Non-Dutiable, Non-Dutiable Personal, Personal Baggage, Baggage declaration, Baggage All, All required, required ensure, ensure dutiable, non-dutiable items, items brought, brought them, them abroad, abroad personal, baggage declared, declared Custom, Custom Authorities, Declaration Dutiable Non-Dutiable, Dutiable Non-Dutiable Personal, Non-Dutiable Personal Baggage, Personal Baggage declaration, Baggage declaration Dutiable, Personal Baggage All, Baggage All required, All required ensure, required ensure dutiable, ensure dutiable non-dutiable, dutiable non-dutiable items, non-dutiable items brought, items brought them, brought them abroad, them abroad personal, abroad personal baggage, personal baggage declared, baggage declared Custom, declared Custom Authorities",14,
General Conduct,What is required regarding foreign Exchange Regulations During Travel?,"Employees traveling abroad on Company duty or leave must ensure strict compliance of the Foreign Exchange Regulations and the State Bank of Pakistan as well as the foreign countries visited by them. At layover stations, local Management must endeavor to advise all crew members about the local currency exchange regulations and any changes made therein from time to time, any employee found violating these instructions will render them liable for disciplinary action.","PIA Chapter 13, PIA discipline and general conduct, PIA employee policy, General Conduct, Foreign Exchange Regulations During Travel, What is required regarding foreign Exchange Regulations During Travel?, employee conduct, workplace behaviour, workplace behavior, staff discipline, ethical conduct, service rules, employee obligations, Foreign, Exchange, Regulations, During, Travel, required, traveling, abroad, duty, leave, ensure, strict, compliance, State, Bank, Pakistan, well, countries, visited, them, layover, stations, local, Management, endeavor, advise, all, crew, members, currency, any, changes, made, therein, time, found, violating, instructions, render, liable, disciplinary, action, Foreign Exchange, Exchange Regulations, Regulations During, During Travel, Travel required, required foreign, Travel traveling, traveling abroad, abroad duty, duty leave, leave ensure, ensure strict, strict compliance, compliance Foreign, Regulations State, State Bank, Bank Pakistan, Pakistan well, well foreign, foreign countries",14,A.O.39/81
General Conduct,"What is the PIA rule about identity Cards, Apron Passes, Uniforms and Security Stickers?",PIA Security sticker should be affixed on the wind-shield of the car.,"PIA Chapter 13, PIA discipline and general conduct, PIA employee policy, General Conduct, Identity Cards, Apron Passes, Uniforms and Security Stickers, What is the PIA rule about identity Cards, Apron Passes, Uniforms and Security Stickers?, employee conduct, workplace behaviour, workplace behavior, staff discipline, ethical conduct, service rules, employee obligations, Identity, Cards, Apron, Passes, Uniforms, Security, Stickers, rule, sticker, affixed, wind-shield, car, Identity Cards, Cards Apron, Apron Passes, Passes Uniforms, Uniforms Security, Security Stickers, Stickers rule, rule identity, Stickers Security, Security sticker, sticker affixed, affixed wind-shield, wind-shield car, Identity Cards Apron, Cards Apron Passes, Apron Passes Uniforms, Passes Uniforms Security, Uniforms Security Stickers, Security Stickers rule, Stickers rule identity, rule identity Cards, Security Stickers Security, Stickers Security sticker, Security sticker affixed, sticker affixed wind-shield, affixed wind-shield car",14,Circular No. 27/2019; Circular
General Conduct,"What is required regarding identity Cards, Apron Passes, Uniforms and Security Stickers?","Employees who are entitled to uniform and performing duties at customer front ends should wear it while on duty, along with name plates.","PIA Chapter 13, PIA discipline and general conduct, PIA employee policy, General Conduct, Identity Cards, Apron Passes, Uniforms and Security Stickers, What is required regarding identity Cards, Apron Passes, Uniforms and Security Stickers?, employee conduct, workplace behaviour, workplace behavior, staff discipline, ethical conduct, service rules, employee obligations, Identity, Cards, Apron, Passes, Uniforms, Security, Stickers, required, who, entitled, uniform, performing, duties, customer, front, ends, wear, while, duty, along, name, plates, Identity Cards, Cards Apron, Apron Passes, Passes Uniforms, Uniforms Security, Security Stickers, Stickers required, required identity, Stickers who, who entitled, entitled uniform, uniform performing, performing duties, duties customer, customer front, front ends, ends wear, wear while, while duty, duty along, along name, name plates, Identity Cards Apron, Cards Apron Passes, Apron Passes Uniforms, Passes Uniforms Security, Uniforms Security Stickers, Security Stickers required, Stickers required identity, required identity Cards, Security Stickers who, Stickers who entitled, who entitled uniform, entitled uniform performing, uniform performing duties, performing duties customer, duties customer front, customer front ends, front ends wear, ends wear while",14,Circular No. 27/2019; Circular
General Conduct,"What is required regarding identity Cards, Apron Passes, Uniforms and Security Stickers?","At foreign stations, use to Identity Cards will be in accordance with the laws, regulations and practice of their respective countries/stations.","PIA Chapter 13, PIA discipline and general conduct, PIA employee policy, General Conduct, Identity Cards, Apron Passes, Uniforms and Security Stickers, What is required regarding identity Cards, Apron Passes, Uniforms and Security Stickers?, employee conduct, workplace behaviour, workplace behavior, staff discipline, ethical conduct, service rules, employee obligations, Identity, Cards, Apron, Passes, Uniforms, Security, Stickers, required, foreign, stations, use, accordance, laws, regulations, practice, respective, countries/stations, Identity Cards, Cards Apron, Apron Passes, Passes Uniforms, Uniforms Security, Security Stickers, Stickers required, required identity, Stickers foreign, foreign stations, stations use, use Identity, Cards accordance, accordance laws, laws regulations, regulations practice, practice respective, respective countries/stations, Identity Cards Apron, Cards Apron Passes, Apron Passes Uniforms, Passes Uniforms Security, Uniforms Security Stickers, Security Stickers required, Stickers required identity, required identity Cards, Security Stickers foreign, Stickers foreign stations, foreign stations use, stations use Identity, use Identity Cards, Identity Cards accordance, Cards accordance laws, accordance laws regulations, laws regulations practice, regulations practice respective, practice respective countries/stations",14,Circular No. 27/2019; Circular
General Conduct,"What is required regarding identity Cards, Apron Passes, Uniforms and Security Stickers?","While on duty, all employees should display PIA Identity Cards, however, while working within restricted airport areas Apron passes must also be displayed.","PIA Chapter 13, PIA discipline and general conduct, PIA employee policy, General Conduct, Identity Cards, Apron Passes, Uniforms and Security Stickers, What is required regarding identity Cards, Apron Passes, Uniforms and Security Stickers?, employee conduct, workplace behaviour, workplace behavior, staff discipline, ethical conduct, service rules, employee obligations, Identity, Cards, Apron, Passes, Uniforms, Security, Stickers, required, While, duty, all, display, however, working, within, restricted, airport, areas, also, displayed, Identity Cards, Cards Apron, Apron Passes, Passes Uniforms, Uniforms Security, Security Stickers, Stickers required, required identity, Stickers While, While duty, duty all, all display, display Identity, Cards however, however while, while working, working within, within restricted, restricted airport, airport areas, areas Apron, passes also, also displayed, Identity Cards Apron, Cards Apron Passes, Apron Passes Uniforms, Passes Uniforms Security, Uniforms Security Stickers, Security Stickers required, Stickers required identity, required identity Cards, Security Stickers While, Stickers While duty, While duty all, duty all display, all display Identity, display Identity Cards, Identity Cards however, Cards however while, however while working, while working within, working within restricted",14,Circular No. 27/2019; Circular
General Conduct,"What is required regarding identity Cards, Apron Passes, Uniforms and Security Stickers?",Employees not working in the restricted areas must always be in possession of their Identity Cards while on duty and must produce the same as and when asked to do so by the Security Staff.,"PIA Chapter 13, PIA discipline and general conduct, PIA employee policy, General Conduct, Identity Cards, Apron Passes, Uniforms and Security Stickers, What is required regarding identity Cards, Apron Passes, Uniforms and Security Stickers?, employee conduct, workplace behaviour, workplace behavior, staff discipline, ethical conduct, service rules, employee obligations, Identity, Cards, Apron, Passes, Uniforms, Security, Stickers, required, not, working, restricted, areas, always, possession, while, duty, produce, same, when, asked, Staff, Identity Cards, Cards Apron, Apron Passes, Passes Uniforms, Uniforms Security, Security Stickers, Stickers required, required identity, Stickers not, not working, working restricted, restricted areas, areas always, always possession, possession Identity, Cards while, while duty, duty produce, produce same, same when, when asked, asked Security, Security Staff, Identity Cards Apron, Cards Apron Passes, Apron Passes Uniforms, Passes Uniforms Security, Uniforms Security Stickers, Security Stickers required, Stickers required identity, required identity Cards, Security Stickers not, Stickers not working, not working restricted, working restricted areas, restricted areas always, areas always possession, always possession Identity, possession Identity Cards, Identity Cards while, Cards while duty",14,Circular No. 27/2019; Circular
General Conduct,"What is the rule about identity Cards, Apron Passes, Uniforms and Security Stickers?",The above measures are essential requirement for maintaining general security and discipline within the premises and working areas of the PIACL and must be complied with by the employees without fail.,"PIA Chapter 13, PIA discipline and general conduct, PIA employee policy, General Conduct, Identity Cards, Apron Passes, Uniforms and Security Stickers, What is the rule about identity Cards, Apron Passes, Uniforms and Security Stickers?, employee conduct, workplace behaviour, workplace behavior, staff discipline, ethical conduct, service rules, employee obligations, Identity, Cards, Apron, Passes, Uniforms, Security, Stickers, rule, above, measures, essential, requirement, maintaining, general, discipline, within, premises, working, areas, complied, without, fail, Identity Cards, Cards Apron, Apron Passes, Passes Uniforms, Uniforms Security, Security Stickers, Stickers rule, rule identity, Stickers above, above measures, measures essential, essential requirement, requirement maintaining, maintaining general, general security, security discipline, discipline within, within premises, premises working, working areas, areas complied, complied without, without fail, Identity Cards Apron, Cards Apron Passes, Apron Passes Uniforms, Passes Uniforms Security, Uniforms Security Stickers, Security Stickers rule, Stickers rule identity, rule identity Cards, Security Stickers above, Stickers above measures, above measures essential, measures essential requirement, essential requirement maintaining, requirement maintaining general, maintaining general security, general security discipline, security discipline within",14,Circular No. 27/2019; Circular
General Conduct,What are the rules or steps for officers and Security Personnel Participating in CBA or Trade Unions?,"The IRA - 2012 clearly defines the participation of only workmen (employed in PG I to IV) in the affairs of CBA and trade unions, therefore, the employees in officer’s cadre and security personnel are not entitled to participate in the affairs and management of CBA and other trade unions.","PIA Chapter 13, PIA discipline and general conduct, PIA employee policy, General Conduct, Restriction on Officers and Security Personnel Participating in CBA or Trade Unions, What are the rules or steps for officers and Security Personnel Participating in CBA or Trade Unions?, employee conduct, workplace behaviour, workplace behavior, staff discipline, ethical conduct, service rules, employee obligations, Restriction, Officers, Security, Personnel, Participating, CBA, Trade, Unions, rules, steps, IRA, 2012, clearly, defines, participation, only, workmen, employed, affairs, therefore, officer, cadre, not, entitled, participate, management, other, Restriction Officers, Officers Security, Security Personnel, Personnel Participating, Participating CBA, CBA Trade, Trade Unions, Unions rules, rules steps, steps officers, Unions IRA, IRA 2012, 2012 clearly, clearly defines, defines participation, participation only, only workmen, workmen employed, employed affairs, affairs CBA, unions therefore, therefore officer, officer cadre, cadre security, personnel not, not entitled, entitled participate, participate affairs, affairs management, management CBA, CBA other, other trade, Restriction Officers Security, Officers Security Personnel, Security Personnel Participating",14,Circular No. 07/2022; Circular; Industrial Relations Act 2012; Dated: 20-05-2022
General Conduct,What amount or limit applies to officers and Security Personnel Participating in CBA or Trade Unions?,"PIACL employees in officer's cadre (PG-V and above) and Security Guards / Staff, who are not authorized to be part of any Trade Union or participate in its activities, as specified in Industrial Relations Act 2012 (IRA - 2012) are participating in the affairs and management of Collective Bargaining Agent (CBA) and other Trade Unions of PIACL.","PIA Chapter 13, PIA discipline and general conduct, PIA employee policy, General Conduct, Restriction on Officers and Security Personnel Participating in CBA or Trade Unions, What amount or limit applies to officers and Security Personnel Participating in CBA or Trade Unions?, employee conduct, workplace behaviour, workplace behavior, staff discipline, ethical conduct, service rules, employee obligations, Restriction, Officers, Security, Personnel, Participating, CBA, Trade, Unions, amount, limit, applies, officer's, cadre, PG-V, above, Guards, Staff, who, not, authorized, part, any, Union, participate, activities, specified, Industrial, Relations, Act, 2012, IRA, affairs, management, Collective, Bargaining, Agent, other, Restriction Officers, Officers Security, Security Personnel, Personnel Participating, Participating CBA, CBA Trade, Trade Unions, Unions amount, amount limit, limit applies, applies officers, Unions officer's, officer's cadre, cadre PG-V, PG-V above, above Security, Security Guards, Guards Staff, Staff who, who not, not authorized, authorized part, part any, any Trade, Trade Union",14,Circular No. 07/2022; Circular; Industrial Relations Act 2012; Dated: 20-05-2022
General Conduct,What is the PIA rule about cODE OF CONDUCT?,PIAC Board of Directors has approved Code of Conduct as per Appendix “A”.,"PIA Chapter 13, PIA discipline and general conduct, PIA employee policy, General Conduct, CODE OF CONDUCT, What is the PIA rule about cODE OF CONDUCT?, employee conduct, workplace behaviour, workplace behavior, staff discipline, ethical conduct, service rules, employee obligations, CODE, CONDUCT, rule, PIAC, Board, Directors, has, approved, per, Appendix, CODE CONDUCT, CONDUCT rule, rule cODE, CONDUCT PIAC, PIAC Board, Board Directors, Directors has, has approved, approved Code, Conduct per, per Appendix, CODE CONDUCT rule, CONDUCT rule cODE, rule cODE CONDUCT, cODE CONDUCT PIAC, CONDUCT PIAC Board, PIAC Board Directors, Board Directors has, Directors has approved, has approved Code, approved Code Conduct, Code Conduct per, Conduct per Appendix",15,
General Conduct,What is required regarding cODE OF CONDUCT?,"Printed Forms, as per Appendix ‘ D’ will be issued from PIA Stores against Internal Demand & Issue Voucher.","PIA Chapter 13, PIA discipline and general conduct, PIA employee policy, General Conduct, CODE OF CONDUCT, What is required regarding cODE OF CONDUCT?, employee conduct, workplace behaviour, workplace behavior, staff discipline, ethical conduct, service rules, employee obligations, CODE, CONDUCT, required, Printed, Forms, per, Appendix, issued, Stores, against, Internal, Demand, Issue, Voucher, CODE CONDUCT, CONDUCT required, required cODE, CONDUCT Printed, Printed Forms, Forms per, per Appendix, Appendix issued, issued Stores, Stores against, against Internal, Internal Demand, Demand Issue, Issue Voucher, CODE CONDUCT required, CONDUCT required cODE, required cODE CONDUCT, cODE CONDUCT Printed, CONDUCT Printed Forms, Printed Forms per, Forms per Appendix, per Appendix issued, Appendix issued Stores, issued Stores against, Stores against Internal, against Internal Demand, Internal Demand Issue, Demand Issue Voucher",15,
General Conduct,What is required regarding cODE OF CONDUCT?,"All employees, whether regular or contractual, must submit annual declaration through their annual Performance Appraisal Reports (PAR).","PIA Chapter 13, PIA discipline and general conduct, PIA employee policy, General Conduct, CODE OF CONDUCT, What is required regarding cODE OF CONDUCT?, employee conduct, workplace behaviour, workplace behavior, staff discipline, ethical conduct, service rules, employee obligations, CODE, CONDUCT, required, All, whether, regular, contractual, submit, annual, declaration, through, Performance, Appraisal, Reports, PAR, CODE CONDUCT, CONDUCT required, required cODE, CONDUCT All, All whether, whether regular, regular contractual, contractual submit, submit annual, annual declaration, declaration through, through annual, annual Performance, Performance Appraisal, Appraisal Reports, Reports PAR, CODE CONDUCT required, CONDUCT required cODE, required cODE CONDUCT, cODE CONDUCT All, CONDUCT All whether, All whether regular, whether regular contractual, regular contractual submit, contractual submit annual, submit annual declaration, annual declaration through, declaration through annual, through annual Performance, annual Performance Appraisal, Performance Appraisal Reports, Appraisal Reports PAR, Performance Appraisal Report, PAR Performance Appraisal Report",15,
General Conduct,What is the responsibility of the HR Business Manager concerned?,"HR Business Manager concerned must arrange distribution of the forms to employees of their Department, along with Declaration of Assets forms Signed statements will be placed in Personal files of employees.","PIA Chapter 13, PIA discipline and general conduct, PIA employee policy, General Conduct, CODE OF CONDUCT, What is the responsibility of the HR Business Manager concerned?, employee conduct, workplace behaviour, workplace behavior, staff discipline, ethical conduct, service rules, employee obligations, CODE, CONDUCT, responsibility, Business, Manager, concerned, arrange, distribution, forms, Department, along, Declaration, Assets, Signed, statements, placed, Personal, files, CODE CONDUCT, CONDUCT responsibility, responsibility Business, Business Manager, Manager concerned, concerned Business, concerned arrange, arrange distribution, distribution forms, forms Department, Department along, along Declaration, Declaration Assets, Assets forms, forms Signed, Signed statements, statements placed, placed Personal, Personal files, CODE CONDUCT responsibility, CONDUCT responsibility Business, responsibility Business Manager, Business Manager concerned, Manager concerned Business, concerned Business Manager, Manager concerned arrange, concerned arrange distribution, arrange distribution forms, distribution forms Department, forms Department along, Department along Declaration, along Declaration Assets, Declaration Assets forms, Assets forms Signed, forms Signed statements, Signed statements placed, statements placed Personal, placed Personal files, HR, Human Resources, HR Human Resources",15,
General Conduct,What is the PIA rule about disclosure of Conflicts of interest?,"Any member of PIA family having any relative working with PIA, need to disclose the same to PIA Management.","PIA Chapter 13, PIA discipline and general conduct, PIA employee policy, General Conduct, Disclosure of Conflicts of interest, What is the PIA rule about disclosure of Conflicts of interest?, employee conduct, workplace behaviour, workplace behavior, staff discipline, ethical conduct, service rules, employee obligations, Disclosure, Conflicts, interest, rule, Any, member, family, having, relative, working, need, disclose, same, Management, Disclosure Conflicts, Conflicts interest, interest rule, rule disclosure, interest Any, Any member, member family, family having, having any, any relative, relative working, working need, need disclose, disclose same, same Management, Disclosure Conflicts interest, Conflicts interest rule, interest rule disclosure, rule disclosure Conflicts, Conflicts interest Any, interest Any member, Any member family, member family having, family having any, having any relative, any relative working, relative working need, working need disclose, need disclose same, disclose same Management",15,Cir.No.31/09
General Conduct,What are the rules or steps for disclosure of Conflicts of interest?,Any member of the PIA family participating in any external activity directly or indirectly that competes with PIA in any manner;,"PIA Chapter 13, PIA discipline and general conduct, PIA employee policy, General Conduct, Disclosure of Conflicts of interest, What are the rules or steps for disclosure of Conflicts of interest?, employee conduct, workplace behaviour, workplace behavior, staff discipline, ethical conduct, service rules, employee obligations, Disclosure, Conflicts, interest, rules, steps, Any, member, family, participating, external, activity, directly, indirectly, competes, manner, Disclosure Conflicts, Conflicts interest, interest rules, rules steps, steps disclosure, interest Any, Any member, member family, family participating, participating any, any external, external activity, activity directly, directly indirectly, indirectly competes, competes any, any manner, Disclosure Conflicts interest, Conflicts interest rules, interest rules steps, rules steps disclosure, steps disclosure Conflicts, Conflicts interest Any, interest Any member, Any member family, member family participating, family participating any, participating any external, any external activity, external activity directly, activity directly indirectly, directly indirectly competes, indirectly competes any, competes any manner",15,Cir.No.31/09
General Conduct,What is required regarding disclosure of Conflicts of interest?,"Any member of PIA, f a m i l y conducting personal business activities on PLR's premises or using PM’s facilities, f o r such purposes, is strictly forbidden;","PIA Chapter 13, PIA discipline and general conduct, PIA employee policy, General Conduct, Disclosure of Conflicts of interest, What is required regarding disclosure of Conflicts of interest?, employee conduct, workplace behaviour, workplace behavior, staff discipline, ethical conduct, service rules, employee obligations, Disclosure, Conflicts, interest, required, Any, member, conducting, personal, business, activities, PLR's, premises, using, facilities, such, purposes, strictly, forbidden, Disclosure Conflicts, Conflicts interest, interest required, required disclosure, interest Any, Any member, member conducting, conducting personal, personal business, business activities, activities PLR's, PLR's premises, premises using, using facilities, facilities such, such purposes, purposes strictly, strictly forbidden, Disclosure Conflicts interest, Conflicts interest required, interest required disclosure, required disclosure Conflicts, Conflicts interest Any, interest Any member, Any member conducting, member conducting personal, conducting personal business, personal business activities, business activities PLR's, activities PLR's premises, PLR's premises using, premises using facilities, using facilities such, facilities such purposes, such purposes strictly, purposes strictly forbidden",15,Cir.No.31/09
General Conduct,What is required regarding disclosure of Conflicts of interest?,"Any member of the PIA family selling, leasing or buying equipment, material or services to /from PIA, except when it may be necessary in the normal course of his / her duties;","PIA Chapter 13, PIA discipline and general conduct, PIA employee policy, General Conduct, Disclosure of Conflicts of interest, What is required regarding disclosure of Conflicts of interest?, employee conduct, workplace behaviour, workplace behavior, staff discipline, ethical conduct, service rules, employee obligations, Disclosure, Conflicts, interest, required, Any, member, family, selling, leasing, buying, equipment, material, services, except, when, may, necessary, normal, course, duties, Disclosure Conflicts, Conflicts interest, interest required, required disclosure, interest Any, Any member, member family, family selling, selling leasing, leasing buying, buying equipment, equipment material, material services, services except, except when, when may, may necessary, necessary normal, normal course, course duties, Disclosure Conflicts interest, Conflicts interest required, interest required disclosure, required disclosure Conflicts, Conflicts interest Any, interest Any member, Any member family, member family selling, family selling leasing, selling leasing buying, leasing buying equipment, buying equipment material, equipment material services, material services except, services except when, except when may, when may necessary, may necessary normal, necessary normal course, normal course duties",15,Cir.No.31/09
General Conduct,What is required regarding disclosure of Conflicts of interest?,"Any member of PIA family or any member of his / her family (including employee 's and spouse's parents, brothers, sisters and children) having an interest in any organization supplying goods or services to PIA;","PIA Chapter 13, PIA discipline and general conduct, PIA employee policy, General Conduct, Disclosure of Conflicts of interest, What is required regarding disclosure of Conflicts of interest?, employee conduct, workplace behaviour, workplace behavior, staff discipline, ethical conduct, service rules, employee obligations, Disclosure, Conflicts, interest, required, Any, member, family, including, spouse's, parents, brothers, sisters, children, having, organization, supplying, goods, services, Disclosure Conflicts, Conflicts interest, interest required, required disclosure, interest Any, Any member, member family, family any, family including, including spouse's, spouse's parents, parents brothers, brothers sisters, sisters children, children having, having interest, any organization, organization supplying, supplying goods, goods services, Disclosure Conflicts interest, Conflicts interest required, interest required disclosure, required disclosure Conflicts, Conflicts interest Any, interest Any member, Any member family, member family any, family any member, member family including, family including spouse's, including spouse's parents, spouse's parents brothers, parents brothers sisters, brothers sisters children, sisters children having, children having interest, having interest any, interest any organization, any organization supplying, organization supplying goods, supplying goods services",15,Cir.No.31/09
General Conduct,What is required regarding disclosure of Conflicts of interest?,"Any member of PIA family having direct or indirect interest or family connections, with an external organization that has the business dealing with PIA, need to disclose the details of such connections and interests;","PIA Chapter 13, PIA discipline and general conduct, PIA employee policy, General Conduct, Disclosure of Conflicts of interest, What is required regarding disclosure of Conflicts of interest?, employee conduct, workplace behaviour, workplace behavior, staff discipline, ethical conduct, service rules, employee obligations, Disclosure, Conflicts, interest, required, Any, member, family, having, direct, indirect, connections, external, organization, has, business, dealing, need, disclose, details, such, interests, Disclosure Conflicts, Conflicts interest, interest required, required disclosure, interest Any, Any member, member family, family having, having direct, direct indirect, indirect interest, interest family, family connections, connections external, external organization, organization has, has business, business dealing, dealing need, need disclose, disclose details, details such, such connections, connections interests, Disclosure Conflicts interest, Conflicts interest required, interest required disclosure, required disclosure Conflicts, Conflicts interest Any, interest Any member, Any member family, member family having, family having direct, having direct indirect, direct indirect interest, indirect interest family, interest family connections, family connections external, connections external organization, external organization has, organization has business",15,Cir.No.31/09
General Conduct,What is required regarding disclosure of Conflicts of interest?,"Any member of PIA family serving as an officer or C h i e f of any other organization or in any management capacity for, or as a consultant to any individual, firm or other organization doing or seeking to do business with the PIA or any affiliate, need to get acknowledgement and prior consent of PIA Management;","PIA Chapter 13, PIA discipline and general conduct, PIA employee policy, General Conduct, Disclosure of Conflicts of interest, What is required regarding disclosure of Conflicts of interest?, employee conduct, workplace behaviour, workplace behavior, staff discipline, ethical conduct, service rules, employee obligations, Disclosure, Conflicts, interest, required, Any, member, family, serving, officer, other, organization, management, capacity, consultant, individual, firm, doing, seeking, business, affiliate, need, get, acknowledgement, prior, consent, Disclosure Conflicts, Conflicts interest, interest required, required disclosure, interest Any, Any member, member family, family serving, serving officer, officer any, any other, other organization, organization any, any management, management capacity, capacity consultant, consultant any, any individual, individual firm, firm other, organization doing, doing seeking, seeking business, business any, any affiliate, affiliate need, need get, get acknowledgement, acknowledgement prior, prior consent, consent Management, Disclosure Conflicts interest, Conflicts interest required, interest required disclosure, required disclosure Conflicts, Conflicts interest Any, interest Any member",15,Cir.No.31/09
General Conduct,What is the PIA rule about annual Conflict of Interest Declaration?,"All employees, whether regular or contractual, must submit annual declaration disclosing conflicts of interest, if any, through their annual Performance Appraisal Reports (PAR).","PIA Chapter 13, PIA discipline and general conduct, PIA employee policy, General Conduct, Annual Conflict of Interest Declaration, What is the PIA rule about annual Conflict of Interest Declaration?, employee conduct, workplace behaviour, workplace behavior, staff discipline, ethical conduct, service rules, employee obligations, Annual, Conflict, Interest, Declaration, rule, All, whether, regular, contractual, submit, disclosing, conflicts, any, through, Performance, Appraisal, Reports, PAR, Annual Conflict, Conflict Interest, Interest Declaration, Declaration rule, rule annual, Declaration All, All whether, whether regular, regular contractual, contractual submit, submit annual, annual declaration, declaration disclosing, disclosing conflicts, conflicts interest, interest any, any through, through annual, annual Performance, Performance Appraisal, Appraisal Reports, Reports PAR, Annual Conflict Interest, Conflict Interest Declaration, Interest Declaration rule, Declaration rule annual, rule annual Conflict, Interest Declaration All, Declaration All whether, All whether regular, whether regular contractual, regular contractual submit, contractual submit annual, submit annual declaration, annual declaration disclosing, declaration disclosing conflicts, disclosing conflicts interest, conflicts interest any, interest any through, any through annual, through annual Performance, annual Performance Appraisal, Performance Appraisal Reports, Appraisal Reports PAR",16,Cir.No.31/2009; Dated: 22-07-2009
General Conduct,What is the PIA rule about carrying Food from Cafeterias or Canteens for Home?,"Employees are, therefore, have been advised in their own interest to refrain from this practice. Security personnel deputed at different locations / installations have also been advised to strictly monitor the movement of food items.","PIA Chapter 13, PIA discipline and general conduct, PIA employee policy, General Conduct, Carrying Food from Cafeterias or Canteens for Home, What is the PIA rule about carrying Food from Cafeterias or Canteens for Home?, employee conduct, workplace behaviour, workplace behavior, staff discipline, ethical conduct, service rules, employee obligations, Carrying, Food, Cafeterias, Canteens, Home, rule, therefore, have, advised, own, interest, refrain, practice, Security, personnel, deputed, different, locations, installations, also, strictly, monitor, movement, items, Carrying Food, Food Cafeterias, Cafeterias Canteens, Canteens Home, Home rule, rule carrying, Home therefore, therefore have, have advised, advised own, own interest, interest refrain, refrain practice, practice Security, Security personnel, personnel deputed, deputed different, different locations, locations installations, installations have, have also, also advised, advised strictly, strictly monitor, monitor movement, movement food, food items, Carrying Food Cafeterias, Food Cafeterias Canteens, Cafeterias Canteens Home, Canteens Home rule, Home rule carrying, rule carrying Food, Canteens Home therefore, Home therefore have, therefore have advised, have advised own, advised own interest",16,Cir.No.109/08
General Conduct,What are the rules or steps for carrying Food from Cafeterias or Canteens for Home?,"Cafeteria / Canteens for home: Company has made arrangements for providing meal facility to its employees on subsidized rates and is paying huge amount to the Contractors in this regard, as such in the event of carrying food items from Cafeteria / Canteens for home, not only increases expenses on the part of the Company, but also some times results in scarcity of food for providing to other employees.","PIA Chapter 13, PIA discipline and general conduct, PIA employee policy, General Conduct, Carrying Food from Cafeterias or Canteens for Home, What are the rules or steps for carrying Food from Cafeterias or Canteens for Home?, employee conduct, workplace behaviour, workplace behavior, staff discipline, ethical conduct, service rules, employee obligations, Carrying, Food, Cafeterias, Canteens, Home, rules, steps, Cafeteria, has, made, arrangements, providing, meal, facility, subsidized, rates, paying, huge, amount, Contractors, regard, such, event, items, not, only, increases, expenses, part, but, also, some, times, results, scarcity, other, Carrying Food, Food Cafeterias, Cafeterias Canteens, Canteens Home, Home rules, rules steps, steps carrying, Home Cafeteria, Cafeteria Canteens, home has, has made, made arrangements, arrangements providing, providing meal, meal facility, facility subsidized, subsidized rates, rates paying, paying huge, huge amount, amount Contractors, Contractors regard, regard such, such event, event carrying, food items",16,Cir.No.109/08
General Conduct,"What is the PIA rule about discipline, Good Conduct and Ethics at Front and Sales Offices?",Those employees who have been issued uniform should wear full uniform while on duty.,"PIA Chapter 13, PIA discipline and general conduct, PIA employee policy, General Conduct, Discipline, Good Conduct and Ethics at Front and Sales Offices, What is the PIA rule about discipline, Good Conduct and Ethics at Front and Sales Offices?, employee conduct, workplace behaviour, workplace behavior, staff discipline, ethical conduct, service rules, employee obligations, Discipline, Good, Conduct, Ethics, Front, Sales, Offices, rule, who, have, issued, uniform, wear, full, while, duty, Discipline Good, Good Conduct, Conduct Ethics, Ethics Front, Front Sales, Sales Offices, Offices rule, rule discipline, Offices who, who have, have issued, issued uniform, uniform wear, wear full, full uniform, uniform while, while duty, Discipline Good Conduct, Good Conduct Ethics, Conduct Ethics Front, Ethics Front Sales, Front Sales Offices, Sales Offices rule, Offices rule discipline, rule discipline Good, Sales Offices who, Offices who have, who have issued, have issued uniform, issued uniform wear, uniform wear full, wear full uniform, full uniform while, uniform while duty",16,Cir.No.95/2008
General Conduct,"What action can be taken for discipline, Good Conduct and Ethics at Front and Sales Offices?","Leaving place of work without the permission of Officer Incharge is misconduct, for which the employee must face disciplinary action as per rules.","PIA Chapter 13, PIA discipline and general conduct, PIA employee policy, General Conduct, Discipline, Good Conduct and Ethics at Front and Sales Offices, What action can be taken for discipline, Good Conduct and Ethics at Front and Sales Offices?, employee conduct, workplace behaviour, workplace behavior, staff discipline, ethical conduct, service rules, employee obligations, Discipline, Good, Conduct, Ethics, Front, Sales, Offices, action, taken, Leaving, place, work, without, permission, Officer, Incharge, misconduct, which, face, disciplinary, per, rules, Discipline Good, Good Conduct, Conduct Ethics, Ethics Front, Front Sales, Sales Offices, Offices action, action taken, taken discipline, Offices Leaving, Leaving place, place work, work without, without permission, permission Officer, Officer Incharge, Incharge misconduct, misconduct which, which face, face disciplinary, disciplinary action, action per, per rules, Discipline Good Conduct, Good Conduct Ethics, Conduct Ethics Front, Ethics Front Sales, Front Sales Offices, Sales Offices action, Offices action taken, action taken discipline, taken discipline Good, Sales Offices Leaving, Offices Leaving place, Leaving place work, place work without, work without permission, without permission Officer, permission Officer Incharge, Officer Incharge misconduct",16,Cir.No.95/2008
General Conduct,Can employees Smoking is prohibited in offices & public places by the Federal Government?,Smoking is prohibited in offices & public places by the Federal Government. The defaulter is liable for penal action and fine under applicable law.,"PIA Chapter 13, PIA discipline and general conduct, PIA employee policy, General Conduct, Discipline, Good Conduct and Ethics at Front and Sales Offices, Can employees Smoking is prohibited in offices & public places by the Federal Government?, employee conduct, workplace behaviour, workplace behavior, staff discipline, ethical conduct, service rules, employee obligations, Discipline, Good, Conduct, Ethics, Front, Sales, Offices, Smoking, prohibited, public, places, Federal, Government, defaulter, liable, penal, action, fine, applicable, law, Discipline Good, Good Conduct, Conduct Ethics, Ethics Front, Front Sales, Sales Offices, Offices Smoking, Smoking prohibited, prohibited offices, offices public, public places, places Federal, Federal Government, Government Smoking, Government defaulter, defaulter liable, liable penal, penal action, action fine, fine applicable, applicable law, Discipline Good Conduct, Good Conduct Ethics, Conduct Ethics Front, Ethics Front Sales, Front Sales Offices, Sales Offices Smoking, Offices Smoking prohibited, Smoking prohibited offices, prohibited offices public, offices public places, public places Federal, places Federal Government, Federal Government Smoking, Government Smoking prohibited, Federal Government defaulter, Government defaulter liable, defaulter liable penal, liable penal action, penal action fine, action fine applicable, fine applicable law",16,Cir.No.95/2008
General Conduct,"What is required regarding discipline, Good Conduct and Ethics at Front and Sales Offices?","In order to survive in the competitive airline industry and to earn revenue, customers should be given full attention and served with the smile on face.","PIA Chapter 13, PIA discipline and general conduct, PIA employee policy, General Conduct, Discipline, Good Conduct and Ethics at Front and Sales Offices, What is required regarding discipline, Good Conduct and Ethics at Front and Sales Offices?, employee conduct, workplace behaviour, workplace behavior, staff discipline, ethical conduct, service rules, employee obligations, Discipline, Good, Conduct, Ethics, Front, Sales, Offices, required, order, survive, competitive, airline, industry, earn, revenue, customers, given, full, attention, served, smile, face, Discipline Good, Good Conduct, Conduct Ethics, Ethics Front, Front Sales, Sales Offices, Offices required, required discipline, Offices order, order survive, survive competitive, competitive airline, airline industry, industry earn, earn revenue, revenue customers, customers given, given full, full attention, attention served, served smile, smile face, Discipline Good Conduct, Good Conduct Ethics, Conduct Ethics Front, Ethics Front Sales, Front Sales Offices, Sales Offices required, Offices required discipline, required discipline Good, Sales Offices order, Offices order survive, order survive competitive, survive competitive airline, competitive airline industry, airline industry earn, industry earn revenue, earn revenue customers, revenue customers given, customers given full",16,Cir.No.95/2008
General Conduct,"What amount or limit applies to discipline, Good Conduct and Ethics at Front and Sales Offices?","Attending personal calls on mobile phone during working hours results in wastage of duty time and distracts attention from passengers / works, as such should be avoided.","PIA Chapter 13, PIA discipline and general conduct, PIA employee policy, General Conduct, Discipline, Good Conduct and Ethics at Front and Sales Offices, What amount or limit applies to discipline, Good Conduct and Ethics at Front and Sales Offices?, employee conduct, workplace behaviour, workplace behavior, staff discipline, ethical conduct, service rules, employee obligations, Discipline, Good, Conduct, Ethics, Front, Sales, Offices, amount, limit, applies, Attending, personal, calls, mobile, phone, during, working, hours, results, wastage, duty, time, distracts, attention, passengers, works, such, avoided, Discipline Good, Good Conduct, Conduct Ethics, Ethics Front, Front Sales, Sales Offices, Offices amount, amount limit, limit applies, applies discipline, Offices Attending, Attending personal, personal calls, calls mobile, mobile phone, phone during, during working, working hours, hours results, results wastage, wastage duty, duty time, time distracts, distracts attention, attention passengers, passengers works, works such, such avoided, Discipline Good Conduct, Good Conduct Ethics, Conduct Ethics Front, Ethics Front Sales, Front Sales Offices, Sales Offices amount",16,Cir.No.95/2008
General Conduct,"What is required regarding discipline, Good Conduct and Ethics at Front and Sales Offices?","All employees are required to display PIA ID Card on chest, while on duty. Those who have been issued Apron Passes / Airport Entry Passes should also display the same when required working at the Airport / Apron areas.","PIA Chapter 13, PIA discipline and general conduct, PIA employee policy, General Conduct, Discipline, Good Conduct and Ethics at Front and Sales Offices, What is required regarding discipline, Good Conduct and Ethics at Front and Sales Offices?, employee conduct, workplace behaviour, workplace behavior, staff discipline, ethical conduct, service rules, employee obligations, Discipline, Good, Conduct, Ethics, Front, Sales, Offices, required, All, display, Card, chest, while, duty, who, have, issued, Apron, Passes, Airport, Entry, also, same, when, working, areas, Discipline Good, Good Conduct, Conduct Ethics, Ethics Front, Front Sales, Sales Offices, Offices required, required discipline, Offices All, All required, required display, display Card, Card chest, chest while, while duty, duty who, who have, have issued, issued Apron, Apron Passes, Passes Airport, Airport Entry, Entry Passes, Passes also, also display, display same, same when, when required, required working, working Airport, Airport Apron, Apron areas, Discipline Good Conduct, Good Conduct Ethics, Conduct Ethics Front, Ethics Front Sales",16,Cir.No.95/2008
General Conduct,How should official files and approval cases be moved?,Official files must move through official mail and the prescribed channel. They must not be handed to the applicant or sent directly to the competent authority outside the proper process.,"PIA Chapter 13, PIA discipline and general conduct, PIA employee policy, General Conduct, Movement of files through official mail only, How should official files and approval cases be moved?, employee conduct, workplace behaviour, workplace behavior, staff discipline, ethical conduct, service rules, employee obligations, Movement, files, through, official, mail, only, approval, cases, moved, move, prescribed, channel, They, not, handed, applicant, sent, directly, competent, authority, outside, proper, process, Movement files, files through, through official, official mail, mail only, only official, official files, files approval, approval cases, cases moved, moved Official, files move, move through, mail prescribed, prescribed channel, channel They, They not, not handed, handed applicant, applicant sent, sent directly, directly competent, competent authority, authority outside, outside proper, proper process, Movement files through, files through official, through official mail, official mail only, mail only official, only official files, official files approval, files approval cases, approval cases moved, cases moved Official, moved Official files, Official files move, files move through",16,Cir.No.04/2010
Employee Disciplinary Policy,What is the PIA rule about disciplinary Policy Guidelines?,"Appointed officer, cannot be someone junior in terms of PG to the accused employee.","PIA Chapter 13, PIA discipline and general conduct, PIA employee policy, Employee Disciplinary Policy, Disciplinary Policy Guidelines, What is the PIA rule about disciplinary Policy Guidelines?, disciplinary process, show cause notice, disciplinary inquiry, employee misconduct, penalty process, appeal, suspension, Disciplinary, Policy, Guidelines, rule, Appointed, officer, cannot, someone, junior, terms, accused, Disciplinary Policy, Policy Guidelines, Guidelines rule, rule disciplinary, Guidelines Appointed, Appointed officer, officer cannot, cannot someone, someone junior, junior terms, terms accused, Policy Guidelines rule, Guidelines rule disciplinary, rule disciplinary Policy, Policy Guidelines Appointed, Guidelines Appointed officer, Appointed officer cannot, officer cannot someone, cannot someone junior, someone junior terms, junior terms accused, PG, Pay Group, PG Pay Group",17,
Employee Disciplinary Policy,What must the An employee do regarding disciplinary Policy Guidelines?,"An employee can avail medical benefits for him/her-self, spouse & eligible dependants.","PIA Chapter 13, PIA discipline and general conduct, PIA employee policy, Employee Disciplinary Policy, Disciplinary Policy Guidelines, What must the An employee do regarding disciplinary Policy Guidelines?, disciplinary process, show cause notice, disciplinary inquiry, employee misconduct, penalty process, appeal, suspension, Disciplinary, Policy, Guidelines, avail, medical, benefits, him/her-self, spouse, eligible, dependants, Disciplinary Policy, Policy Guidelines, Guidelines disciplinary, Guidelines avail, avail medical, medical benefits, benefits him/her-self, him/her-self spouse, spouse eligible, eligible dependants, Policy Guidelines disciplinary, Guidelines disciplinary Policy, Policy Guidelines avail, Guidelines avail medical, avail medical benefits, medical benefits him/her-self, benefits him/her-self spouse, him/her-self spouse eligible, spouse eligible dependants",17,
Employee Disciplinary Policy,What is required regarding disciplinary Policy Guidelines?,"If required, the accused employee may travel on company requirement basis as per Company Services travel policy.","PIA Chapter 13, PIA discipline and general conduct, PIA employee policy, Employee Disciplinary Policy, Disciplinary Policy Guidelines, What is required regarding disciplinary Policy Guidelines?, disciplinary process, show cause notice, disciplinary inquiry, employee misconduct, penalty process, appeal, suspension, Disciplinary, Policy, Guidelines, required, accused, may, travel, requirement, basis, per, Services, Disciplinary Policy, Policy Guidelines, Guidelines required, required disciplinary, required accused, accused may, may travel, travel requirement, requirement basis, basis per, per Services, Services travel, travel policy, Policy Guidelines required, Guidelines required disciplinary, required disciplinary Policy, Guidelines required accused, required accused may, accused may travel, may travel requirement, travel requirement basis, requirement basis per, basis per Services, per Services travel, Services travel policy",17,
Employee Disciplinary Policy,What is required regarding disciplinary Policy Guidelines?,"Examine documents/statements/evidences during the inquiry proceedings, which are used or discussed in the inquiry.","PIA Chapter 13, PIA discipline and general conduct, PIA employee policy, Employee Disciplinary Policy, Disciplinary Policy Guidelines, What is required regarding disciplinary Policy Guidelines?, disciplinary process, show cause notice, disciplinary inquiry, employee misconduct, penalty process, appeal, suspension, Disciplinary, Policy, Guidelines, required, Examine, documents/statements/evidences, during, inquiry, proceedings, which, used, discussed, Disciplinary Policy, Policy Guidelines, Guidelines required, required disciplinary, Guidelines Examine, Examine documents/statements/evidences, documents/statements/evidences during, during inquiry, inquiry proceedings, proceedings which, which used, used discussed, discussed inquiry, Policy Guidelines required, Guidelines required disciplinary, required disciplinary Policy, Policy Guidelines Examine, Guidelines Examine documents/statements/evidences, Examine documents/statements/evidences during, documents/statements/evidences during inquiry, during inquiry proceedings, inquiry proceedings which, proceedings which used, which used discussed, used discussed inquiry",17,
Employee Disciplinary Policy,What is required regarding disciplinary Policy Guidelines?,"An employee cannot resign, opt early retirement or proceed on leave without pay (LWP) during the disciplinary process.","PIA Chapter 13, PIA discipline and general conduct, PIA employee policy, Employee Disciplinary Policy, Disciplinary Policy Guidelines, What is required regarding disciplinary Policy Guidelines?, disciplinary process, show cause notice, disciplinary inquiry, employee misconduct, penalty process, appeal, suspension, Disciplinary, Policy, Guidelines, required, cannot, resign, opt, early, retirement, proceed, leave, without, pay, LWP, during, process, Disciplinary Policy, Policy Guidelines, Guidelines required, required disciplinary, Guidelines cannot, cannot resign, resign opt, opt early, early retirement, retirement proceed, proceed leave, leave without, without pay, pay LWP, LWP during, during disciplinary, Policy Guidelines required, Guidelines required disciplinary, required disciplinary Policy, Policy Guidelines cannot, Guidelines cannot resign, cannot resign opt, resign opt early, opt early retirement, early retirement proceed, retirement proceed leave, proceed leave without, leave without pay, without pay LWP, pay LWP during, LWP during disciplinary, during disciplinary process, LWP Leave Without Pay",17,
Employee Disciplinary Policy,What is required regarding disciplinary Policy Guidelines?,"The disciplinary process will commence with issuance of show cause notice, followed by formal disciplinary inquiry process.","PIA Chapter 13, PIA discipline and general conduct, PIA employee policy, Employee Disciplinary Policy, Disciplinary Policy Guidelines, What is required regarding disciplinary Policy Guidelines?, disciplinary process, show cause notice, disciplinary inquiry, employee misconduct, penalty process, appeal, suspension, Disciplinary, Policy, Guidelines, required, process, commence, issuance, show, cause, notice, followed, formal, inquiry, Disciplinary Policy, Policy Guidelines, Guidelines required, required disciplinary, Guidelines disciplinary, process commence, commence issuance, issuance show, show cause, cause notice, notice followed, followed formal, formal disciplinary, inquiry process, Policy Guidelines required, Guidelines required disciplinary, required disciplinary Policy, Policy Guidelines disciplinary, Guidelines disciplinary process, disciplinary process commence, process commence issuance, commence issuance show, issuance show cause, cause notice followed, notice followed formal, followed formal disciplinary, formal disciplinary inquiry, disciplinary inquiry process",17,
Employee Disciplinary Policy,Is prior approval required for disciplinary Policy Guidelines?,"Leave the station of duty without prior written approval from the Competent Authority, who has ordered the inquiry/ investigation.","PIA Chapter 13, PIA discipline and general conduct, PIA employee policy, Employee Disciplinary Policy, Disciplinary Policy Guidelines, Is prior approval required for disciplinary Policy Guidelines?, disciplinary process, show cause notice, disciplinary inquiry, employee misconduct, penalty process, appeal, suspension, Disciplinary, Policy, Guidelines, prior, approval, required, Leave, station, duty, without, written, Competent, Authority, who, has, ordered, inquiry/, investigation, Disciplinary Policy, Policy Guidelines, Guidelines prior, prior approval, approval required, required disciplinary, Guidelines Leave, Leave station, station duty, duty without, without prior, prior written, written approval, approval Competent, Competent Authority, Authority who, who has, has ordered, ordered inquiry/, inquiry/ investigation, Policy Guidelines prior, Guidelines prior approval, prior approval required, approval required disciplinary, required disciplinary Policy, Policy Guidelines Leave, Guidelines Leave station, Leave station duty, station duty without, duty without prior, without prior written, prior written approval, written approval Competent, approval Competent Authority, Competent Authority who, Authority who has, who has ordered, has ordered inquiry/, ordered inquiry/ investigation",17,
Employee Disciplinary Policy,What is required regarding disciplinary Policy Guidelines?,"Subject to the outcome of the investigation/inquiry, the employee will be entitled to annual increment / salary revisions if applicable.","PIA Chapter 13, PIA discipline and general conduct, PIA employee policy, Employee Disciplinary Policy, Disciplinary Policy Guidelines, What is required regarding disciplinary Policy Guidelines?, disciplinary process, show cause notice, disciplinary inquiry, employee misconduct, penalty process, appeal, suspension, Disciplinary, Policy, Guidelines, required, Subject, outcome, investigation/inquiry, entitled, annual, increment, salary, revisions, applicable, Disciplinary Policy, Policy Guidelines, Guidelines required, required disciplinary, Guidelines Subject, Subject outcome, outcome investigation/inquiry, investigation/inquiry entitled, entitled annual, annual increment, increment salary, salary revisions, revisions applicable, Policy Guidelines required, Guidelines required disciplinary, required disciplinary Policy, Policy Guidelines Subject, Guidelines Subject outcome, Subject outcome investigation/inquiry, outcome investigation/inquiry entitled, investigation/inquiry entitled annual, entitled annual increment, annual increment salary, increment salary revisions, salary revisions applicable",17,
Employee Disciplinary Policy,What is required regarding disciplinary Policy Guidelines?,Enter or seek to enter the work premises or any other work location without prior written approval from the Competent the disciplinary process.,"PIA Chapter 13, PIA discipline and general conduct, PIA employee policy, Employee Disciplinary Policy, Disciplinary Policy Guidelines, What is required regarding disciplinary Policy Guidelines?, disciplinary process, show cause notice, disciplinary inquiry, employee misconduct, penalty process, appeal, suspension, Disciplinary, Policy, Guidelines, required, Enter, seek, work, premises, any, other, location, without, prior, written, approval, Competent, process, Disciplinary Policy, Policy Guidelines, Guidelines required, required disciplinary, Guidelines Enter, Enter seek, seek enter, enter work, work premises, premises any, any other, other work, work location, location without, without prior, prior written, written approval, approval Competent, Competent disciplinary, Policy Guidelines required, Guidelines required disciplinary, required disciplinary Policy, Policy Guidelines Enter, Guidelines Enter seek, Enter seek enter, seek enter work, enter work premises, work premises any, premises any other, any other work, other work location, work location without, location without prior, without prior written, prior written approval, written approval Competent, approval Competent disciplinary, Competent disciplinary process",17,
Employee Disciplinary Policy,What is required regarding disciplinary Policy Guidelines?,"An employee cannot avail any type of rebated air ticket / passage facility for himself / herself, spouse or eligible dependants (children /parents).","PIA Chapter 13, PIA discipline and general conduct, PIA employee policy, Employee Disciplinary Policy, Disciplinary Policy Guidelines, What is required regarding disciplinary Policy Guidelines?, disciplinary process, show cause notice, disciplinary inquiry, employee misconduct, penalty process, appeal, suspension, Disciplinary, Policy, Guidelines, required, cannot, avail, any, type, rebated, air, ticket, passage, facility, himself, herself, spouse, eligible, dependants, children, parents, Disciplinary Policy, Policy Guidelines, Guidelines required, required disciplinary, Guidelines cannot, cannot avail, avail any, any type, type rebated, rebated air, air ticket, ticket passage, passage facility, facility himself, himself herself, herself spouse, spouse eligible, eligible dependants, dependants children, children parents, Policy Guidelines required, Guidelines required disciplinary, required disciplinary Policy, Policy Guidelines cannot, Guidelines cannot avail, cannot avail any, avail any type, any type rebated, type rebated air, rebated air ticket, air ticket passage, ticket passage facility, passage facility himself, facility himself herself, himself herself spouse, herself spouse eligible, spouse eligible dependants, eligible dependants children, dependants children parents",17,
Employee Disciplinary Policy,What are the rules or steps for disciplinary Policy Guidelines?,"Contact, intimidate, directly influence or seek to influence through a third party any other person involved in the incident who may act as a witness.","PIA Chapter 13, PIA discipline and general conduct, PIA employee policy, Employee Disciplinary Policy, Disciplinary Policy Guidelines, What are the rules or steps for disciplinary Policy Guidelines?, disciplinary process, show cause notice, disciplinary inquiry, employee misconduct, penalty process, appeal, suspension, Disciplinary, Policy, Guidelines, rules, steps, Contact, intimidate, directly, influence, seek, through, third, party, any, other, person, involved, incident, who, may, act, witness, Disciplinary Policy, Policy Guidelines, Guidelines rules, rules steps, steps disciplinary, Guidelines Contact, Contact intimidate, intimidate directly, directly influence, influence seek, seek influence, influence through, through third, third party, party any, any other, other person, person involved, involved incident, incident who, who may, may act, act witness, Policy Guidelines rules, Guidelines rules steps, rules steps disciplinary, steps disciplinary Policy, Policy Guidelines Contact, Guidelines Contact intimidate, Contact intimidate directly, intimidate directly influence, directly influence seek, influence seek influence, seek influence through, influence through third, through third party, third party any, party any other, any other person, other person involved",17,
Employee Disciplinary Policy,What is required regarding disciplinary Policy Guidelines?,"Acts of misconduct (minor/major/gross) will be investigated, if so required, in line with disciplinary policy and following process and timelines as described in this policy.","PIA Chapter 13, PIA discipline and general conduct, PIA employee policy, Employee Disciplinary Policy, Disciplinary Policy Guidelines, What is required regarding disciplinary Policy Guidelines?, disciplinary process, show cause notice, disciplinary inquiry, employee misconduct, penalty process, appeal, suspension, Disciplinary, Policy, Guidelines, required, Acts, misconduct, minor/major/gross, investigated, line, following, process, timelines, described, Disciplinary Policy, Policy Guidelines, Guidelines required, required disciplinary, Guidelines Acts, Acts misconduct, misconduct minor/major/gross, minor/major/gross investigated, investigated required, required line, line disciplinary, policy following, following process, process timelines, timelines described, described policy, Policy Guidelines required, Guidelines required disciplinary, required disciplinary Policy, Policy Guidelines Acts, Guidelines Acts misconduct, Acts misconduct minor/major/gross, misconduct minor/major/gross investigated, minor/major/gross investigated required, investigated required line, required line disciplinary, line disciplinary policy, disciplinary policy following, policy following process, following process timelines, process timelines described, timelines described policy",17,
Employee Disciplinary Policy,Who can approve disciplinary Policy Guidelines?,Competent Authority will appoint an inquiry officer/ committee. Same person cannot be appointed as Investigation officer and Inquiry Officer or member of inquiry committee in the same case.,"PIA Chapter 13, PIA discipline and general conduct, PIA employee policy, Employee Disciplinary Policy, Disciplinary Policy Guidelines, Who can approve disciplinary Policy Guidelines?, disciplinary process, show cause notice, disciplinary inquiry, employee misconduct, penalty process, appeal, suspension, Disciplinary, Policy, Guidelines, Who, approve, Competent, Authority, appoint, inquiry, officer/, committee, Same, person, cannot, appointed, Investigation, officer, member, case, Disciplinary Policy, Policy Guidelines, Guidelines Who, Who approve, approve disciplinary, Guidelines Competent, Competent Authority, Authority appoint, appoint inquiry, inquiry officer/, officer/ committee, committee Same, Same person, person cannot, cannot appointed, appointed Investigation, Investigation officer, officer Inquiry, Inquiry Officer, Officer member, member inquiry, inquiry committee, same case, Policy Guidelines Who, Guidelines Who approve, Who approve disciplinary, approve disciplinary Policy, Policy Guidelines Competent, Guidelines Competent Authority, Competent Authority appoint, Authority appoint inquiry, appoint inquiry officer/, inquiry officer/ committee, officer/ committee Same, committee Same person, Same person cannot, person cannot appointed, cannot appointed Investigation, appointed Investigation officer, Investigation officer Inquiry, officer Inquiry Officer, Inquiry Officer member, Officer member inquiry",17,
Employee Disciplinary Policy,What is required regarding disciplinary Policy Guidelines?,"While appointing investigation officer and inquiry officer/Committee, it should be ensured that the individuals are trained and able to carry out the process in a fair and objective manner.","PIA Chapter 13, PIA discipline and general conduct, PIA employee policy, Employee Disciplinary Policy, Disciplinary Policy Guidelines, What is required regarding disciplinary Policy Guidelines?, disciplinary process, show cause notice, disciplinary inquiry, employee misconduct, penalty process, appeal, suspension, Disciplinary, Policy, Guidelines, required, While, appointing, investigation, officer, inquiry, officer/Committee, ensured, individuals, trained, able, carry, out, process, fair, objective, manner, Disciplinary Policy, Policy Guidelines, Guidelines required, required disciplinary, Guidelines While, While appointing, appointing investigation, investigation officer, officer inquiry, inquiry officer/Committee, officer/Committee ensured, ensured individuals, individuals trained, trained able, able carry, carry out, out process, process fair, fair objective, objective manner, Policy Guidelines required, Guidelines required disciplinary, required disciplinary Policy, Policy Guidelines While, Guidelines While appointing, While appointing investigation, appointing investigation officer, investigation officer inquiry, officer inquiry officer/Committee, inquiry officer/Committee ensured, officer/Committee ensured individuals, ensured individuals trained, individuals trained able, trained able carry, able carry out, carry out process, out process fair, process fair objective, fair objective manner",17,
Employee Disciplinary Policy,What is required regarding disciplinary Policy Guidelines?,"Choose or request for a specific Inquiry Officer/Committee or member of the Committee Influence or seek to influence directly or through a third party, the Inquiry Officer/Committee in any way.","PIA Chapter 13, PIA discipline and general conduct, PIA employee policy, Employee Disciplinary Policy, Disciplinary Policy Guidelines, What is required regarding disciplinary Policy Guidelines?, disciplinary process, show cause notice, disciplinary inquiry, employee misconduct, penalty process, appeal, suspension, Disciplinary, Policy, Guidelines, required, Choose, request, specific, Inquiry, Officer/Committee, member, Committee, Influence, seek, directly, through, third, party, any, way, Disciplinary Policy, Policy Guidelines, Guidelines required, required disciplinary, Guidelines Choose, Choose request, request specific, specific Inquiry, Inquiry Officer/Committee, Officer/Committee member, member Committee, Committee Influence, Influence seek, seek influence, influence directly, directly through, through third, third party, party Inquiry, Officer/Committee any, any way, Policy Guidelines required, Guidelines required disciplinary, required disciplinary Policy, Policy Guidelines Choose, Guidelines Choose request, Choose request specific, request specific Inquiry, specific Inquiry Officer/Committee, Inquiry Officer/Committee member, Officer/Committee member Committee, member Committee Influence, Committee Influence seek, Influence seek influence, seek influence directly, influence directly through, directly through third, through third party, third party Inquiry, party Inquiry Officer/Committee, Inquiry Officer/Committee any, Officer/Committee any way",17,
Employee Disciplinary Policy,What must the Respond formally to the allegations stipulated in the Show Cause Notice putting forward his/her case which do regarding disciplinary Policy Guidelines?,Respond formally to the allegations stipulated in the Show Cause Notice putting forward his/her case which will be considered by the Competent Authority before the disciplinary Inquiry is initiated.,"PIA Chapter 13, PIA discipline and general conduct, PIA employee policy, Employee Disciplinary Policy, Disciplinary Policy Guidelines, What must the Respond formally to the allegations stipulated in the Show Cause Notice putting forward his/her case which do regarding disciplinary Policy Guidelines?, disciplinary process, show cause notice, disciplinary inquiry, employee misconduct, penalty process, appeal, suspension, Disciplinary, Policy, Guidelines, Respond, formally, allegations, stipulated, Show, Cause, Notice, putting, forward, his/her, case, which, considered, Competent, Authority, before, Inquiry, initiated, Disciplinary Policy, Policy Guidelines, Guidelines Respond, Respond formally, formally allegations, allegations stipulated, stipulated Show, Show Cause, Cause Notice, Notice putting, putting forward, forward his/her, his/her case, case which, which disciplinary, which considered, considered Competent, Competent Authority, Authority before, before disciplinary, Inquiry initiated, Policy Guidelines Respond, Guidelines Respond formally, Respond formally allegations, formally allegations stipulated, allegations stipulated Show, stipulated Show Cause, Cause Notice putting, Notice putting forward, putting forward his/her, forward his/her case, his/her case which, case which disciplinary, which disciplinary Policy, case which considered, which considered Competent, considered Competent Authority, Competent Authority before, Authority before disciplinary, before disciplinary Inquiry, disciplinary Inquiry initiated",17,
Employee Disciplinary Policy,What must the An employee do regarding disciplinary Policy Guidelines?,"An employee may avail Sick / Casual Leave, Privilege Leave or proceed on Leave Preparatory to Retirement (LPR) as per the respective leave policy, however the employee must be available to attend disciplinary proceedings as and when required during the leave period.","PIA Chapter 13, PIA discipline and general conduct, PIA employee policy, Employee Disciplinary Policy, Disciplinary Policy Guidelines, What must the An employee do regarding disciplinary Policy Guidelines?, disciplinary process, show cause notice, disciplinary inquiry, employee misconduct, penalty process, appeal, suspension, Disciplinary, Policy, Guidelines, may, avail, Sick, Casual, Leave, Privilege, proceed, Preparatory, Retirement, LPR, per, respective, however, available, attend, proceedings, when, required, during, period, Disciplinary Policy, Policy Guidelines, Guidelines disciplinary, Guidelines may, may avail, avail Sick, Sick Casual, Casual Leave, Leave Privilege, Privilege Leave, Leave proceed, proceed Leave, Leave Preparatory, Preparatory Retirement, Retirement LPR, LPR per, per respective, respective leave, leave policy, policy however, however available, available attend, attend disciplinary, disciplinary proceedings, proceedings when, when required, required during, during leave, leave period, Policy Guidelines disciplinary, Guidelines disciplinary Policy, Policy Guidelines may, Guidelines may avail, may avail Sick, avail Sick Casual, Sick Casual Leave, Casual Leave Privilege, Leave Privilege Leave, Privilege Leave proceed",17,
Employee Disciplinary Policy,What must the An employee do regarding disciplinary Policy Guidelines?,"An employee can apply for or be considered for promotion, foreign posting, transfer or re-designation during the disciplinary process; however, decision will be withheld until disciplinary process is complete and will be dependent on the outcome of investigation/inquiry.","PIA Chapter 13, PIA discipline and general conduct, PIA employee policy, Employee Disciplinary Policy, Disciplinary Policy Guidelines, What must the An employee do regarding disciplinary Policy Guidelines?, disciplinary process, show cause notice, disciplinary inquiry, employee misconduct, penalty process, appeal, suspension, Disciplinary, Policy, Guidelines, apply, considered, promotion, foreign, posting, transfer, re-designation, during, process, however, decision, withheld, until, complete, dependent, outcome, investigation/inquiry, Disciplinary Policy, Policy Guidelines, Guidelines disciplinary, Guidelines apply, apply considered, considered promotion, promotion foreign, foreign posting, posting transfer, transfer re-designation, re-designation during, during disciplinary, process however, however decision, decision withheld, withheld until, until disciplinary, process complete, complete dependent, dependent outcome, outcome investigation/inquiry, Policy Guidelines disciplinary, Guidelines disciplinary Policy, Policy Guidelines apply, Guidelines apply considered, apply considered promotion, considered promotion foreign, promotion foreign posting, foreign posting transfer, posting transfer re-designation, transfer re-designation during, re-designation during disciplinary, during disciplinary process, disciplinary process however, process however decision, however decision withheld, decision withheld until, withheld until disciplinary, until disciplinary process, disciplinary process complete, process complete dependent, complete dependent outcome",17,
Employee Disciplinary Policy,What is the PIA rule about scope and Applicability of the Disciplinary Policy?,Refer to Appendix ‘G’ for a list of disciplinary offenses and corresponding penalties.,"PIA Chapter 13, PIA discipline and general conduct, PIA employee policy, Employee Disciplinary Policy, Scope and Applicability of the Disciplinary Policy, What is the PIA rule about scope and Applicability of the Disciplinary Policy?, disciplinary process, show cause notice, disciplinary inquiry, employee misconduct, penalty process, appeal, suspension, Scope, Applicability, Disciplinary, Policy, rule, Refer, Appendix, list, offenses, corresponding, penalties, Scope Applicability, Applicability Disciplinary, Disciplinary Policy, Policy rule, rule scope, Policy Refer, Refer Appendix, Appendix list, list disciplinary, disciplinary offenses, offenses corresponding, corresponding penalties, Scope Applicability Disciplinary, Applicability Disciplinary Policy, Disciplinary Policy rule, Policy rule scope, rule scope Applicability, Disciplinary Policy Refer, Policy Refer Appendix, Refer Appendix list, Appendix list disciplinary, list disciplinary offenses, disciplinary offenses corresponding, offenses corresponding penalties",17,
General Conduct,What must employees do regarding enhancement of Educational Qualifications?,"Employees must seek prior permission, through ERP, of the competent university, through written applications.","PIA Chapter 13, PIA discipline and general conduct, PIA employee policy, General Conduct, Enhancement of Educational Qualifications, What must employees do regarding enhancement of Educational Qualifications?, employee conduct, workplace behaviour, workplace behavior, staff discipline, ethical conduct, service rules, employee obligations, Enhancement, Educational, Qualifications, seek, prior, permission, through, ERP, competent, university, written, applications, Enhancement Educational, Educational Qualifications, Qualifications enhancement, Qualifications seek, seek prior, prior permission, permission through, through ERP, ERP competent, competent university, university through, through written, written applications, Enhancement Educational Qualifications, Educational Qualifications enhancement, Qualifications enhancement Educational, Educational Qualifications seek, Qualifications seek prior, seek prior permission, prior permission through, permission through ERP, through ERP competent, ERP competent university, competent university through, university through written, through written applications, Enterprise Resource Planning, ERP Enterprise Resource Planning",17,Cir.No.40/2013
General Conduct,What amount or limit applies to enhancement of Educational Qualifications?,"Departmental Head, system generated No Objection Certificate (NOC), clearly stating therein that Company duties & responsibilities will not be suffered and educational activities will be in private capacity after duty hours, may be obtained","PIA Chapter 13, PIA discipline and general conduct, PIA employee policy, General Conduct, Enhancement of Educational Qualifications, What amount or limit applies to enhancement of Educational Qualifications?, employee conduct, workplace behaviour, workplace behavior, staff discipline, ethical conduct, service rules, employee obligations, Enhancement, Educational, Qualifications, amount, limit, applies, Departmental, Head, system, generated, Objection, Certificate, NOC, clearly, stating, therein, duties, responsibilities, not, suffered, activities, private, capacity, after, duty, hours, may, obtained, Enhancement Educational, Educational Qualifications, Qualifications amount, amount limit, limit applies, applies enhancement, Qualifications Departmental, Departmental Head, Head system, system generated, generated Objection, Objection Certificate, Certificate NOC, NOC clearly, clearly stating, stating therein, therein duties, duties responsibilities, responsibilities not, not suffered, suffered educational, educational activities, activities private, private capacity, capacity after, after duty, duty hours, hours may, may obtained, Enhancement Educational Qualifications, Educational Qualifications amount, Qualifications amount limit, amount limit applies, limit applies enhancement",17,Cir.No.40/2013
Employee Disciplinary Policy,What are the rules or steps for informal Disciplinary Proceedings?,"Verbal warning (After the issuance of first verbal warning, re- occurrence of same instances will result in initiating the formal disciplinary process)","PIA Chapter 13, PIA discipline and general conduct, PIA employee policy, Employee Disciplinary Policy, Informal Disciplinary Proceedings, What are the rules or steps for informal Disciplinary Proceedings?, disciplinary process, show cause notice, disciplinary inquiry, employee misconduct, penalty process, appeal, suspension, Informal, Disciplinary, Proceedings, rules, steps, Verbal, warning, After, issuance, first, re-, occurrence, same, instances, result, initiating, formal, process, Informal Disciplinary, Disciplinary Proceedings, Proceedings rules, rules steps, steps informal, Proceedings Verbal, Verbal warning, warning After, After issuance, issuance first, first verbal, warning re-, re- occurrence, occurrence same, same instances, instances result, result initiating, initiating formal, formal disciplinary, Disciplinary Proceedings rules, Proceedings rules steps, rules steps informal, steps informal Disciplinary, Disciplinary Proceedings Verbal, Proceedings Verbal warning, Verbal warning After, warning After issuance, After issuance first, issuance first verbal, first verbal warning, verbal warning re-, warning re- occurrence, re- occurrence same, occurrence same instances, same instances result, instances result initiating, result initiating formal, initiating formal disciplinary, formal disciplinary process",19,
Employee Disciplinary Policy,What is required regarding informal Disciplinary Proceedings?,"In case of minor breaches of discipline, the employee’s supervisor will discuss the concerns with the employee, the purpose of this discussion is to ensure that the employee is;","PIA Chapter 13, PIA discipline and general conduct, PIA employee policy, Employee Disciplinary Policy, Informal Disciplinary Proceedings, What is required regarding informal Disciplinary Proceedings?, disciplinary process, show cause notice, disciplinary inquiry, employee misconduct, penalty process, appeal, suspension, Informal, Disciplinary, Proceedings, required, case, minor, breaches, discipline, supervisor, discuss, concerns, purpose, discussion, ensure, Informal Disciplinary, Disciplinary Proceedings, Proceedings required, required informal, Proceedings case, case minor, minor breaches, breaches discipline, discipline supervisor, supervisor discuss, discuss concerns, concerns purpose, purpose discussion, discussion ensure, Disciplinary Proceedings required, Proceedings required informal, required informal Disciplinary, Disciplinary Proceedings case, Proceedings case minor, case minor breaches, minor breaches discipline, breaches discipline supervisor, discipline supervisor discuss, supervisor discuss concerns, discuss concerns purpose, concerns purpose discussion, purpose discussion ensure",19,
Employee Disciplinary Policy,What is the PIA rule about suspension?,A suspension can only be imposed (and lifted) by the competent authority.,"PIA Chapter 13, PIA discipline and general conduct, PIA employee policy, Employee Disciplinary Policy, Suspension, What is the PIA rule about suspension?, disciplinary process, show cause notice, disciplinary inquiry, employee misconduct, penalty process, appeal, rule, only, imposed, lifted, competent, authority, Suspension rule, rule suspension, suspension suspension, suspension only, only imposed, imposed lifted, lifted competent, competent authority, Suspension rule suspension, rule suspension suspension, suspension suspension only, suspension only imposed, only imposed lifted, imposed lifted competent, lifted competent authority",19,
Employee Disciplinary Policy,What is required regarding suspension?,"Ticket / passage facility will not be admissible for self, family or parents.","PIA Chapter 13, PIA discipline and general conduct, PIA employee policy, Employee Disciplinary Policy, Suspension, What is required regarding suspension?, disciplinary process, show cause notice, disciplinary inquiry, employee misconduct, penalty process, appeal, required, Ticket, passage, facility, not, admissible, self, family, parents, Suspension required, required suspension, suspension Ticket, Ticket passage, passage facility, facility not, not admissible, admissible self, self family, family parents, Suspension required suspension, required suspension Ticket, suspension Ticket passage, Ticket passage facility, passage facility not, facility not admissible, not admissible self, admissible self family, self family parents",19,
Employee Disciplinary Policy,What is required regarding suspension?,Guaranteed flying allowances applicable to pilots will not be admissible during suspension.,"PIA Chapter 13, PIA discipline and general conduct, PIA employee policy, Employee Disciplinary Policy, Suspension, What is required regarding suspension?, disciplinary process, show cause notice, disciplinary inquiry, employee misconduct, penalty process, appeal, required, Guaranteed, flying, allowances, applicable, pilots, not, admissible, during, Suspension required, required suspension, suspension Guaranteed, Guaranteed flying, flying allowances, allowances applicable, applicable pilots, pilots not, not admissible, admissible during, during suspension, Suspension required suspension, required suspension Guaranteed, suspension Guaranteed flying, Guaranteed flying allowances, flying allowances applicable, allowances applicable pilots, applicable pilots not, pilots not admissible, not admissible during, admissible during suspension",19,
Employee Disciplinary Policy,Who can approve suspension?,"The competent authority may, if it thinks fit, suspend the employee, pending inquiry, by order in writing.","PIA Chapter 13, PIA discipline and general conduct, PIA employee policy, Employee Disciplinary Policy, Suspension, Who can approve suspension?, disciplinary process, show cause notice, disciplinary inquiry, employee misconduct, penalty process, appeal, Who, approve, competent, authority, may, thinks, fit, suspend, pending, inquiry, order, writing, Suspension Who, Who approve, approve suspension, suspension competent, competent authority, authority may, may thinks, thinks fit, fit suspend, suspend pending, pending inquiry, inquiry order, order writing, Suspension Who approve, Who approve suspension, approve suspension competent, suspension competent authority, competent authority may, authority may thinks, may thinks fit, thinks fit suspend, fit suspend pending, suspend pending inquiry, pending inquiry order, inquiry order writing",19,
Employee Disciplinary Policy,Is prior approval required for suspension?,"During suspension, the employee must not leave the station of his place of posting without permission of the competent authority.","PIA Chapter 13, PIA discipline and general conduct, PIA employee policy, Employee Disciplinary Policy, Suspension, Is prior approval required for suspension?, disciplinary process, show cause notice, disciplinary inquiry, employee misconduct, penalty process, appeal, prior, approval, required, During, not, leave, station, place, posting, without, permission, competent, authority, Suspension prior, prior approval, approval required, required suspension, suspension During, During suspension, suspension not, not leave, leave station, station place, place posting, posting without, without permission, permission competent, competent authority, Suspension prior approval, prior approval required, approval required suspension, required suspension During, suspension During suspension, During suspension not, suspension not leave, not leave station, leave station place, station place posting, place posting without, posting without permission, without permission competent, permission competent authority",19,
Employee Disciplinary Policy,What must the Any restriction on access to the workplace during the period of suspension do regarding suspension?,Any restriction on access to the workplace during the period of suspension will be specified in the letter of notification of suspension.,"PIA Chapter 13, PIA discipline and general conduct, PIA employee policy, Employee Disciplinary Policy, Suspension, What must the Any restriction on access to the workplace during the period of suspension do regarding suspension?, disciplinary process, show cause notice, disciplinary inquiry, employee misconduct, penalty process, appeal, Any, restriction, access, workplace, during, period, specified, letter, notification, Suspension Any, Any restriction, restriction access, access workplace, workplace during, during period, period suspension, suspension suspension, suspension specified, specified letter, letter notification, notification suspension, Suspension Any restriction, Any restriction access, restriction access workplace, access workplace during, workplace during period, during period suspension, period suspension suspension, suspension suspension Any, period suspension specified, suspension specified letter, specified letter notification, letter notification suspension",19,
Employee Disciplinary Policy,What is required regarding suspension?,"While under suspension, the employee will be entitled to full amount of his salary and all other benefits and facilities including the House Rent Allowance and the usual medical facilities.","PIA Chapter 13, PIA discipline and general conduct, PIA employee policy, Employee Disciplinary Policy, Suspension, What is required regarding suspension?, disciplinary process, show cause notice, disciplinary inquiry, employee misconduct, penalty process, appeal, required, While, entitled, full, amount, salary, all, other, benefits, facilities, including, House, Rent, Allowance, usual, medical, Suspension required, required suspension, suspension While, While suspension, suspension entitled, entitled full, full amount, amount salary, salary all, all other, other benefits, benefits facilities, facilities including, including House, House Rent, Rent Allowance, Allowance usual, usual medical, medical facilities, Suspension required suspension, required suspension While, suspension While suspension, While suspension entitled, suspension entitled full, entitled full amount, full amount salary, amount salary all, salary all other, all other benefits, other benefits facilities, benefits facilities including, facilities including House, including House Rent, House Rent Allowance, Rent Allowance usual, Allowance usual medical, usual medical facilities",19,
Employee Disciplinary Policy,What happens if an employee is suspended pending the completion of disciplinary process?,"If an employee is suspended pending the completion of disciplinary process, any duty specific allowances, that do not form part of the fixed salary will cease until the disciplinary process is complete.","PIA Chapter 13, PIA discipline and general conduct, PIA employee policy, Employee Disciplinary Policy, Suspension, What happens if an employee is suspended pending the completion of disciplinary process?, disciplinary process, show cause notice, disciplinary inquiry, employee misconduct, penalty process, appeal, happens, suspended, pending, completion, disciplinary, process, any, duty, specific, allowances, not, form, part, fixed, salary, cease, until, complete, Suspension happens, happens suspended, suspended pending, pending completion, completion disciplinary, process suspended, process any, any duty, duty specific, specific allowances, allowances not, not form, form part, part fixed, fixed salary, salary cease, cease until, until disciplinary, process complete, Suspension happens suspended, happens suspended pending, suspended pending completion, pending completion disciplinary, completion disciplinary process, disciplinary process suspended, process suspended pending, disciplinary process any, process any duty, any duty specific, duty specific allowances, specific allowances not, allowances not form, not form part, form part fixed, part fixed salary, fixed salary cease, salary cease until, cease until disciplinary, until disciplinary process, disciplinary process complete",19,
Employee Disciplinary Policy,What is required regarding suspension?,"The period of suspension will be as brief as possible, but not exceeding 70 days and will be kept under review. However, if deemed necessary, the suspension can be revoked by the competent authority based upon concrete facts.","PIA Chapter 13, PIA discipline and general conduct, PIA employee policy, Employee Disciplinary Policy, Suspension, What is required regarding suspension?, disciplinary process, show cause notice, disciplinary inquiry, employee misconduct, penalty process, appeal, required, period, brief, possible, but, not, exceeding, days, kept, review, However, deemed, necessary, revoked, competent, authority, based, upon, concrete, facts, Suspension required, required suspension, suspension period, period suspension, suspension brief, brief possible, possible but, but not, not exceeding, exceeding days, days kept, kept review, review However, However deemed, deemed necessary, necessary suspension, suspension revoked, revoked competent, competent authority, authority based, based upon, upon concrete, concrete facts, Suspension required suspension, required suspension period, suspension period suspension, period suspension brief, suspension brief possible, brief possible but, possible but not, but not exceeding, not exceeding days, exceeding days kept, days kept review, kept review However, review However deemed, However deemed necessary, deemed necessary suspension, necessary suspension revoked, suspension revoked competent, revoked competent authority, competent authority based, authority based upon",19,
Employee Disciplinary Policy,What is required regarding suspension?,Any such restrictions will only be imposed in order to secure as objective and unprejudiced environment as possible for the investigation/inquiry and / or to minimize potential difficulties in relationships with other people with whom he/she would normally expect to come into contact at work.,"PIA Chapter 13, PIA discipline and general conduct, PIA employee policy, Employee Disciplinary Policy, Suspension, What is required regarding suspension?, disciplinary process, show cause notice, disciplinary inquiry, employee misconduct, penalty process, appeal, required, Any, such, restrictions, only, imposed, order, secure, objective, unprejudiced, environment, possible, investigation/inquiry, minimize, potential, difficulties, relationships, other, people, whom, he/she, would, normally, expect, come, into, contact, work, Suspension required, required suspension, suspension Any, Any such, such restrictions, restrictions only, only imposed, imposed order, order secure, secure objective, objective unprejudiced, unprejudiced environment, environment possible, possible investigation/inquiry, investigation/inquiry minimize, minimize potential, potential difficulties, difficulties relationships, relationships other, other people, people whom, whom he/she, he/she would, would normally, normally expect, expect come, come into, into contact, contact work, Suspension required suspension, required suspension Any, suspension Any such, Any such restrictions, such restrictions only, restrictions only imposed",19,
Employee Disciplinary Policy,What time limit applies to preliminary Investigation?,The employee will be given 3 - 7 working days to respond formally to the allegations detailed in the Show Cause Notice.,"PIA Chapter 13, PIA discipline and general conduct, PIA employee policy, Employee Disciplinary Policy, Preliminary Investigation, What time limit applies to preliminary Investigation?, disciplinary process, show cause notice, disciplinary inquiry, employee misconduct, penalty process, appeal, suspension, Preliminary, Investigation, time, limit, applies, given, working, days, respond, formally, allegations, detailed, Show, Cause, Notice, Investigation time, time limit, limit applies, applies preliminary, Investigation given, given working, working days, days respond, respond formally, formally allegations, allegations detailed, detailed Show, Show Cause, Cause Notice, Preliminary Investigation time, Investigation time limit, time limit applies, limit applies preliminary, applies preliminary Investigation, preliminary Investigation given, Investigation given working, given working days, working days respond, days respond formally, respond formally allegations, formally allegations detailed, allegations detailed Show, detailed Show Cause",20,
Employee Disciplinary Policy,Who can approve preliminary Investigation?,"The Competent Authority will evaluate the reply to the Show Cause Notice, if submitted, and assess whether or not it is satisfactory.","PIA Chapter 13, PIA discipline and general conduct, PIA employee policy, Employee Disciplinary Policy, Preliminary Investigation, Who can approve preliminary Investigation?, disciplinary process, show cause notice, disciplinary inquiry, employee misconduct, penalty process, appeal, suspension, Preliminary, Investigation, Who, approve, Competent, Authority, evaluate, reply, Show, Cause, Notice, submitted, assess, whether, not, satisfactory, Investigation Who, Who approve, approve preliminary, Investigation Competent, Competent Authority, Authority evaluate, evaluate reply, reply Show, Show Cause, Cause Notice, Notice submitted, submitted assess, assess whether, whether not, not satisfactory, Preliminary Investigation Who, Investigation Who approve, Who approve preliminary, approve preliminary Investigation, preliminary Investigation Competent, Investigation Competent Authority, Competent Authority evaluate, Authority evaluate reply, evaluate reply Show, reply Show Cause, Cause Notice submitted, Notice submitted assess, submitted assess whether, assess whether not, whether not satisfactory",20,
Employee Disciplinary Policy,What is the PIA rule about preliminary Investigation?,The person(s) reporting the incident cannot perform investigating functions. They may be required to appear in the proceedings as Witnesses.,"PIA Chapter 13, PIA discipline and general conduct, PIA employee policy, Employee Disciplinary Policy, Preliminary Investigation, What is the PIA rule about preliminary Investigation?, disciplinary process, show cause notice, disciplinary inquiry, employee misconduct, penalty process, appeal, suspension, Preliminary, Investigation, rule, person, reporting, incident, cannot, perform, investigating, functions, They, may, required, appear, proceedings, Witnesses, Investigation rule, rule preliminary, Investigation person, person reporting, reporting incident, incident cannot, cannot perform, perform investigating, investigating functions, functions They, They may, may required, required appear, appear proceedings, proceedings Witnesses, Preliminary Investigation rule, Investigation rule preliminary, rule preliminary Investigation, preliminary Investigation person, Investigation person reporting, person reporting incident, reporting incident cannot, incident cannot perform, cannot perform investigating, perform investigating functions, investigating functions They, functions They may, They may required, may required appear, required appear proceedings, appear proceedings Witnesses",20,
Employee Disciplinary Policy,What is the responsibility of the Investigation Officer?,The Investigation Officer must bring out or apportion responsibility on someone in a case to answer. Outcome of the Preliminary Investigation,"PIA Chapter 13, PIA discipline and general conduct, PIA employee policy, Employee Disciplinary Policy, Preliminary Investigation, What is the responsibility of the Investigation Officer?, disciplinary process, show cause notice, disciplinary inquiry, employee misconduct, penalty process, appeal, suspension, Preliminary, Investigation, responsibility, Officer, bring, out, apportion, someone, case, answer, Outcome, Investigation responsibility, responsibility Investigation, Investigation Officer, Officer Investigation, Officer bring, bring out, out apportion, apportion responsibility, responsibility someone, someone case, case answer, answer Outcome, Outcome Preliminary, Preliminary Investigation responsibility, Investigation responsibility Investigation, responsibility Investigation Officer, Investigation Officer Investigation, Officer Investigation Officer, Investigation Officer bring, Officer bring out, bring out apportion, out apportion responsibility, apportion responsibility someone, responsibility someone case, someone case answer, case answer Outcome, answer Outcome Preliminary, Outcome Preliminary Investigation",20,
Employee Disciplinary Policy,What must the A preliminary investigation do regarding preliminary Investigation?,A preliminary investigation is not a mandatory stage of the disciplinary process. The Competent Authority may deem it necessary to proceed directly to the disciplinary inquiry,"PIA Chapter 13, PIA discipline and general conduct, PIA employee policy, Employee Disciplinary Policy, Preliminary Investigation, What must the A preliminary investigation do regarding preliminary Investigation?, disciplinary process, show cause notice, disciplinary inquiry, employee misconduct, penalty process, appeal, suspension, Preliminary, Investigation, not, mandatory, stage, disciplinary, process, Competent, Authority, may, deem, necessary, proceed, directly, inquiry, Investigation preliminary, investigation not, not mandatory, mandatory stage, stage disciplinary, process Competent, Competent Authority, Authority may, may deem, deem necessary, necessary proceed, proceed directly, directly disciplinary, Preliminary Investigation preliminary, Investigation preliminary investigation, preliminary investigation not, investigation not mandatory, not mandatory stage, mandatory stage disciplinary, stage disciplinary process, disciplinary process Competent, process Competent Authority, Competent Authority may, Authority may deem, may deem necessary, deem necessary proceed, necessary proceed directly, proceed directly disciplinary, directly disciplinary inquiry",20,
Employee Disciplinary Policy,What must the employee do regarding preliminary Investigation?,"The employee may or may not be informed of the decision to proceed to a formal investigation and/or the nature of the issues to be investigated, as deemed fit by competent authority.","PIA Chapter 13, PIA discipline and general conduct, PIA employee policy, Employee Disciplinary Policy, Preliminary Investigation, What must the employee do regarding preliminary Investigation?, disciplinary process, show cause notice, disciplinary inquiry, employee misconduct, penalty process, appeal, suspension, Preliminary, Investigation, may, not, informed, decision, proceed, formal, and/or, nature, issues, investigated, deemed, fit, competent, authority, Investigation preliminary, Investigation may, may may, may not, not informed, informed decision, decision proceed, proceed formal, formal investigation, investigation and/or, and/or nature, nature issues, issues investigated, investigated deemed, deemed fit, fit competent, competent authority, Preliminary Investigation preliminary, Investigation preliminary Investigation, preliminary Investigation may, Investigation may may, may may not, may not informed, not informed decision, informed decision proceed, decision proceed formal, proceed formal investigation, formal investigation and/or, investigation and/or nature, and/or nature issues, nature issues investigated, issues investigated deemed, investigated deemed fit, deemed fit competent, fit competent authority",20,
Employee Disciplinary Policy,What is the responsibility of the Investigation Officer / Committee?,"Investigation Officer / Committee will be appointed by the concerned Chiefs / CHRO / CEO for carrying out in-house investigation of the incident, who may call the employee / witnesses for interrogation.","PIA Chapter 13, PIA discipline and general conduct, PIA employee policy, Employee Disciplinary Policy, Preliminary Investigation, What is the responsibility of the Investigation Officer / Committee?, disciplinary process, show cause notice, disciplinary inquiry, employee misconduct, penalty process, appeal, suspension, Preliminary, Investigation, responsibility, Officer, Committee, appointed, concerned, Chiefs, CHRO, CEO, carrying, out, in-house, incident, who, may, call, witnesses, interrogation, Investigation responsibility, responsibility Investigation, Investigation Officer, Officer Committee, Committee Investigation, Committee appointed, appointed concerned, concerned Chiefs, Chiefs CHRO, CHRO CEO, CEO carrying, carrying out, out in-house, in-house investigation, investigation incident, incident who, who may, may call, call witnesses, witnesses interrogation, Preliminary Investigation responsibility, Investigation responsibility Investigation, responsibility Investigation Officer, Investigation Officer Committee, Officer Committee Investigation, Committee Investigation Officer, Officer Committee appointed, Committee appointed concerned, appointed concerned Chiefs, concerned Chiefs CHRO, Chiefs CHRO CEO, CHRO CEO carrying, CEO carrying out, carrying out in-house, out in-house investigation, in-house investigation incident, investigation incident who, incident who may, who may call, may call witnesses, call witnesses interrogation, Chief Human Resources Officer, CHRO Chief Human Resources Officer",20,
Employee Disciplinary Policy,What must the Preliminary investigation aims to establish the facts and determine if there do regarding preliminary Investigation?,Preliminary investigation aims to establish the facts and determine if there is a ‘case to answer’. This may involve witness statements and / or investigatory meeting(s) with anyone involved or witness to the incident.,"PIA Chapter 13, PIA discipline and general conduct, PIA employee policy, Employee Disciplinary Policy, Preliminary Investigation, What must the Preliminary investigation aims to establish the facts and determine if there do regarding preliminary Investigation?, disciplinary process, show cause notice, disciplinary inquiry, employee misconduct, penalty process, appeal, suspension, Preliminary, Investigation, aims, establish, facts, determine, there, case, answer, may, involve, witness, statements, investigatory, meeting, anyone, involved, incident, Investigation Preliminary, investigation aims, aims establish, establish facts, facts determine, determine there, there preliminary, there case, case answer, answer may, may involve, involve witness, witness statements, statements investigatory, investigatory meeting, meeting anyone, anyone involved, involved witness, witness incident, Preliminary Investigation Preliminary, Investigation Preliminary investigation, Preliminary investigation aims, investigation aims establish, aims establish facts, establish facts determine, facts determine there, determine there preliminary, there preliminary Investigation, determine there case, there case answer, case answer may, answer may involve, may involve witness, involve witness statements, witness statements investigatory, statements investigatory meeting, investigatory meeting anyone, meeting anyone involved, anyone involved witness, involved witness incident",20,
Employee Disciplinary Policy,What is required regarding preliminary Investigation?,The preliminary investigation report will be presented to the Authority ordering the investigation who will then decide whether or not there is a case to answer and to proceed to the next stage of the disciplinary process.,"PIA Chapter 13, PIA discipline and general conduct, PIA employee policy, Employee Disciplinary Policy, Preliminary Investigation, What is required regarding preliminary Investigation?, disciplinary process, show cause notice, disciplinary inquiry, employee misconduct, penalty process, appeal, suspension, Preliminary, Investigation, required, report, presented, Authority, ordering, who, then, decide, whether, not, there, case, answer, proceed, next, stage, disciplinary, process, Investigation required, required preliminary, Investigation preliminary, investigation report, report presented, presented Authority, Authority ordering, ordering investigation, investigation who, who then, then decide, decide whether, whether not, not there, there case, case answer, answer proceed, proceed next, next stage, stage disciplinary, Preliminary Investigation required, Investigation required preliminary, required preliminary Investigation, preliminary Investigation preliminary, Investigation preliminary investigation, preliminary investigation report, investigation report presented, report presented Authority, presented Authority ordering, Authority ordering investigation, ordering investigation who, investigation who then, who then decide, then decide whether, decide whether not, whether not there, not there case, there case answer, case answer proceed, answer proceed next, proceed next stage, next stage disciplinary",20,
Employee Disciplinary Policy,What are the rules or steps for preliminary Investigation?,"No case to Answer: If the Authority ordering the investigation decides that there is ‘no case to answer’, the matter will be closed. The employee’s file will not be marked in any way to reflect that a preliminary investigation has taken place.","PIA Chapter 13, PIA discipline and general conduct, PIA employee policy, Employee Disciplinary Policy, Preliminary Investigation, What are the rules or steps for preliminary Investigation?, disciplinary process, show cause notice, disciplinary inquiry, employee misconduct, penalty process, appeal, suspension, Preliminary, Investigation, rules, steps, case, Answer, Authority, ordering, decides, there, matter, closed, file, not, marked, any, way, reflect, has, taken, place, Investigation rules, rules steps, steps preliminary, Investigation case, case Answer, Answer Authority, Authority ordering, ordering investigation, investigation decides, decides there, there case, answer matter, matter closed, closed file, file not, not marked, marked any, any way, way reflect, reflect preliminary, investigation has, has taken, taken place, Preliminary Investigation rules, Investigation rules steps, rules steps preliminary, steps preliminary Investigation, preliminary Investigation case, Investigation case Answer, case Answer Authority, Answer Authority ordering, Authority ordering investigation, ordering investigation decides, investigation decides there, decides there case, there case answer, case answer matter, answer matter closed, matter closed file, closed file not, file not marked",20,
Employee Disciplinary Policy,What must the If the reply to the Show Cause Notice do regarding preliminary Investigation?,"If the reply to the Show Cause Notice is deemed to be unsatisfactory or if the employee does not reply to the Show Cause Notice within the specified timeframe, the Competent Authority will initiate the disciplinary process i.e. ‘Disciplinary Inquiry’.","PIA Chapter 13, PIA discipline and general conduct, PIA employee policy, Employee Disciplinary Policy, Preliminary Investigation, What must the If the reply to the Show Cause Notice do regarding preliminary Investigation?, disciplinary process, show cause notice, disciplinary inquiry, employee misconduct, penalty process, appeal, suspension, Preliminary, Investigation, reply, Show, Cause, Notice, deemed, unsatisfactory, not, within, specified, timeframe, Competent, Authority, initiate, disciplinary, process, Inquiry, Investigation reply, reply Show, Show Cause, Cause Notice, Notice preliminary, Notice deemed, deemed unsatisfactory, unsatisfactory not, not reply, Notice within, within specified, specified timeframe, timeframe Competent, Competent Authority, Authority initiate, initiate disciplinary, process Disciplinary, Preliminary Investigation reply, Investigation reply Show, reply Show Cause, Cause Notice preliminary, Notice preliminary Investigation, Cause Notice deemed, Notice deemed unsatisfactory, deemed unsatisfactory not, unsatisfactory not reply, not reply Show, Cause Notice within, Notice within specified, within specified timeframe, specified timeframe Competent, timeframe Competent Authority, Competent Authority initiate, Authority initiate disciplinary, initiate disciplinary process, disciplinary process Disciplinary, process Disciplinary Inquiry",20,
Employee Disciplinary Policy,What happens if the Competent Authority finds the reply to be satisfactory?,"If the Competent Authority finds the reply to be satisfactory, the case will be closed. The reply to Show Cause and decision from the Competent Authority to close the case will be maintained in the employee’s file along-with formally notifying the employee.","PIA Chapter 13, PIA discipline and general conduct, PIA employee policy, Employee Disciplinary Policy, Preliminary Investigation, What happens if the Competent Authority finds the reply to be satisfactory?, disciplinary process, show cause notice, disciplinary inquiry, employee misconduct, penalty process, appeal, suspension, Preliminary, Investigation, happens, Competent, Authority, finds, reply, satisfactory, case, closed, Show, Cause, decision, close, maintained, file, along-with, formally, notifying, Investigation happens, happens Competent, Competent Authority, Authority finds, finds reply, reply satisfactory, satisfactory Competent, satisfactory case, case closed, closed reply, reply Show, Show Cause, Cause decision, decision Competent, Authority close, close case, case maintained, maintained file, file along-with, along-with formally, formally notifying, Preliminary Investigation happens, Investigation happens Competent, happens Competent Authority, Competent Authority finds, Authority finds reply, finds reply satisfactory, reply satisfactory Competent, satisfactory Competent Authority, reply satisfactory case, satisfactory case closed, case closed reply, closed reply Show, reply Show Cause, Show Cause decision, Cause decision Competent, decision Competent Authority, Competent Authority close, Authority close case, close case maintained, case maintained file, maintained file along-with, file along-with formally",20,
Employee Disciplinary Policy,What is required regarding preliminary Investigation?,The appointment of the Preliminary Investigation Officer / Committee should be made as soon as possible preferably within two (2) working days after the incident has taken place or is discovered. The preliminary investigation and subsequent report should preferably be completed within three to seven (3- 7) working days.,"PIA Chapter 13, PIA discipline and general conduct, PIA employee policy, Employee Disciplinary Policy, Preliminary Investigation, What is required regarding preliminary Investigation?, disciplinary process, show cause notice, disciplinary inquiry, employee misconduct, penalty process, appeal, suspension, Preliminary, Investigation, required, appointment, Officer, Committee, made, soon, possible, preferably, within, two, working, days, after, incident, has, taken, place, discovered, subsequent, report, completed, three, seven, Investigation required, required preliminary, Investigation appointment, appointment Preliminary, Investigation Officer, Officer Committee, Committee made, made soon, soon possible, possible preferably, preferably within, within two, two working, working days, days after, after incident, incident has, has taken, taken place, place discovered, discovered preliminary, investigation subsequent, subsequent report, report preferably, preferably completed, completed within, within three, three seven, seven working, Preliminary Investigation required, Investigation required preliminary, required preliminary Investigation, preliminary Investigation appointment, Investigation appointment Preliminary, appointment Preliminary Investigation, Preliminary Investigation Officer, Investigation Officer Committee",20,
Employee Disciplinary Policy,What is required regarding preliminary Investigation?,"Stage 1 - Case to answer/Show Cause Notice: As a result of preliminary investigation, if there is a case to answer and an employee is found to be liable for disciplinary proceedings, the Competent employee detailing the allegations. The Show Cause Notice must be issued in writing and delivered via official mail /registered post and other communication channels.","PIA Chapter 13, PIA discipline and general conduct, PIA employee policy, Employee Disciplinary Policy, Preliminary Investigation, What is required regarding preliminary Investigation?, disciplinary process, show cause notice, disciplinary inquiry, employee misconduct, penalty process, appeal, suspension, Preliminary, Investigation, required, Stage, Case, answer/Show, Cause, Notice, result, there, answer, found, liable, disciplinary, proceedings, Competent, detailing, allegations, Show, issued, writing, delivered, via, official, mail, registered, post, other, communication, channels, Investigation required, required preliminary, Investigation Stage, Stage Case, Case answer/Show, answer/Show Cause, Cause Notice, Notice result, result preliminary, investigation there, there case, case answer, answer found, found liable, liable disciplinary, disciplinary proceedings, proceedings Competent, Competent detailing, detailing allegations, allegations Show, Show Cause, Notice issued, issued writing, writing delivered, delivered via, via official, official mail, mail registered, registered post, post other, other communication, communication channels",20,
Employee Disciplinary Policy,What is the responsibility of the At this point the Competent Authority?,"At this point the Competent Authority will appoint an Inquiry Officer/committee. However, communication in this regard will be made through concerned Reporting Officer(s). Admin & Discipline Division must monitor and ensure that an Enquiry Officer may usually not be given more than 02 enquiries at a time. The Inquiry Officer/committee may preferably be appointed within three (3) working days of the reply to the Show Cause Notice or as decided by the management,","PIA Chapter 13, PIA discipline and general conduct, PIA employee policy, Employee Disciplinary Policy, Preliminary Investigation, What is the responsibility of the At this point the Competent Authority?, disciplinary process, show cause notice, disciplinary inquiry, employee misconduct, penalty process, appeal, suspension, Preliminary, Investigation, responsibility, point, Competent, Authority, appoint, Inquiry, Officer/committee, However, communication, regard, made, through, concerned, Reporting, Officer, Admin, Discipline, Division, monitor, ensure, Enquiry, may, usually, not, given, more, than, enquiries, time, preferably, appointed, within, three, working, days, reply, Show, Cause, Notice, decided, management, Investigation responsibility, responsibility point, point Competent, Competent Authority, Authority point, Authority appoint, appoint Inquiry, Inquiry Officer/committee, Officer/committee However, However communication, communication regard, regard made, made through, through concerned, concerned Reporting, Reporting Officer, Officer Admin, Admin Discipline, Discipline Division",20,
Employee Disciplinary Policy,What is required regarding stage 2 - Disciplinary Inquiry Guiding Principles?,"Each page of enquiry proceedings will be signed by the Inquiry Officer/committee, complainant and the accused.","PIA Chapter 13, PIA discipline and general conduct, PIA employee policy, Employee Disciplinary Policy, Stage 2 - Disciplinary Inquiry Guiding Principles, What is required regarding stage 2 - Disciplinary Inquiry Guiding Principles?, disciplinary process, show cause notice, disciplinary inquiry, employee misconduct, penalty process, appeal, suspension, Stage, Disciplinary, Inquiry, Guiding, Principles, required, Each, page, enquiry, proceedings, signed, Officer/committee, complainant, accused, Stage Disciplinary, Inquiry Guiding, Guiding Principles, Principles required, required stage, Principles Each, Each page, page enquiry, enquiry proceedings, proceedings signed, signed Inquiry, Inquiry Officer/committee, Officer/committee complainant, complainant accused, Stage Disciplinary Inquiry, Disciplinary Inquiry Guiding, Inquiry Guiding Principles, Guiding Principles required, Principles required stage, required stage Disciplinary, Guiding Principles Each, Principles Each page, Each page enquiry, page enquiry proceedings, enquiry proceedings signed, proceedings signed Inquiry, signed Inquiry Officer/committee, Inquiry Officer/committee complainant, Officer/committee complainant accused",21,
Employee Disciplinary Policy,What is the PIA rule about stage 2 - Disciplinary Inquiry Guiding Principles?,"At the end of the enquiry, when the accused employee closes his / her side, this fact must be recorded in the proceedings and his / her","PIA Chapter 13, PIA discipline and general conduct, PIA employee policy, Employee Disciplinary Policy, Stage 2 - Disciplinary Inquiry Guiding Principles, What is the PIA rule about stage 2 - Disciplinary Inquiry Guiding Principles?, disciplinary process, show cause notice, disciplinary inquiry, employee misconduct, penalty process, appeal, suspension, Stage, Disciplinary, Inquiry, Guiding, Principles, rule, end, enquiry, when, accused, closes, side, fact, recorded, proceedings, Stage Disciplinary, Inquiry Guiding, Guiding Principles, Principles rule, rule stage, Principles end, end enquiry, enquiry when, when accused, accused closes, closes side, side fact, fact recorded, recorded proceedings, Stage Disciplinary Inquiry, Disciplinary Inquiry Guiding, Inquiry Guiding Principles, Guiding Principles rule, Principles rule stage, rule stage Disciplinary, Guiding Principles end, Principles end enquiry, end enquiry when, enquiry when accused, when accused closes, accused closes side, closes side fact, side fact recorded, fact recorded proceedings",21,
Employee Disciplinary Policy,What happens during stage 2 - Disciplinary Inquiry Guiding Principles?,"During the enquiry proceedings, no witness will be allowed to be present during the examination or cross examination of another witness.","PIA Chapter 13, PIA discipline and general conduct, PIA employee policy, Employee Disciplinary Policy, Stage 2 - Disciplinary Inquiry Guiding Principles, What happens during stage 2 - Disciplinary Inquiry Guiding Principles?, disciplinary process, show cause notice, disciplinary inquiry, employee misconduct, penalty process, appeal, suspension, Stage, Disciplinary, Inquiry, Guiding, Principles, happens, during, enquiry, proceedings, witness, allowed, present, examination, cross, another, Stage Disciplinary, Inquiry Guiding, Guiding Principles, Principles happens, happens during, during stage, Principles During, During enquiry, enquiry proceedings, proceedings witness, witness allowed, allowed present, present during, during examination, examination cross, cross examination, examination another, another witness, Stage Disciplinary Inquiry, Disciplinary Inquiry Guiding, Inquiry Guiding Principles, Guiding Principles happens, Principles happens during, happens during stage, during stage Disciplinary, Guiding Principles During, Principles During enquiry, During enquiry proceedings, enquiry proceedings witness, proceedings witness allowed, witness allowed present, allowed present during, present during examination, during examination cross, examination cross examination, cross examination another, examination another witness",21,
Employee Disciplinary Policy,What is required regarding stage 2 - Disciplinary Inquiry Guiding Principles?,"At the commencement of the enquiry, the Inquiry Officer/committee must read out and explain to the accused employee the charges / allegations levelled against him / her.","PIA Chapter 13, PIA discipline and general conduct, PIA employee policy, Employee Disciplinary Policy, Stage 2 - Disciplinary Inquiry Guiding Principles, What is required regarding stage 2 - Disciplinary Inquiry Guiding Principles?, disciplinary process, show cause notice, disciplinary inquiry, employee misconduct, penalty process, appeal, suspension, Stage, Disciplinary, Inquiry, Guiding, Principles, required, commencement, enquiry, Officer/committee, read, out, explain, accused, charges, allegations, levelled, against, him, Stage Disciplinary, Inquiry Guiding, Guiding Principles, Principles required, required stage, Principles commencement, commencement enquiry, enquiry Inquiry, Inquiry Officer/committee, Officer/committee read, read out, out explain, explain accused, accused charges, charges allegations, allegations levelled, levelled against, against him, Stage Disciplinary Inquiry, Disciplinary Inquiry Guiding, Inquiry Guiding Principles, Guiding Principles required, Principles required stage, required stage Disciplinary, Guiding Principles commencement, Principles commencement enquiry, commencement enquiry Inquiry, enquiry Inquiry Officer/committee, Inquiry Officer/committee read, Officer/committee read out, read out explain, out explain accused, explain accused charges, accused charges allegations, charges allegations levelled, allegations levelled against, levelled against him",21,
Employee Disciplinary Policy,What is required regarding stage 2 - Disciplinary Inquiry Guiding Principles?,"In such a case, the statements of the complainant/prosecution and his witnesses will be recorded and the Inquiry Officer may examine them with a view to seeking any explanation or clarification.","PIA Chapter 13, PIA discipline and general conduct, PIA employee policy, Employee Disciplinary Policy, Stage 2 - Disciplinary Inquiry Guiding Principles, What is required regarding stage 2 - Disciplinary Inquiry Guiding Principles?, disciplinary process, show cause notice, disciplinary inquiry, employee misconduct, penalty process, appeal, suspension, Stage, Disciplinary, Inquiry, Guiding, Principles, required, such, case, statements, complainant/prosecution, witnesses, recorded, Officer, may, examine, them, view, seeking, any, explanation, clarification, Stage Disciplinary, Inquiry Guiding, Guiding Principles, Principles required, required stage, Principles such, such case, case statements, statements complainant/prosecution, complainant/prosecution witnesses, witnesses recorded, recorded Inquiry, Inquiry Officer, Officer may, may examine, examine them, them view, view seeking, seeking any, any explanation, explanation clarification, Stage Disciplinary Inquiry, Disciplinary Inquiry Guiding, Inquiry Guiding Principles, Guiding Principles required, Principles required stage, required stage Disciplinary, Guiding Principles such, Principles such case, such case statements, case statements complainant/prosecution, statements complainant/prosecution witnesses, complainant/prosecution witnesses recorded, witnesses recorded Inquiry, recorded Inquiry Officer, Inquiry Officer may, Officer may examine, may examine them, examine them view, them view seeking, view seeking any",21,
Employee Disciplinary Policy,What happens if the accused employee intends to produce any witnesses?,"If the accused employee intends to produce any witnesses, the Inquiry Officer/Committee must record their statement. The complainant/prosecution must have the right to cross examine the defence witnesses.","PIA Chapter 13, PIA discipline and general conduct, PIA employee policy, Employee Disciplinary Policy, Stage 2 - Disciplinary Inquiry Guiding Principles, What happens if the accused employee intends to produce any witnesses?, disciplinary process, show cause notice, disciplinary inquiry, employee misconduct, penalty process, appeal, suspension, Stage, Disciplinary, Inquiry, Guiding, Principles, happens, accused, intends, produce, any, witnesses, Officer/Committee, record, statement, complainant/prosecution, have, right, cross, examine, defence, Stage Disciplinary, Inquiry Guiding, Guiding Principles, Principles happens, happens accused, accused intends, intends produce, produce any, any witnesses, witnesses accused, witnesses Inquiry, Inquiry Officer/Committee, Officer/Committee record, record statement, statement complainant/prosecution, complainant/prosecution have, have right, right cross, cross examine, examine defence, defence witnesses, Stage Disciplinary Inquiry, Disciplinary Inquiry Guiding, Inquiry Guiding Principles, Guiding Principles happens, Principles happens accused, happens accused intends, accused intends produce, intends produce any, produce any witnesses, any witnesses accused, witnesses accused intends, any witnesses Inquiry, witnesses Inquiry Officer/Committee, Inquiry Officer/Committee record, Officer/Committee record statement, record statement complainant/prosecution, statement complainant/prosecution have, complainant/prosecution have right, have right cross, right cross examine, cross examine defence",21,
Employee Disciplinary Policy,What happens during stage 2 - Disciplinary Inquiry Guiding Principles?,"During the cross examination of any witness, the Inquiry Officer may disallow any question which he considers to be irrelevant, but he/she must place the question disallowed on record desired by the party concerned.","PIA Chapter 13, PIA discipline and general conduct, PIA employee policy, Employee Disciplinary Policy, Stage 2 - Disciplinary Inquiry Guiding Principles, What happens during stage 2 - Disciplinary Inquiry Guiding Principles?, disciplinary process, show cause notice, disciplinary inquiry, employee misconduct, penalty process, appeal, suspension, Stage, Disciplinary, Inquiry, Guiding, Principles, happens, during, cross, examination, any, witness, Officer, may, disallow, question, which, considers, irrelevant, but, he/she, place, disallowed, record, desired, party, concerned, Stage Disciplinary, Inquiry Guiding, Guiding Principles, Principles happens, happens during, during stage, Principles During, During cross, cross examination, examination any, any witness, witness Inquiry, Inquiry Officer, Officer may, may disallow, disallow any, any question, question which, which considers, considers irrelevant, irrelevant but, but he/she, he/she place, place question, question disallowed, disallowed record, record desired, desired party, party concerned, Stage Disciplinary Inquiry, Disciplinary Inquiry Guiding, Inquiry Guiding Principles, Guiding Principles happens, Principles happens during, happens during stage, during stage Disciplinary",21,
Employee Disciplinary Policy,What must the inquiry process do regarding stage 2 - Disciplinary Inquiry Guiding Principles?,"The inquiry process is the process in which, a person or a panel determine the truth and establish the guilt or no guilt of accused with regards to the incident /event specified in the statement of allegations / charges.","PIA Chapter 13, PIA discipline and general conduct, PIA employee policy, Employee Disciplinary Policy, Stage 2 - Disciplinary Inquiry Guiding Principles, What must the inquiry process do regarding stage 2 - Disciplinary Inquiry Guiding Principles?, disciplinary process, show cause notice, disciplinary inquiry, employee misconduct, penalty process, appeal, suspension, Stage, Disciplinary, Inquiry, Guiding, Principles, process, which, person, panel, determine, truth, establish, guilt, accused, regards, incident, event, specified, statement, allegations, charges, Stage Disciplinary, Inquiry Guiding, Guiding Principles, Principles inquiry, inquiry process, process stage, process process, process which, which person, person panel, panel determine, determine truth, truth establish, establish guilt, guilt guilt, guilt accused, accused regards, regards incident, incident event, event specified, specified statement, statement allegations, allegations charges, Stage Disciplinary Inquiry, Disciplinary Inquiry Guiding, Inquiry Guiding Principles, Guiding Principles inquiry, Principles inquiry process, inquiry process stage, process stage Disciplinary, inquiry process process, process process which, process which person, which person panel, person panel determine, panel determine truth, determine truth establish, truth establish guilt, establish guilt guilt, guilt guilt accused, guilt accused regards",21,
Employee Disciplinary Policy,What is required regarding stage 2 - Disciplinary Inquiry Guiding Principles?,"Any document, which has to be relied upon by the complainant/prosecution, will be produced by him / her or his / her witness during the course of their evidence and the said document will be exhibited and placed on record.","PIA Chapter 13, PIA discipline and general conduct, PIA employee policy, Employee Disciplinary Policy, Stage 2 - Disciplinary Inquiry Guiding Principles, What is required regarding stage 2 - Disciplinary Inquiry Guiding Principles?, disciplinary process, show cause notice, disciplinary inquiry, employee misconduct, penalty process, appeal, suspension, Stage, Disciplinary, Inquiry, Guiding, Principles, required, Any, document, which, has, relied, upon, complainant/prosecution, produced, him, witness, during, course, evidence, said, exhibited, placed, record, Stage Disciplinary, Inquiry Guiding, Guiding Principles, Principles required, required stage, Principles Any, Any document, document which, which has, has relied, relied upon, upon complainant/prosecution, complainant/prosecution produced, produced him, him witness, witness during, during course, course evidence, evidence said, said document, document exhibited, exhibited placed, placed record, Stage Disciplinary Inquiry, Disciplinary Inquiry Guiding, Inquiry Guiding Principles, Guiding Principles required, Principles required stage, required stage Disciplinary, Guiding Principles Any, Principles Any document, Any document which, document which has, which has relied, has relied upon, relied upon complainant/prosecution, upon complainant/prosecution produced, complainant/prosecution produced him, produced him witness",21,
Employee Disciplinary Policy,What happens if the accused employee declines / deny the charges / allegations?,"If the accused employee declines / deny the charges / allegations, the Inquiry Officer/committee must call upon the accused employee, as well as the complainant, to submit list of witnesses they desire to produce before the Inquiry Officer.","PIA Chapter 13, PIA discipline and general conduct, PIA employee policy, Employee Disciplinary Policy, Stage 2 - Disciplinary Inquiry Guiding Principles, What happens if the accused employee declines / deny the charges / allegations?, disciplinary process, show cause notice, disciplinary inquiry, employee misconduct, penalty process, appeal, suspension, Stage, Disciplinary, Inquiry, Guiding, Principles, happens, accused, declines, deny, charges, allegations, Officer/committee, call, upon, well, complainant, submit, list, witnesses, they, desire, produce, before, Officer, Stage Disciplinary, Inquiry Guiding, Guiding Principles, Principles happens, happens accused, accused declines, declines deny, deny charges, charges allegations, allegations accused, allegations Inquiry, Inquiry Officer/committee, Officer/committee call, call upon, upon accused, accused well, well complainant, complainant submit, submit list, list witnesses, witnesses they, they desire, desire produce, produce before, before Inquiry, Inquiry Officer, Stage Disciplinary Inquiry, Disciplinary Inquiry Guiding, Inquiry Guiding Principles, Guiding Principles happens, Principles happens accused, happens accused declines, accused declines deny, declines deny charges, deny charges allegations, charges allegations accused, allegations accused declines, charges allegations Inquiry",21,
Employee Disciplinary Policy,What is the responsibility of the Inquiry Officer/committee?,"The Inquiry Officer/committee must intimate in writing to the accused and complainant/prosecution, the date, time and venue of the enquiry proceedings, vide Notice of Enquiry, through official mail / registered post or other communication channels.","PIA Chapter 13, PIA discipline and general conduct, PIA employee policy, Employee Disciplinary Policy, Stage 2 - Disciplinary Inquiry Guiding Principles, What is the responsibility of the Inquiry Officer/committee?, disciplinary process, show cause notice, disciplinary inquiry, employee misconduct, penalty process, appeal, suspension, Stage, Disciplinary, Inquiry, Guiding, Principles, responsibility, Officer/committee, intimate, writing, accused, complainant/prosecution, date, time, venue, enquiry, proceedings, vide, Notice, through, official, mail, registered, post, other, communication, channels, Stage Disciplinary, Inquiry Guiding, Guiding Principles, Principles responsibility, responsibility Inquiry, Inquiry Officer/committee, Officer/committee Inquiry, Officer/committee intimate, intimate writing, writing accused, accused complainant/prosecution, complainant/prosecution date, date time, time venue, venue enquiry, enquiry proceedings, proceedings vide, vide Notice, Notice Enquiry, Enquiry through, through official, official mail, mail registered, registered post, post other, other communication, communication channels, Stage Disciplinary Inquiry, Disciplinary Inquiry Guiding, Inquiry Guiding Principles, Guiding Principles responsibility, Principles responsibility Inquiry, responsibility Inquiry Officer/committee, Inquiry Officer/committee Inquiry, Officer/committee Inquiry Officer/committee, Inquiry Officer/committee intimate",21,
Employee Disciplinary Policy,What happens if at the commencement or during the course of enquiry?,"If at the commencement or during the course of enquiry, the accused absents himself / herself from the proceedings without sufficient cause, the Inquiry Officer must proceed with the inquiry “ex-parte” after serving on him / her a notice to this effect.","PIA Chapter 13, PIA discipline and general conduct, PIA employee policy, Employee Disciplinary Policy, Stage 2 - Disciplinary Inquiry Guiding Principles, What happens if at the commencement or during the course of enquiry?, disciplinary process, show cause notice, disciplinary inquiry, employee misconduct, penalty process, appeal, suspension, Stage, Disciplinary, Inquiry, Guiding, Principles, happens, commencement, during, course, enquiry, accused, absents, himself, herself, proceedings, without, sufficient, cause, Officer, proceed, ex-parte, after, serving, him, notice, effect, Stage Disciplinary, Inquiry Guiding, Guiding Principles, Principles happens, happens commencement, commencement during, during course, course enquiry, enquiry commencement, enquiry accused, accused absents, absents himself, himself herself, herself proceedings, proceedings without, without sufficient, sufficient cause, cause Inquiry, Inquiry Officer, Officer proceed, proceed inquiry, inquiry ex-parte, ex-parte after, after serving, serving him, him notice, notice effect, Stage Disciplinary Inquiry, Disciplinary Inquiry Guiding, Inquiry Guiding Principles, Guiding Principles happens, Principles happens commencement, happens commencement during, commencement during course, during course enquiry, course enquiry commencement",21,
Employee Disciplinary Policy,What is required regarding stage 2 - Disciplinary Inquiry Guiding Principles?,"The explanation of all persons will be oral and recorded by the Inquiry Officer in Urdu or English. The person concerned must sign the statement, recorded by the Inquiry Officer. It must be noted that the statements must not be in the form of questions and answers.","PIA Chapter 13, PIA discipline and general conduct, PIA employee policy, Employee Disciplinary Policy, Stage 2 - Disciplinary Inquiry Guiding Principles, What is required regarding stage 2 - Disciplinary Inquiry Guiding Principles?, disciplinary process, show cause notice, disciplinary inquiry, employee misconduct, penalty process, appeal, suspension, Stage, Disciplinary, Inquiry, Guiding, Principles, required, explanation, all, persons, oral, recorded, Officer, Urdu, English, person, concerned, sign, statement, noted, statements, not, form, questions, answers, Stage Disciplinary, Inquiry Guiding, Guiding Principles, Principles required, required stage, Principles explanation, explanation all, all persons, persons oral, oral recorded, recorded Inquiry, Inquiry Officer, Officer Urdu, Urdu English, English person, person concerned, concerned sign, sign statement, statement recorded, Officer noted, noted statements, statements not, not form, form questions, questions answers, Stage Disciplinary Inquiry, Disciplinary Inquiry Guiding, Inquiry Guiding Principles, Guiding Principles required, Principles required stage, required stage Disciplinary, Guiding Principles explanation, Principles explanation all, explanation all persons, all persons oral, persons oral recorded, oral recorded Inquiry, recorded Inquiry Officer",21,
Employee Disciplinary Policy,What happens if the Inquiry Officer considers that any witness included in the list is for purposes of irritation?,"If the Inquiry Officer considers that any witness included in the list is for purposes of irritation, delay, defeating the ends of justice or he/she believes that the evidence of such witness does not matter, inquiry officer /committee may refuse to call him / her after recording reasons for such refusal.","PIA Chapter 13, PIA discipline and general conduct, PIA employee policy, Employee Disciplinary Policy, Stage 2 - Disciplinary Inquiry Guiding Principles, What happens if the Inquiry Officer considers that any witness included in the list is for purposes of irritation?, disciplinary process, show cause notice, disciplinary inquiry, employee misconduct, penalty process, appeal, suspension, Stage, Disciplinary, Inquiry, Guiding, Principles, happens, Officer, considers, any, witness, included, list, purposes, irritation, delay, defeating, ends, justice, he/she, believes, evidence, such, not, matter, committee, may, refuse, call, him, after, recording, reasons, refusal, Stage Disciplinary, Inquiry Guiding, Guiding Principles, Principles happens, happens Inquiry, Inquiry Officer, Officer considers, considers any, any witness, witness included, included list, list purposes, purposes irritation, irritation Inquiry, irritation delay, delay defeating, defeating ends, ends justice, justice he/she, he/she believes, believes evidence, evidence such, such witness, witness not, not matter, matter inquiry, officer committee, committee may, may refuse",21,
Employee Disciplinary Policy,What happens if he / she admits the charges /allegations?,"If he / she admits the charges /allegations, the Inquiry Officer must record that the accused employee pleads guilty of the charges / allegations levelled against him / her, obtain the signature of the accused employee and complainant on the proceedings and submit his / her report containing his / her findings and recommendations, within 30 days of initiation of the enquiry.","PIA Chapter 13, PIA discipline and general conduct, PIA employee policy, Employee Disciplinary Policy, Stage 2 - Disciplinary Inquiry Guiding Principles, What happens if he / she admits the charges /allegations?, disciplinary process, show cause notice, disciplinary inquiry, employee misconduct, penalty process, appeal, suspension, Stage, Disciplinary, Inquiry, Guiding, Principles, happens, she, admits, charges, allegations, Officer, record, accused, pleads, guilty, levelled, against, him, obtain, signature, complainant, proceedings, submit, report, containing, findings, recommendations, within, days, initiation, enquiry, Stage Disciplinary, Inquiry Guiding, Guiding Principles, Principles happens, happens she, she admits, admits charges, charges allegations, allegations she, allegations Inquiry, Inquiry Officer, Officer record, record accused, accused pleads, pleads guilty, guilty charges, allegations levelled, levelled against, against him, him obtain, obtain signature, signature accused, accused complainant, complainant proceedings, proceedings submit, submit report, report containing, containing findings, findings recommendations, recommendations within, within days",21,
Employee Disciplinary Policy,What must the Inquiry Officer/Committee do regarding stage 2 - Disciplinary Inquiry Guiding Principles?,"The Inquiry Officer/Committee must first record the evidence of the complainant/prosecution and his / her witnesses. The accused employee must have the right to cross examine them. If the accused employee does not avail the opportunity to cross examine any of the witnesses, a note to this effect will be recorded and signed by the accused employee and the Inquiry officer/committee.","PIA Chapter 13, PIA discipline and general conduct, PIA employee policy, Employee Disciplinary Policy, Stage 2 - Disciplinary Inquiry Guiding Principles, What must the Inquiry Officer/Committee do regarding stage 2 - Disciplinary Inquiry Guiding Principles?, disciplinary process, show cause notice, disciplinary inquiry, employee misconduct, penalty process, appeal, suspension, Stage, Disciplinary, Inquiry, Guiding, Principles, Officer/Committee, first, record, evidence, complainant/prosecution, witnesses, accused, have, right, cross, examine, them, not, avail, opportunity, any, note, effect, recorded, signed, Stage Disciplinary, Inquiry Guiding, Guiding Principles, Principles Inquiry, Inquiry Officer/Committee, Officer/Committee stage, Officer/Committee first, first record, record evidence, evidence complainant/prosecution, complainant/prosecution witnesses, witnesses accused, accused have, have right, right cross, cross examine, examine them, them accused, accused not, not avail, avail opportunity, opportunity cross, examine any, any witnesses, witnesses note, note effect, effect recorded, recorded signed, signed accused, accused Inquiry, Stage Disciplinary Inquiry, Disciplinary Inquiry Guiding, Inquiry Guiding Principles, Guiding Principles Inquiry, Principles Inquiry Officer/Committee, Inquiry Officer/Committee stage, Officer/Committee stage Disciplinary",21,
Employee Disciplinary Policy,What are the rules or steps for stage 2 - Disciplinary Inquiry Guiding Principles?,"After closing the evidence, the Inquiry Officer must submit his / her report basing strictly on the evidence brought on record, both oral and documentary, stating clearly whether the accused employee is “guilty” or “not guilty” and giving reasons for his / her findings and recommendations. He must not include any extraneous matter in his / her report. His / her findings must be confined to the charges as contained in the Show Cause Notice.","PIA Chapter 13, PIA discipline and general conduct, PIA employee policy, Employee Disciplinary Policy, Stage 2 - Disciplinary Inquiry Guiding Principles, What are the rules or steps for stage 2 - Disciplinary Inquiry Guiding Principles?, disciplinary process, show cause notice, disciplinary inquiry, employee misconduct, penalty process, appeal, suspension, Stage, Disciplinary, Inquiry, Guiding, Principles, rules, steps, After, closing, evidence, Officer, submit, report, basing, strictly, brought, record, both, oral, documentary, stating, clearly, whether, accused, guilty, not, giving, reasons, findings, recommendations, include, any, extraneous, matter, confined, charges, contained, Show, Cause, Notice, Stage Disciplinary, Inquiry Guiding, Guiding Principles, Principles rules, rules steps, steps stage, Principles After, After closing, closing evidence, evidence Inquiry, Inquiry Officer, Officer submit, submit report, report basing, basing strictly, strictly evidence, evidence brought, brought record, record both, both oral, oral documentary, documentary stating",21,
Employee Disciplinary Policy,What is required regarding stage 2 - Disciplinary Inquiry Guiding Principles?,"Thereafter, the statement of the accused employee will be recorded / received and the Inquiry Officer may examine the accused employee’s statement with a view to seeking any explanation or clarification. The complainant must have the right to cross examine the accused employee with the documents, if any of the accused employee declines to make any statement, a note to that effect will be recorded and signed by the accused employee and the Inquiry Officer.","PIA Chapter 13, PIA discipline and general conduct, PIA employee policy, Employee Disciplinary Policy, Stage 2 - Disciplinary Inquiry Guiding Principles, What is required regarding stage 2 - Disciplinary Inquiry Guiding Principles?, disciplinary process, show cause notice, disciplinary inquiry, employee misconduct, penalty process, appeal, suspension, Stage, Disciplinary, Inquiry, Guiding, Principles, required, Thereafter, statement, accused, recorded, received, Officer, may, examine, view, seeking, any, explanation, clarification, complainant, have, right, cross, documents, declines, make, note, effect, signed, Stage Disciplinary, Inquiry Guiding, Guiding Principles, Principles required, required stage, Principles Thereafter, Thereafter statement, statement accused, accused recorded, recorded received, received Inquiry, Inquiry Officer, Officer may, may examine, examine accused, accused statement, statement view, view seeking, seeking any, any explanation, explanation clarification, clarification complainant, complainant have, have right, right cross, cross examine, accused documents, documents any, any accused, accused declines, declines make, make any, any statement",21,
Employee Disciplinary Policy,What must the Inquiry Officer/Committee do regarding disciplinary Proceeding?,The Inquiry Officer/Committee will inform the alleged employee (under inquiry) in writing of the date and time of the planned inquiry proceedings to which the employee must confirm his/ her attendance.,"PIA Chapter 13, PIA discipline and general conduct, PIA employee policy, Employee Disciplinary Policy, Disciplinary Proceeding, What must the Inquiry Officer/Committee do regarding disciplinary Proceeding?, disciplinary process, show cause notice, disciplinary inquiry, employee misconduct, penalty process, appeal, suspension, Disciplinary, Proceeding, Inquiry, Officer/Committee, inform, alleged, writing, date, time, planned, proceedings, which, confirm, his/, attendance, Proceeding Inquiry, Inquiry Officer/Committee, Officer/Committee disciplinary, Officer/Committee inform, inform alleged, alleged inquiry, inquiry writing, writing date, date time, time planned, planned inquiry, inquiry proceedings, proceedings which, which confirm, confirm his/, his/ attendance, Disciplinary Proceeding Inquiry, Proceeding Inquiry Officer/Committee, Inquiry Officer/Committee disciplinary, Officer/Committee disciplinary Proceeding, Inquiry Officer/Committee inform, Officer/Committee inform alleged, inform alleged inquiry, alleged inquiry writing, inquiry writing date, writing date time, date time planned, time planned inquiry, planned inquiry proceedings, inquiry proceedings which, proceedings which confirm, which confirm his/, confirm his/ attendance",23,
Employee Disciplinary Policy,What is the PIA rule about disciplinary Proceeding?,"The inquiry proceedings may be attended by a representative from the concerned department who will act as an observer and may, guide the disciplinary Inquiry Officer/ Committee on the policy, if required.","PIA Chapter 13, PIA discipline and general conduct, PIA employee policy, Employee Disciplinary Policy, Disciplinary Proceeding, What is the PIA rule about disciplinary Proceeding?, disciplinary process, show cause notice, disciplinary inquiry, employee misconduct, penalty process, appeal, suspension, Disciplinary, Proceeding, rule, inquiry, proceedings, may, attended, representative, concerned, department, who, act, observer, guide, Officer/, Committee, policy, required, Proceeding rule, rule disciplinary, Proceeding inquiry, inquiry proceedings, proceedings may, may attended, attended representative, representative concerned, concerned department, department who, who act, act observer, observer may, may guide, guide disciplinary, Inquiry Officer/, Officer/ Committee, Committee policy, policy required, Disciplinary Proceeding rule, Proceeding rule disciplinary, rule disciplinary Proceeding, disciplinary Proceeding inquiry, Proceeding inquiry proceedings, inquiry proceedings may, proceedings may attended, may attended representative, attended representative concerned, representative concerned department, concerned department who, department who act, who act observer, act observer may, observer may guide, may guide disciplinary, guide disciplinary Inquiry, disciplinary Inquiry Officer/, Inquiry Officer/ Committee, Officer/ Committee policy, Committee policy required",23,
Employee Disciplinary Policy,What are the rules or steps for disciplinary Proceeding?,"In instances where the alleged employee is unable to attend the meeting, it may be rescheduled to an alternative date within the specified timeframes under this policy. If the employee is still not available to attend, or declines to join the inquiry, the proceedings will continue in the employee’s absence.","PIA Chapter 13, PIA discipline and general conduct, PIA employee policy, Employee Disciplinary Policy, Disciplinary Proceeding, What are the rules or steps for disciplinary Proceeding?, disciplinary process, show cause notice, disciplinary inquiry, employee misconduct, penalty process, appeal, suspension, Disciplinary, Proceeding, rules, steps, instances, where, alleged, unable, attend, meeting, may, rescheduled, alternative, date, within, specified, timeframes, policy, still, not, available, declines, join, inquiry, proceedings, continue, absence, Proceeding rules, rules steps, steps disciplinary, Proceeding instances, instances where, where alleged, alleged unable, unable attend, attend meeting, meeting may, may rescheduled, rescheduled alternative, alternative date, date within, within specified, specified timeframes, timeframes policy, policy still, still not, not available, available attend, attend declines, declines join, join inquiry, inquiry proceedings, proceedings continue, continue absence, Disciplinary Proceeding rules, Proceeding rules steps, rules steps disciplinary, steps disciplinary Proceeding, disciplinary Proceeding instances, Proceeding instances where, instances where alleged, where alleged unable",23,
Employee Disciplinary Policy,What must the Once the inquiry do regarding disciplinary Proceeding?,"Once the inquiry is complete, the Inquiry Officer / Committee must submit a detailed report to the Competent Authority with their findings and conclusion about the allegations. In case of multiple allegations, there should be clarity regarding each allegations. The report must be conclusive beyond reasonable doubt.","PIA Chapter 13, PIA discipline and general conduct, PIA employee policy, Employee Disciplinary Policy, Disciplinary Proceeding, What must the Once the inquiry do regarding disciplinary Proceeding?, disciplinary process, show cause notice, disciplinary inquiry, employee misconduct, penalty process, appeal, suspension, Disciplinary, Proceeding, Once, inquiry, complete, Officer, Committee, submit, detailed, report, Competent, Authority, findings, conclusion, allegations, case, multiple, there, clarity, each, conclusive, beyond, reasonable, doubt, Proceeding Once, Once inquiry, inquiry disciplinary, inquiry complete, complete Inquiry, Inquiry Officer, Officer Committee, Committee submit, submit detailed, detailed report, report Competent, Competent Authority, Authority findings, findings conclusion, conclusion allegations, allegations case, case multiple, multiple allegations, allegations there, there clarity, clarity each, each allegations, allegations report, report conclusive, conclusive beyond, beyond reasonable, reasonable doubt, Disciplinary Proceeding Once, Proceeding Once inquiry, Once inquiry disciplinary, inquiry disciplinary Proceeding, Once inquiry complete, inquiry complete Inquiry, complete Inquiry Officer, Inquiry Officer Committee, Officer Committee submit, Committee submit detailed, submit detailed report",23,
Employee Disciplinary Policy,Is prior approval required for disciplinary Proceeding?,The inquiry may preferably be completed as decided by the competent inquiry officer / inquiry committee by the Competent Authority. This timeline must not be exceeded unless permission is requested from the Competent Authority with the reasons for the delay. Reasons considered acceptable would only include non-availability of witnesses and/or the alleged employee.,"PIA Chapter 13, PIA discipline and general conduct, PIA employee policy, Employee Disciplinary Policy, Disciplinary Proceeding, Is prior approval required for disciplinary Proceeding?, disciplinary process, show cause notice, disciplinary inquiry, employee misconduct, penalty process, appeal, suspension, Disciplinary, Proceeding, prior, approval, required, inquiry, may, preferably, completed, decided, competent, officer, committee, Authority, timeline, not, exceeded, unless, permission, requested, reasons, delay, considered, acceptable, would, only, include, non-availability, witnesses, and/or, alleged, Proceeding prior, prior approval, approval required, required disciplinary, Proceeding inquiry, inquiry may, may preferably, preferably completed, completed decided, decided competent, competent inquiry, inquiry officer, officer inquiry, inquiry committee, committee Competent, Competent Authority, Authority timeline, timeline not, not exceeded, exceeded unless, unless permission, permission requested, requested Competent, Authority reasons, reasons delay, delay Reasons, Reasons considered, considered acceptable, acceptable would, would only, only include",23,
Employee Disciplinary Policy,What is the PIA rule about list of Penalties i. Censure?,Recovery from pay of the whole or any part of pecuniary loss caused to the Company by negligence or breach of any discipline,"PIA Chapter 13, PIA discipline and general conduct, PIA employee policy, Employee Disciplinary Policy, List of Penalties i. Censure, What is the PIA rule about list of Penalties i. Censure?, disciplinary process, show cause notice, disciplinary inquiry, employee misconduct, penalty process, appeal, suspension, List, Penalties, Censure, rule, Recovery, pay, whole, any, part, pecuniary, loss, caused, negligence, breach, discipline, List Penalties, Penalties Censure, Censure rule, rule list, Censure Recovery, Recovery pay, pay whole, whole any, any part, part pecuniary, pecuniary loss, loss caused, caused negligence, negligence breach, breach any, any discipline, List Penalties Censure, Penalties Censure rule, Censure rule list, rule list Penalties, Penalties Censure Recovery, Censure Recovery pay, Recovery pay whole, pay whole any, whole any part, any part pecuniary, part pecuniary loss, pecuniary loss caused, loss caused negligence, caused negligence breach, negligence breach any, breach any discipline",24,
Employee Disciplinary Policy,What action can be taken for list of Penalties i. Censure?,"Dismissal from service For impact of various penalties on different employee benefits and facilities, Appendix ‘H’ of this chapter may be referred.","PIA Chapter 13, PIA discipline and general conduct, PIA employee policy, Employee Disciplinary Policy, List of Penalties i. Censure, What action can be taken for list of Penalties i. Censure?, disciplinary process, show cause notice, disciplinary inquiry, employee misconduct, penalty process, appeal, suspension, List, Penalties, Censure, action, taken, Dismissal, service, impact, various, different, benefits, facilities, Appendix, chapter, may, referred, List Penalties, Penalties Censure, Censure action, action taken, taken list, Censure Dismissal, Dismissal service, service impact, impact various, various penalties, penalties different, different benefits, benefits facilities, facilities Appendix, Appendix chapter, chapter may, may referred, List Penalties Censure, Penalties Censure action, Censure action taken, action taken list, taken list Penalties, Penalties Censure Dismissal, Censure Dismissal service, Dismissal service impact, service impact various, impact various penalties, various penalties different, penalties different benefits, different benefits facilities, benefits facilities Appendix, facilities Appendix chapter, Appendix chapter may, chapter may referred",24,
Employee Disciplinary Policy,What penalty or limit applies to personal Hearing in Dismissal or Compulsory Retirement Cases?,"Retirement In instances where the penalty is Dismissal or Compulsory Retirement, the employee will be given the opportunity to appear for a Personal Hearing with the Competent Authority before the penalty is implemented. Admin & Disciplinary Division through concerned Division / Section will notify the employee of date, time and place of Personal Hearing which may take place within fourteen (14) working days of the penalty being determined.","PIA Chapter 13, PIA discipline and general conduct, PIA employee policy, Employee Disciplinary Policy, Personal Hearing in Dismissal or Compulsory Retirement Cases, What penalty or limit applies to personal Hearing in Dismissal or Compulsory Retirement Cases?, disciplinary process, show cause notice, disciplinary inquiry, employee misconduct, penalty process, appeal, suspension, Personal, Hearing, Dismissal, Compulsory, Retirement, Cases, penalty, limit, applies, instances, where, given, opportunity, appear, Competent, Authority, before, implemented, Admin, Disciplinary, Division, through, concerned, Section, notify, date, time, place, which, may, take, within, fourteen, working, days, determined, Personal Hearing, Hearing Dismissal, Dismissal Compulsory, Compulsory Retirement, Retirement Cases, Cases penalty, penalty limit, limit applies, applies personal, Cases Retirement, Retirement instances, instances where, where penalty, penalty Dismissal, Retirement given, given opportunity, opportunity appear, appear Personal, Hearing Competent, Competent Authority, Authority before, before penalty, penalty implemented, implemented Admin, Admin Disciplinary, Disciplinary Division",24,
Employee Disciplinary Policy,What happens if the allegations are upheld and a penalty is imposed?,"If the allegations are upheld and a penalty is imposed, or even if the allegation is not upheld and no further action is necessary, the employee will be notified by the HR","PIA Chapter 13, PIA discipline and general conduct, PIA employee policy, Employee Disciplinary Policy, Stage 3 – Imposition of Penalty, What happens if the allegations are upheld and a penalty is imposed?, disciplinary process, show cause notice, disciplinary inquiry, employee misconduct, penalty process, appeal, suspension, Stage, Imposition, Penalty, happens, allegations, upheld, imposed, even, allegation, not, further, action, necessary, notified, Stage Imposition, Imposition Penalty, Penalty happens, happens allegations, allegations upheld, upheld penalty, penalty imposed, imposed allegations, imposed even, even allegation, allegation not, not upheld, upheld further, further action, action necessary, necessary notified, Stage Imposition Penalty, Imposition Penalty happens, Penalty happens allegations, happens allegations upheld, allegations upheld penalty, upheld penalty imposed, penalty imposed allegations, imposed allegations upheld, penalty imposed even, imposed even allegation, even allegation not, allegation not upheld, not upheld further, upheld further action, further action necessary, action necessary notified, HR, Human Resources, HR Human Resources",24,
Employee Disciplinary Policy,What are the rules or steps for stage 3 – Imposition of Penalty?,"Only at this point, the Competent Authority via the HR Department, will refer to the employee’s file to see if there are any other active disciplinary penalties in which case, the Competent Authority may increase the severity of the penalty.","PIA Chapter 13, PIA discipline and general conduct, PIA employee policy, Employee Disciplinary Policy, Stage 3 – Imposition of Penalty, What are the rules or steps for stage 3 – Imposition of Penalty?, disciplinary process, show cause notice, disciplinary inquiry, employee misconduct, penalty process, appeal, suspension, Stage, Imposition, Penalty, rules, steps, Only, point, Competent, Authority, via, Department, refer, file, see, there, any, other, active, disciplinary, penalties, which, case, may, increase, severity, Stage Imposition, Imposition Penalty, Penalty rules, rules steps, steps stage, Penalty Only, Only point, point Competent, Competent Authority, Authority via, via Department, Department refer, refer file, file see, see there, there any, any other, other active, active disciplinary, disciplinary penalties, penalties which, which case, case Competent, Authority may, may increase, increase severity, severity penalty, Stage Imposition Penalty, Imposition Penalty rules, Penalty rules steps, rules steps stage, steps stage Imposition, Imposition Penalty Only, Penalty Only point, Only point Competent, point Competent Authority, Competent Authority via",24,
Employee Disciplinary Policy,What must the All documentation related to the inquiry and final decision do regarding stage 3 – Imposition of Penalty?,"All documentation related to the inquiry and final decision will be maintained in the employee’s file. If a penalty is time bound, it will become inactive after the specified time period, however, it will remain in the employee file for record purposes.","PIA Chapter 13, PIA discipline and general conduct, PIA employee policy, Employee Disciplinary Policy, Stage 3 – Imposition of Penalty, What must the All documentation related to the inquiry and final decision do regarding stage 3 – Imposition of Penalty?, disciplinary process, show cause notice, disciplinary inquiry, employee misconduct, penalty process, appeal, suspension, Stage, Imposition, Penalty, All, documentation, related, inquiry, final, decision, maintained, file, time, bound, become, inactive, after, specified, period, however, remain, record, purposes, Stage Imposition, Imposition Penalty, Penalty All, All documentation, documentation related, related inquiry, inquiry final, final decision, decision stage, decision maintained, maintained file, file penalty, penalty time, time bound, bound become, become inactive, inactive after, after specified, specified time, time period, period however, however remain, remain file, file record, record purposes, Stage Imposition Penalty, Imposition Penalty All, Penalty All documentation, All documentation related, documentation related inquiry, related inquiry final, inquiry final decision, final decision stage, decision stage Imposition, final decision maintained, decision maintained file, maintained file penalty, file penalty time, penalty time bound, time bound become",24,
Employee Disciplinary Policy,What happens if the allegations are upheld?,"If the allegations are upheld, a penalty will be determined by the Competent Authority based on the nature and seriousness of the misconduct (minor/major/ gross) as per the table in Appendix ‘G’ of this Policy. However, in case Competent Authority decides to differ from the findings of the enquiry officer it may either order a de-novo enquiry or decide otherwise with reasons to be recorded in writing.","PIA Chapter 13, PIA discipline and general conduct, PIA employee policy, Employee Disciplinary Policy, Stage 3 – Imposition of Penalty, What happens if the allegations are upheld?, disciplinary process, show cause notice, disciplinary inquiry, employee misconduct, penalty process, appeal, suspension, Stage, Imposition, Penalty, happens, allegations, upheld, determined, Competent, Authority, based, nature, seriousness, misconduct, minor/major/, gross, per, table, Appendix, Policy, However, case, decides, differ, findings, enquiry, officer, may, either, order, de-novo, decide, otherwise, reasons, recorded, writing, Stage Imposition, Imposition Penalty, Penalty happens, happens allegations, allegations upheld, upheld allegations, upheld penalty, penalty determined, determined Competent, Competent Authority, Authority based, based nature, nature seriousness, seriousness misconduct, misconduct minor/major/, minor/major/ gross, gross per, per table, table Appendix, Appendix Policy, Policy However, However case, case Competent, Authority decides, decides differ, differ findings, findings enquiry",24,
Employee Disciplinary Policy,What is required regarding written confirmation of decision of disciplinary process?,The Central Disciplinary Unit of Admin & Discipline Division will inform the employees in writing of the decision of the disciplinary process with copies to all concerned for information / implementation of the decision.,"PIA Chapter 13, PIA discipline and general conduct, PIA employee policy, Employee Disciplinary Policy, Written confirmation of decision of disciplinary process, What is required regarding written confirmation of decision of disciplinary process?, disciplinary process, show cause notice, disciplinary inquiry, employee misconduct, penalty process, appeal, suspension, Written, confirmation, decision, disciplinary, process, required, Central, Unit, Admin, Discipline, Division, inform, writing, copies, all, concerned, information, implementation, Written confirmation, confirmation decision, decision disciplinary, process required, required written, process Central, Central Disciplinary, Disciplinary Unit, Unit Admin, Admin Discipline, Discipline Division, Division inform, inform writing, writing decision, process copies, copies all, all concerned, concerned information, information implementation, implementation decision, Written confirmation decision, confirmation decision disciplinary, decision disciplinary process, disciplinary process required, process required written, required written confirmation, disciplinary process Central, process Central Disciplinary, Central Disciplinary Unit, Disciplinary Unit Admin, Unit Admin Discipline, Admin Discipline Division, Discipline Division inform, Division inform writing, inform writing decision, writing decision disciplinary, disciplinary process copies, process copies all, copies all concerned, all concerned information, concerned information implementation, information implementation decision",24,
Employee Disciplinary Policy,What must the It do regarding appeal or Application for Review?,It must specify the relief desired.,"PIA Chapter 13, PIA discipline and general conduct, PIA employee policy, Employee Disciplinary Policy, Appeal or Application for Review, What must the It do regarding appeal or Application for Review?, disciplinary process, show cause notice, disciplinary inquiry, employee misconduct, penalty process, appeal, suspension, Application, Review, specify, relief, desired, Appeal Application, Application Review, Review appeal, Review specify, specify relief, relief desired, Appeal Application Review, Application Review appeal, Review appeal Application, Application Review specify, Review specify relief, specify relief desired",25,circumstances
Employee Disciplinary Policy,What is the PIA rule about appeal or Application for Review?,It is addressed to an authority to whom no appeal or application for review lies.,"PIA Chapter 13, PIA discipline and general conduct, PIA employee policy, Employee Disciplinary Policy, Appeal or Application for Review, What is the PIA rule about appeal or Application for Review?, disciplinary process, show cause notice, disciplinary inquiry, employee misconduct, penalty process, appeal, suspension, Application, Review, rule, addressed, authority, whom, lies, Appeal Application, Application Review, Review rule, rule appeal, Review addressed, addressed authority, authority whom, whom appeal, review lies, Appeal Application Review, Application Review rule, Review rule appeal, rule appeal Application, Application Review addressed, Review addressed authority, addressed authority whom, authority whom appeal, whom appeal application, application review lies",25,circumstances
Employee Disciplinary Policy,What must employees do regarding appeal or Application for Review?,An employee must have one time right of Appeal or of making an application for review against any of the penalties imposed upon him / her.,"PIA Chapter 13, PIA discipline and general conduct, PIA employee policy, Employee Disciplinary Policy, Appeal or Application for Review, What must employees do regarding appeal or Application for Review?, disciplinary process, show cause notice, disciplinary inquiry, employee misconduct, penalty process, appeal, suspension, Application, Review, have, one, time, right, making, against, any, penalties, imposed, upon, him, Appeal Application, Application Review, Review appeal, Review have, have one, one time, time right, right Appeal, Appeal making, making application, review against, against any, any penalties, penalties imposed, imposed upon, upon him, Appeal Application Review, Application Review appeal, Review appeal Application, Application Review have, Review have one, have one time, one time right, time right Appeal, right Appeal making, Appeal making application, making application review, application review against, review against any, against any penalties, any penalties imposed, penalties imposed upon, imposed upon him",25,circumstances
Employee Disciplinary Policy,What is required regarding appeal or Application for Review?,"Where the employee so desires, he / she must have the privilege to be heard in person by the authority with whom the review or the appeal lies.","PIA Chapter 13, PIA discipline and general conduct, PIA employee policy, Employee Disciplinary Policy, Appeal or Application for Review, What is required regarding appeal or Application for Review?, disciplinary process, show cause notice, disciplinary inquiry, employee misconduct, penalty process, appeal, suspension, Application, Review, required, Where, desires, she, have, privilege, heard, person, authority, whom, lies, Appeal Application, Application Review, Review required, required appeal, Review Where, Where desires, desires she, she have, have privilege, privilege heard, heard person, person authority, authority whom, whom review, review appeal, appeal lies, Appeal Application Review, Application Review required, Review required appeal, required appeal Application, Application Review Where, Review Where desires, Where desires she, desires she have, she have privilege, have privilege heard, privilege heard person, heard person authority, person authority whom, authority whom review, whom review appeal, review appeal lies",25,circumstances
Employee Disciplinary Policy,What happens if the employee desires to have access to inquiry report?,"If the employee desires to have access to inquiry report, he may be given an opportunity to go through the same, however, the copies of the report may not be provided to him/her.","PIA Chapter 13, PIA discipline and general conduct, PIA employee policy, Employee Disciplinary Policy, Appeal or Application for Review, What happens if the employee desires to have access to inquiry report?, disciplinary process, show cause notice, disciplinary inquiry, employee misconduct, penalty process, appeal, suspension, Application, Review, happens, desires, have, access, inquiry, report, may, given, opportunity, through, same, however, copies, not, provided, him/her, Appeal Application, Application Review, Review happens, happens desires, desires have, have access, access inquiry, inquiry report, report desires, report may, may given, given opportunity, opportunity through, through same, same however, however copies, copies report, may not, not provided, provided him/her, Appeal Application Review, Application Review happens, Review happens desires, happens desires have, desires have access, have access inquiry, access inquiry report, inquiry report desires, report desires have, inquiry report may, report may given, may given opportunity, given opportunity through, opportunity through same, through same however, same however copies, however copies report, copies report may, report may not, may not provided, not provided him/her",25,circumstances
Employee Disciplinary Policy,What time limit applies to appeal or Application for Review?,It is not preferred by him / her within 30 days of the orders against which the appeal or application for review is made and no reasonable cause for the delay is shown in the appeal.,"PIA Chapter 13, PIA discipline and general conduct, PIA employee policy, Employee Disciplinary Policy, Appeal or Application for Review, What time limit applies to appeal or Application for Review?, disciplinary process, show cause notice, disciplinary inquiry, employee misconduct, penalty process, appeal, suspension, Application, Review, time, limit, applies, not, preferred, him, within, days, orders, against, which, made, reasonable, cause, delay, shown, Appeal Application, Application Review, Review time, time limit, limit applies, applies appeal, Review not, not preferred, preferred him, him within, within days, days orders, orders against, against which, which appeal, review made, made reasonable, reasonable cause, cause delay, delay shown, shown appeal, Appeal Application Review, Application Review time, Review time limit, time limit applies, limit applies appeal, applies appeal Application, Application Review not, Review not preferred, not preferred him, preferred him within, him within days, within days orders, days orders against, orders against which, against which appeal, which appeal application, application review made, review made reasonable, made reasonable cause, reasonable cause delay, cause delay shown, delay shown appeal",25,circumstances
Employee Disciplinary Policy,What is required regarding appeal or Application for Review?,"An appellate authority must have powers to call for an appeal admissible under rules and may pass orders thereon to uphold, set aside, enhance or reduce the punishment as it deems fit.","PIA Chapter 13, PIA discipline and general conduct, PIA employee policy, Employee Disciplinary Policy, Appeal or Application for Review, What is required regarding appeal or Application for Review?, disciplinary process, show cause notice, disciplinary inquiry, employee misconduct, penalty process, appeal, suspension, Application, Review, required, appellate, authority, have, powers, call, admissible, rules, may, pass, orders, thereon, uphold, set, aside, enhance, reduce, punishment, deems, fit, Appeal Application, Application Review, Review required, required appeal, Review appellate, appellate authority, authority have, have powers, powers call, call appeal, appeal admissible, admissible rules, rules may, may pass, pass orders, orders thereon, thereon uphold, uphold set, set aside, aside enhance, enhance reduce, reduce punishment, punishment deems, deems fit, Appeal Application Review, Application Review required, Review required appeal, required appeal Application, Application Review appellate, Review appellate authority, appellate authority have, authority have powers, have powers call, powers call appeal, call appeal admissible, appeal admissible rules, admissible rules may, rules may pass, may pass orders, pass orders thereon",25,circumstances
Employee Disciplinary Policy,What must the It repeats the Appeal or application for review already rejected by the authority to whom the appeal or application for review do regarding appeal or Application for Review?,It repeats the Appeal or application for review already rejected by the authority to whom the appeal or application for review is addressed and does not disclose any new points or circumstances for reconsideration.,"PIA Chapter 13, PIA discipline and general conduct, PIA employee policy, Employee Disciplinary Policy, Appeal or Application for Review, What must the It repeats the Appeal or application for review already rejected by the authority to whom the appeal or application for review do regarding appeal or Application for Review?, disciplinary process, show cause notice, disciplinary inquiry, employee misconduct, penalty process, appeal, suspension, Application, Review, repeats, already, rejected, authority, whom, addressed, not, disclose, any, new, points, circumstances, reconsideration, Appeal Application, Application Review, Review repeats, repeats Appeal, review already, already rejected, rejected authority, authority whom, whom appeal, review appeal, review addressed, addressed not, not disclose, disclose any, any new, new points, points circumstances, circumstances reconsideration, Appeal Application Review, Application Review repeats, Review repeats Appeal, repeats Appeal application, application review already, review already rejected, already rejected authority, rejected authority whom, authority whom appeal, whom appeal application, application review appeal, review appeal Application, application review addressed, review addressed not, addressed not disclose, not disclose any, disclose any new, any new points, new points circumstances, points circumstances reconsideration",25,circumstances
Employee Disciplinary Policy,What are the rules or steps for appeal or Application for Review?,"In every case in which an appeal or application for review is withheld, the authority must inform the appellant of the fact of withholding the appeal and the reasons for doing so. A list of appeal withheld with reasons for withholding them will be forwarded quarterly by the withholding authority to the appellate authority.","PIA Chapter 13, PIA discipline and general conduct, PIA employee policy, Employee Disciplinary Policy, Appeal or Application for Review, What are the rules or steps for appeal or Application for Review?, disciplinary process, show cause notice, disciplinary inquiry, employee misconduct, penalty process, appeal, suspension, Application, Review, rules, steps, every, case, which, withheld, authority, inform, appellant, fact, withholding, reasons, doing, list, them, forwarded, quarterly, appellate, Appeal Application, Application Review, Review rules, rules steps, steps appeal, Review every, every case, case which, which appeal, review withheld, withheld authority, authority inform, inform appellant, appellant fact, fact withholding, withholding appeal, appeal reasons, reasons doing, doing list, list appeal, appeal withheld, withheld reasons, reasons withholding, withholding them, them forwarded, forwarded quarterly, quarterly withholding, withholding authority, authority appellate, appellate authority, Appeal Application Review, Application Review rules, Review rules steps, rules steps appeal, steps appeal Application, Application Review every, Review every case, every case which, case which appeal, which appeal application, application review withheld, review withheld authority",25,circumstances
Employee Disciplinary Policy,What is the PIA rule about disciplinary offences & corresponding penalties?,The table attached as Appendix ‘G’ provides a list of disciplinary penalties that may be applied.,"PIA Chapter 13, PIA discipline and general conduct, PIA employee policy, Employee Disciplinary Policy, Disciplinary offences & corresponding penalties, What is the PIA rule about disciplinary offences & corresponding penalties?, disciplinary process, show cause notice, disciplinary inquiry, employee misconduct, penalty process, appeal, suspension, Disciplinary, offences, corresponding, penalties, rule, table, attached, Appendix, provides, list, may, applied, Disciplinary offences, offences corresponding, corresponding penalties, penalties rule, rule disciplinary, penalties table, table attached, attached Appendix, Appendix provides, provides list, list disciplinary, disciplinary penalties, penalties may, may applied, Disciplinary offences corresponding, offences corresponding penalties, corresponding penalties rule, penalties rule disciplinary, rule disciplinary offences, corresponding penalties table, penalties table attached, table attached Appendix, attached Appendix provides, Appendix provides list, provides list disciplinary, list disciplinary penalties, disciplinary penalties may, penalties may applied",25,
Employee Disciplinary Policy,What are the rules or steps for confidentiality?,"Anyone involved in a disciplinary process (HR Officers, the employee and anyone called upon as a witness) must ensure strict confidentiality of all information gathered or discussed during the process and remain fair and unbiased. Any conflict of interest arising from someone’s involvement must be reported to the Competent Authority or HR Department immediately so that the necessary steps can be taken to ensure that the process can be managed in an impartial manner.","PIA Chapter 13, PIA discipline and general conduct, PIA employee policy, Employee Disciplinary Policy, Confidentiality, What are the rules or steps for confidentiality?, disciplinary process, show cause notice, disciplinary inquiry, employee misconduct, penalty process, appeal, suspension, rules, steps, Anyone, involved, disciplinary, process, Officers, called, upon, witness, ensure, strict, all, information, gathered, discussed, during, remain, fair, unbiased, Any, conflict, interest, arising, someone, involvement, reported, Competent, Authority, Department, immediately, necessary, taken, managed, impartial, manner, Confidentiality rules, rules steps, steps confidentiality, confidentiality Anyone, Anyone involved, involved disciplinary, process Officers, Officers anyone, anyone called, called upon, upon witness, witness ensure, ensure strict, strict confidentiality, confidentiality all, all information, information gathered, gathered discussed, discussed during, during process, process remain, remain fair, fair unbiased, unbiased Any, Any conflict, conflict interest",26,
Employee Disciplinary Policy,What is required regarding records and Documentation?,"All disciplinary proceedings must be documented in full and maintained on the employee’s file except in instances where the case is dismissed during the preliminary investigation, in which case, the employee’s file will not be marked in any way.","PIA Chapter 13, PIA discipline and general conduct, PIA employee policy, Employee Disciplinary Policy, Records and Documentation, What is required regarding records and Documentation?, disciplinary process, show cause notice, disciplinary inquiry, employee misconduct, penalty process, appeal, suspension, Records, Documentation, required, All, disciplinary, proceedings, documented, full, maintained, file, except, instances, where, case, dismissed, during, preliminary, investigation, which, not, marked, any, way, Records Documentation, Documentation required, required records, Documentation All, All disciplinary, disciplinary proceedings, proceedings documented, documented full, full maintained, maintained file, file except, except instances, instances where, where case, case dismissed, dismissed during, during preliminary, preliminary investigation, investigation which, which case, case file, file not, not marked, marked any, any way, Records Documentation required, Documentation required records, required records Documentation, records Documentation All, Documentation All disciplinary, All disciplinary proceedings, disciplinary proceedings documented, proceedings documented full, documented full maintained, full maintained file, maintained file except, file except instances, except instances where, instances where case",26,
Employee Disciplinary Policy,What is required regarding records and Documentation?,Any written warnings / penalties must be maintained on file however these will become invalid after the expiration date (if Time barred). Necessary action in this regard will be taken by concerned HR Manager and communicated to all concerned including the employee.,"PIA Chapter 13, PIA discipline and general conduct, PIA employee policy, Employee Disciplinary Policy, Records and Documentation, What is required regarding records and Documentation?, disciplinary process, show cause notice, disciplinary inquiry, employee misconduct, penalty process, appeal, suspension, Records, Documentation, required, Any, written, warnings, penalties, maintained, file, however, become, invalid, after, expiration, date, Time, barred, Necessary, action, regard, taken, concerned, Manager, communicated, all, including, Records Documentation, Documentation required, required records, Documentation Any, Any written, written warnings, warnings penalties, penalties maintained, maintained file, file however, however become, become invalid, invalid after, after expiration, expiration date, date Time, Time barred, barred Necessary, Necessary action, action regard, regard taken, taken concerned, concerned Manager, Manager communicated, communicated all, all concerned, concerned including, Records Documentation required, Documentation required records, required records Documentation, records Documentation Any, Documentation Any written, Any written warnings, written warnings penalties, warnings penalties maintained, penalties maintained file",26,
Employee Disciplinary Policy,What time limit applies to timelines?,"Minimum Process lead time 69 working days *If deemed necessary, fourteen days (14) extension may be given with approval of Competent Authority","PIA Chapter 13, PIA discipline and general conduct, PIA employee policy, Employee Disciplinary Policy, Timelines, What time limit applies to timelines?, disciplinary process, show cause notice, disciplinary inquiry, employee misconduct, penalty process, appeal, suspension, time, limit, applies, Minimum, Process, lead, working, days, deemed, necessary, fourteen, extension, may, given, approval, Competent, Authority, Timelines time, time limit, limit applies, applies timelines, timelines Minimum, Minimum Process, Process lead, lead time, time working, working days, days deemed, deemed necessary, necessary fourteen, fourteen days, days extension, extension may, may given, given approval, approval Competent, Competent Authority, Timelines time limit, time limit applies, limit applies timelines, applies timelines Minimum, timelines Minimum Process, Minimum Process lead, Process lead time, lead time working, time working days, working days deemed, days deemed necessary, deemed necessary fourteen, necessary fourteen days, fourteen days extension, days extension may, extension may given, may given approval, given approval Competent, approval Competent Authority",26,
Employee Disciplinary Policy,What must the following timelines for each stage of the process do regarding timelines?,The following timelines for each stage of the process must be adhered to: Process Time line Initiation of preliminary investigation 2 Working Days Preliminary investigation 3 - 7 Working Days Show Cause Notice 3 Working Days Reply to Show Cause Notice Minimum 7 Working Days Satisfactory or unsatisfactory & 3 Working Days appointment of Inquiry Officer/committee Submission of inquiry report 30 Days (preferably)*,"PIA Chapter 13, PIA discipline and general conduct, PIA employee policy, Employee Disciplinary Policy, Timelines, What must the following timelines for each stage of the process do regarding timelines?, disciplinary process, show cause notice, disciplinary inquiry, employee misconduct, penalty process, appeal, suspension, following, each, stage, process, adhered, Time, line, Initiation, preliminary, investigation, Working, Days, Show, Cause, Notice, Reply, Minimum, Satisfactory, unsatisfactory, appointment, Inquiry, Officer/committee, Submission, report, preferably, Timelines following, following timelines, timelines each, each stage, stage process, process timelines, process adhered, adhered Process, Process Time, Time line, line Initiation, Initiation preliminary, preliminary investigation, investigation Working, Working Days, Days Preliminary, Days Show, Show Cause, Cause Notice, Notice Working, Days Reply, Reply Show, Notice Minimum, Minimum Working, Days Satisfactory, Satisfactory unsatisfactory, unsatisfactory Working, Days appointment, appointment Inquiry, Inquiry Officer/committee, Officer/committee Submission, Submission inquiry, inquiry report, report Days, Days preferably, Timelines following timelines, following timelines each",26,
Employee Disciplinary Policy,What is the PIA rule about roles and Responsibilities Role Responsibility?,Department ▪ Provide complete record related to the (concerned) incident/event/ alleged employee ▪ Note. Staff in PG I-IV may acquire assistance of a colleague / CBA Representative during enquiry proceedings.,"PIA Chapter 13, PIA discipline and general conduct, PIA employee policy, Employee Disciplinary Policy, Roles and Responsibilities Role Responsibility, What is the PIA rule about roles and Responsibilities Role Responsibility?, disciplinary process, show cause notice, disciplinary inquiry, employee misconduct, penalty process, appeal, suspension, Roles, Responsibilities, Role, Responsibility, rule, Department, Provide, complete, record, related, concerned, incident/event/, alleged, Note, Staff, I-IV, may, acquire, assistance, colleague, CBA, Representative, during, enquiry, proceedings, Roles Responsibilities, Responsibilities Role, Role Responsibility, Responsibility rule, rule roles, Responsibility Department, Department Provide, Provide complete, complete record, record related, related concerned, concerned incident/event/, incident/event/ alleged, alleged Note, Note Staff, Staff I-IV, I-IV may, may acquire, acquire assistance, assistance colleague, colleague CBA, CBA Representative, Representative during, during enquiry, enquiry proceedings, Roles Responsibilities Role, Responsibilities Role Responsibility, Role Responsibility rule, Responsibility rule roles, rule roles Responsibilities, Role Responsibility Department, Responsibility Department Provide, Department Provide complete, Provide complete record, complete record related, record related concerned, related concerned incident/event/",27,
Employee Disciplinary Policy,What are the rules or steps for roles and Responsibilities Role Responsibility?,"▪ Follow and maintain professional standards of conduct and behavior ▪ Adhere to the guidelines given in this policy Employee under ▪ Attend disciplinary meetings / interviews as investigation/ requested inquiry ▪ Provide an honest account of the incident ▪ Ensure any evidence / information is not tampered with. ▪ Raise an appeal if desired ▪ Adhere to the guidelines given in this policy ▪ Attend disciplinary meetings / interviews as Prosecution requested Witness (PW) ▪ Produce evidence or/and witnesses to prove the allegations ▪ Establish and monitor standards of conduct and behavior ▪ Take appropriate and timely measures to address disciplinary issues Inquiry ▪ Participate in the disciplinary process if Officers/committee required as the nominated Inquiry Officer /or member of the committee ▪ Implement the policy in a fair and consistent manner ▪ Provide advice and guidance on the disciplinary policy and procedure to inquiry Officers /committee and Competent Authority HR Admin & ▪ Support inquiry Officers throughout the Discipline disciplinary process, act as an observer and take notes where needed ▪ Ensure all documentation is maintained on the employee’s file ▪ Nominate the preliminary Investigation Officer and Inquiry Officer / committee ▪ Review preliminary investigation report and Competent determine if there is a ‘case to answer’ ‘no case stage ▪ Issue Show Cause Notice ▪ Give permission to suspended employee to enter into PIA premises and/or allow station leave ▪ Review show cause response to determine if satisfactory or unsatisfactory ▪ Offer employees the oppo...","PIA Chapter 13, PIA discipline and general conduct, PIA employee policy, Employee Disciplinary Policy, Roles and Responsibilities Role Responsibility, What are the rules or steps for roles and Responsibilities Role Responsibility?, disciplinary process, show cause notice, disciplinary inquiry, employee misconduct, penalty process, appeal, suspension, Roles, Responsibilities, Role, Responsibility, rules, steps, Follow, maintain, professional, standards, conduct, behavior, Adhere, guidelines, given, policy, Attend, disciplinary, meetings, interviews, investigation/, requested, inquiry, Provide, honest, account, incident, Ensure, any, evidence, information, not, tampered, Raise, desired, Prosecution, Witness, Produce, or/and, witnesses, prove, allegations, Establish, monitor, Take, appropriate, timely, measures, address, issues, Participate, process, Officers/committee, required, nominated, Officer, member, committee, Implement, fair, consistent, manner",27,
Employee Disciplinary Policy,What is the PIA rule about disciplinary Cases Committee (DCC)?,The required Quorum of the DCC is at least three members including the Chairperson.,"PIA Chapter 13, PIA discipline and general conduct, PIA employee policy, Employee Disciplinary Policy, Disciplinary Cases Committee (DCC), What is the PIA rule about disciplinary Cases Committee (DCC)?, disciplinary process, show cause notice, disciplinary inquiry, employee misconduct, penalty process, appeal, suspension, Disciplinary, Cases, Committee, DCC, rule, required, Quorum, least, three, members, including, Chairperson, Disciplinary Cases, Cases Committee, Committee DCC, DCC rule, rule disciplinary, DCC required, required Quorum, Quorum DCC, DCC least, least three, three members, members including, including Chairperson, Disciplinary Cases Committee, Cases Committee DCC, Committee DCC rule, DCC rule disciplinary, rule disciplinary Cases, Committee DCC required, DCC required Quorum, required Quorum DCC, Quorum DCC least, DCC least three, least three members, three members including, members including Chairperson, DCC Disciplinary Cases Committee",28,
Employee Disciplinary Policy,What must the committee do regarding disciplinary Cases Committee (DCC)?,The committee is also authorised to obtain any legal assistance from in-house and /or outside the company.,"PIA Chapter 13, PIA discipline and general conduct, PIA employee policy, Employee Disciplinary Policy, Disciplinary Cases Committee (DCC), What must the committee do regarding disciplinary Cases Committee (DCC)?, disciplinary process, show cause notice, disciplinary inquiry, employee misconduct, penalty process, appeal, suspension, Disciplinary, Cases, Committee, DCC, also, authorised, obtain, any, legal, assistance, in-house, outside, Disciplinary Cases, Cases Committee, Committee DCC, DCC committee, committee disciplinary, committee also, also authorised, authorised obtain, obtain any, any legal, legal assistance, assistance in-house, in-house outside, Disciplinary Cases Committee, Cases Committee DCC, Committee DCC committee, DCC committee disciplinary, committee disciplinary Cases, DCC committee also, committee also authorised, also authorised obtain, authorised obtain any, obtain any legal, any legal assistance, legal assistance in-house, assistance in-house outside, DCC Disciplinary Cases Committee",28,
Employee Disciplinary Policy,What must the Committee do regarding disciplinary Cases Committee (DCC)?,"The Committee is also authorised to Call the accused officer, witnesses or obtain any document / record relevant to the case.","PIA Chapter 13, PIA discipline and general conduct, PIA employee policy, Employee Disciplinary Policy, Disciplinary Cases Committee (DCC), What must the Committee do regarding disciplinary Cases Committee (DCC)?, disciplinary process, show cause notice, disciplinary inquiry, employee misconduct, penalty process, appeal, suspension, Disciplinary, Cases, Committee, DCC, also, authorised, Call, accused, officer, witnesses, obtain, any, document, record, relevant, case, Disciplinary Cases, Cases Committee, Committee DCC, DCC Committee, Committee disciplinary, Committee also, also authorised, authorised Call, Call accused, accused officer, officer witnesses, witnesses obtain, obtain any, any document, document record, record relevant, relevant case, Disciplinary Cases Committee, Cases Committee DCC, Committee DCC Committee, DCC Committee disciplinary, Committee disciplinary Cases, DCC Committee also, Committee also authorised, also authorised Call, authorised Call accused, Call accused officer, accused officer witnesses, officer witnesses obtain, witnesses obtain any, obtain any document, any document record, document record relevant, record relevant case, DCC Disciplinary Cases Committee",28,
Employee Disciplinary Policy,What is required regarding disciplinary Cases Committee (DCC)?,"GM Admin & Discipline - Secretary In case, the accused is the member of the committee, another member will be co-opted. The committee will meet once in a month and /or need basis.","PIA Chapter 13, PIA discipline and general conduct, PIA employee policy, Employee Disciplinary Policy, Disciplinary Cases Committee (DCC), What is required regarding disciplinary Cases Committee (DCC)?, disciplinary process, show cause notice, disciplinary inquiry, employee misconduct, penalty process, appeal, suspension, Disciplinary, Cases, Committee, DCC, required, Admin, Discipline, Secretary, case, accused, member, another, co-opted, meet, once, month, need, basis, Disciplinary Cases, Cases Committee, Committee DCC, DCC required, required disciplinary, DCC Admin, Admin Discipline, Discipline Secretary, Secretary case, case accused, accused member, member committee, committee another, another member, member co-opted, co-opted committee, committee meet, meet once, once month, month need, need basis, Disciplinary Cases Committee, Cases Committee DCC, Committee DCC required, DCC required disciplinary, required disciplinary Cases, Committee DCC Admin, DCC Admin Discipline, Admin Discipline Secretary, Discipline Secretary case, Secretary case accused, case accused member, accused member committee, member committee another, committee another member, another member co-opted, member co-opted committee, co-opted committee meet, committee meet once, meet once month, once month need, month need basis, DCC Disciplinary Cases Committee",28,
Employee Disciplinary Policy,What is the responsibility of the committee by applying the collective wisdom?,The committee by applying the collective wisdom must have also the power to exonerate or recommend exoneration of the accused even after the case of declared guilty by the inquiry officer/committee.,"PIA Chapter 13, PIA discipline and general conduct, PIA employee policy, Employee Disciplinary Policy, Disciplinary Cases Committee (DCC), What is the responsibility of the committee by applying the collective wisdom?, disciplinary process, show cause notice, disciplinary inquiry, employee misconduct, penalty process, appeal, suspension, Disciplinary, Cases, Committee, DCC, responsibility, applying, collective, wisdom, have, also, power, exonerate, recommend, exoneration, accused, even, after, case, declared, guilty, inquiry, officer/committee, Disciplinary Cases, Cases Committee, Committee DCC, DCC responsibility, responsibility committee, committee applying, applying collective, collective wisdom, wisdom committee, wisdom have, have also, also power, power exonerate, exonerate recommend, recommend exoneration, exoneration accused, accused even, even after, after case, case declared, declared guilty, guilty inquiry, inquiry officer/committee, Disciplinary Cases Committee, Cases Committee DCC, Committee DCC responsibility, DCC responsibility committee, responsibility committee applying, committee applying collective, applying collective wisdom, collective wisdom committee, wisdom committee applying, collective wisdom have, wisdom have also, have also power, also power exonerate, power exonerate recommend, exonerate recommend exoneration, recommend exoneration accused, exoneration accused even",28,
Employee Disciplinary Policy,What is the responsibility of the committee?,"The committee must have the power to review, further deliberate and decide the case after the inquiry proceedings, fate of the accused and impose or recommend imposition of the penalty (if proven guilty).","PIA Chapter 13, PIA discipline and general conduct, PIA employee policy, Employee Disciplinary Policy, Disciplinary Cases Committee (DCC), What is the responsibility of the committee?, disciplinary process, show cause notice, disciplinary inquiry, employee misconduct, penalty process, appeal, suspension, Disciplinary, Cases, Committee, DCC, responsibility, have, power, review, further, deliberate, decide, case, after, inquiry, proceedings, fate, accused, impose, recommend, imposition, penalty, proven, guilty, Disciplinary Cases, Cases Committee, Committee DCC, DCC responsibility, responsibility committee, committee committee, committee have, have power, power review, review further, further deliberate, deliberate decide, decide case, case after, after inquiry, inquiry proceedings, proceedings fate, fate accused, accused impose, impose recommend, recommend imposition, imposition penalty, penalty proven, proven guilty, Disciplinary Cases Committee, Cases Committee DCC, Committee DCC responsibility, DCC responsibility committee, responsibility committee committee, committee committee have, committee have power, have power review, power review further, review further deliberate, further deliberate decide, deliberate decide case, decide case after, case after inquiry, after inquiry proceedings",28,
Employee Disciplinary Policy,What is required regarding disciplinary Cases Committee (DCC)?,"DCC will be the committee constituted by the CEO to review, deliberate and decide the disciplinary cases of officers at senior management level (PG IX & above or equivalents, including cockpit crew) before the imposition of the penalty, if found guilty in inquiry proceedings.","PIA Chapter 13, PIA discipline and general conduct, PIA employee policy, Employee Disciplinary Policy, Disciplinary Cases Committee (DCC), What is required regarding disciplinary Cases Committee (DCC)?, disciplinary process, show cause notice, disciplinary inquiry, employee misconduct, penalty process, appeal, suspension, Disciplinary, Cases, Committee, DCC, required, constituted, CEO, review, deliberate, decide, officers, senior, management, level, above, equivalents, including, cockpit, crew, before, imposition, penalty, found, guilty, inquiry, proceedings, Disciplinary Cases, Cases Committee, Committee DCC, DCC required, required disciplinary, DCC DCC, DCC committee, committee constituted, constituted CEO, CEO review, review deliberate, deliberate decide, decide disciplinary, cases officers, officers senior, senior management, management level, level above, above equivalents, equivalents including, including cockpit, cockpit crew, crew before, before imposition, imposition penalty, penalty found, found guilty, guilty inquiry, inquiry proceedings, Disciplinary Cases Committee, Cases Committee DCC, Committee DCC required, DCC required disciplinary, required disciplinary Cases, Committee DCC DCC, DCC DCC committee",28,
Employee Disciplinary Policy,Is prior approval required for action in Respect of Employees Suspended from Duty?,"Employees who are without assignment and/or suspended, must not enter into PIA Premises (except PIA Medical Centers) without prior approval of the concerned Chief or the CEO.","PIA Chapter 13, PIA discipline and general conduct, PIA employee policy, Employee Disciplinary Policy, Action in Respect of Employees Suspended from Duty, Is prior approval required for action in Respect of Employees Suspended from Duty?, disciplinary process, show cause notice, disciplinary inquiry, employee misconduct, penalty process, appeal, suspension, Action, Respect, Suspended, Duty, prior, approval, required, who, without, assignment, and/or, not, enter, into, Premises, except, Medical, Centers, concerned, Chief, CEO, Action Respect, Respect Suspended, Suspended Duty, Duty prior, prior approval, approval required, required action, Duty who, who without, without assignment, assignment and/or, and/or suspended, suspended not, not enter, enter into, into Premises, Premises except, except Medical, Medical Centers, Centers without, without prior, approval concerned, concerned Chief, Chief CEO, Action Respect Suspended, Respect Suspended Duty, Suspended Duty prior, Duty prior approval, prior approval required, approval required action, required action Respect, Suspended Duty who, Duty who without, who without assignment, without assignment and/or, assignment and/or suspended, and/or suspended not, suspended not enter, not enter into, enter into Premises, into Premises except",29,A.O. No. 19/2010; A.O. No. 18/2018; Dated: 14-03-2018
Employee Disciplinary Policy,What action can be taken for action in Respect of Employees Suspended from Duty?,"DUTY: If an employee suspended is not dismissed or demoted to a lower pay scale/cadre, he will be restored to his / her rank/cadre or given an equivalent rank/cadre and the period of suspension will be treated as on duty.","PIA Chapter 13, PIA discipline and general conduct, PIA employee policy, Employee Disciplinary Policy, Action in Respect of Employees Suspended from Duty, What action can be taken for action in Respect of Employees Suspended from Duty?, disciplinary process, show cause notice, disciplinary inquiry, employee misconduct, penalty process, appeal, suspension, Action, Respect, Suspended, Duty, taken, not, dismissed, demoted, lower, pay, scale/cadre, restored, rank/cadre, given, equivalent, period, treated, Action Respect, Respect Suspended, Suspended Duty, Duty action, action taken, taken action, Duty DUTY, DUTY suspended, suspended not, not dismissed, dismissed demoted, demoted lower, lower pay, pay scale/cadre, scale/cadre restored, restored rank/cadre, rank/cadre given, given equivalent, equivalent rank/cadre, rank/cadre period, period suspension, suspension treated, treated duty, Action Respect Suspended, Respect Suspended Duty, Suspended Duty action, Duty action taken, action taken action, taken action Respect, Suspended Duty DUTY, Duty DUTY suspended, DUTY suspended not, suspended not dismissed, not dismissed demoted, dismissed demoted lower, demoted lower pay, lower pay scale/cadre, pay scale/cadre restored, scale/cadre restored rank/cadre, restored rank/cadre given, rank/cadre given equivalent, given equivalent rank/cadre, equivalent rank/cadre period, rank/cadre period suspension, period suspension treated",29,A.O. No. 19/2010; A.O. No. 18/2018; Dated: 14-03-2018
Employee Disciplinary Policy,What happens if an employee refuses or fails to undergo such an examination?,"If an employee refuses or fails to undergo such an examination, his / her refusal or failure, as the case may be, will be deemed to be proof of the inability to continue to be in service.","PIA Chapter 13, PIA discipline and general conduct, PIA employee policy, Employee Disciplinary Policy, Power to Order Medical Examination for Mental or Physical Infirmity, What happens if an employee refuses or fails to undergo such an examination?, disciplinary process, show cause notice, disciplinary inquiry, employee misconduct, penalty process, appeal, suspension, Power, Order, Medical, Examination, Mental, Physical, Infirmity, happens, refuses, fails, undergo, such, refusal, failure, case, may, deemed, proof, inability, continue, service, Power Order, Order Medical, Medical Examination, Examination Mental, Mental Physical, Physical Infirmity, Infirmity happens, happens refuses, refuses fails, fails undergo, undergo such, such examination, examination refuses, examination refusal, refusal failure, failure case, case may, may deemed, deemed proof, proof inability, inability continue, continue service, Power Order Medical, Order Medical Examination, Medical Examination Mental, Examination Mental Physical, Mental Physical Infirmity, Physical Infirmity happens, Infirmity happens refuses, happens refuses fails, refuses fails undergo, fails undergo such, undergo such examination, such examination refuses, examination refuses fails, such examination refusal, examination refusal failure, refusal failure case, failure case may, case may deemed, may deemed proof",29,A.O. No. 19/2010
Employee Disciplinary Policy,What are the rules or steps for power to Order Medical Examination for Mental or Physical Infirmity?,"Where it is proposed to proceed against an employee on the ground of inefficiency by reasons of infirmity of mind or body, the competent authority may, at any stage, require the employee to undergo a medical examination by a Board to be constituted by it and the report of the board must form part of the proceedings.","PIA Chapter 13, PIA discipline and general conduct, PIA employee policy, Employee Disciplinary Policy, Power to Order Medical Examination for Mental or Physical Infirmity, What are the rules or steps for power to Order Medical Examination for Mental or Physical Infirmity?, disciplinary process, show cause notice, disciplinary inquiry, employee misconduct, penalty process, appeal, suspension, Power, Order, Medical, Examination, Mental, Physical, Infirmity, rules, steps, Where, proposed, proceed, against, ground, inefficiency, reasons, mind, body, competent, authority, may, any, stage, require, undergo, Board, constituted, report, form, part, proceedings, Power Order, Order Medical, Medical Examination, Examination Mental, Mental Physical, Physical Infirmity, Infirmity rules, rules steps, steps power, Infirmity Where, Where proposed, proposed proceed, proceed against, against ground, ground inefficiency, inefficiency reasons, reasons infirmity, infirmity mind, mind body, body competent, competent authority, authority may, may any, any stage, stage require, require undergo, undergo medical, examination Board, Board constituted, constituted report, report board",29,A.O. No. 19/2010
Protection Against Workplace Harassment,What is the PIA rule about misconduct ( a ) Abuse of authority?,"A demand by a person in authority, such as a supervisor, for sexual favors in order for the complainant to keep or obtain certain job benefits, be it a wage increase, a promotion, training opportunity, a transfer or the job itself.","PIA Chapter 13, PIA discipline and general conduct, PIA employee policy, Protection Against Workplace Harassment, Misconduct ( a ) Abuse of authority, What is the PIA rule about misconduct ( a ) Abuse of authority?, workplace harassment, sexual harassment, hostile environment, retaliation, inquiry committee, women protection, Misconduct, Abuse, authority, rule, demand, person, such, supervisor, sexual, favors, order, complainant, keep, obtain, certain, job, benefits, wage, increase, promotion, training, opportunity, transfer, itself, Misconduct Abuse, Abuse authority, authority rule, rule misconduct, authority demand, demand person, person authority, authority such, such supervisor, supervisor sexual, sexual favors, favors order, order complainant, complainant keep, keep obtain, obtain certain, certain job, job benefits, benefits wage, wage increase, increase promotion, promotion training, training opportunity, opportunity transfer, transfer job, job itself, Misconduct Abuse authority, Abuse authority rule, authority rule misconduct, rule misconduct Abuse, Abuse authority demand, authority demand person, demand person authority, person authority such, authority such supervisor, such supervisor sexual, supervisor sexual favors, sexual favors order, favors order complainant",31,
Protection Against Workplace Harassment,What are the rules or steps for misconduct ( a ) Abuse of authority?,"The typical “hostile environment” claim, in general, requires finding of a pattern of offensive conduct, however, in cases where the harassment is particularly severe, such as in cases involving physical contact, a single offensive incident will constitute a violation.","PIA Chapter 13, PIA discipline and general conduct, PIA employee policy, Protection Against Workplace Harassment, Misconduct ( a ) Abuse of authority, What are the rules or steps for misconduct ( a ) Abuse of authority?, workplace harassment, sexual harassment, hostile environment, retaliation, inquiry committee, women protection, Misconduct, Abuse, authority, rules, steps, typical, hostile, environment, claim, general, requires, finding, pattern, offensive, conduct, however, cases, where, harassment, particularly, severe, such, involving, physical, contact, single, incident, constitute, violation, Misconduct Abuse, Abuse authority, authority rules, rules steps, steps misconduct, authority typical, typical hostile, environment claim, claim general, general requires, requires finding, finding pattern, pattern offensive, offensive conduct, conduct however, however cases, cases where, where harassment, harassment particularly, particularly severe, severe such, such cases, cases involving, involving physical, physical contact, contact single, single offensive, offensive incident, incident constitute, constitute violation, Misconduct Abuse authority, Abuse authority rules, authority rules steps, rules steps misconduct",31,
Protection Against Workplace Harassment,What is required regarding misconduct ( a ) Abuse of authority?,"(b ) Creating a hostile environment Any unwelcome sexual advance, request for sexual favors or other verbal or physical conduct of a sexual nature, which interferes with an individual’s work performance or creates an intimidating, hostile, abusive or offensive work environment.","PIA Chapter 13, PIA discipline and general conduct, PIA employee policy, Protection Against Workplace Harassment, Misconduct ( a ) Abuse of authority, What is required regarding misconduct ( a ) Abuse of authority?, workplace harassment, sexual harassment, hostile environment, retaliation, inquiry committee, women protection, Misconduct, Abuse, authority, required, Creating, hostile, environment, Any, unwelcome, sexual, advance, request, favors, other, verbal, physical, conduct, nature, which, interferes, individual, work, performance, creates, intimidating, abusive, offensive, Misconduct Abuse, Abuse authority, authority required, required misconduct, authority Creating, Creating hostile, environment Any, Any unwelcome, unwelcome sexual, sexual advance, advance request, request sexual, sexual favors, favors other, other verbal, verbal physical, physical conduct, conduct sexual, sexual nature, nature which, which interferes, interferes individual, individual work, work performance, performance creates, creates intimidating, intimidating hostile, hostile abusive, abusive offensive, offensive work, work environment, Misconduct Abuse authority, Abuse authority required, authority required misconduct, required misconduct Abuse, Abuse authority Creating",31,
Protection Against Workplace Harassment,What must the Retaliation The refusal to grant a sexual favor do regarding misconduct ( a ) Abuse of authority?,"Retaliation The refusal to grant a sexual favor can result in retaliation, which may include limiting the employee’s options for future promotions or training, distorting the evaluation reports, generating gossip against the employee or other ways of limiting access to his/her rights. Such behavior is also a part of the harassment.","PIA Chapter 13, PIA discipline and general conduct, PIA employee policy, Protection Against Workplace Harassment, Misconduct ( a ) Abuse of authority, What must the Retaliation The refusal to grant a sexual favor do regarding misconduct ( a ) Abuse of authority?, workplace harassment, sexual harassment, hostile environment, retaliation, inquiry committee, women protection, Misconduct, Abuse, authority, refusal, grant, sexual, favor, result, which, may, include, limiting, options, future, promotions, training, distorting, evaluation, reports, generating, gossip, against, other, ways, access, his/her, rights, Such, behavior, also, part, harassment, Misconduct Abuse, Abuse authority, authority Retaliation, Retaliation refusal, refusal grant, grant sexual, sexual favor, favor misconduct, favor result, result retaliation, retaliation which, which may, may include, include limiting, limiting options, options future, future promotions, promotions training, training distorting, distorting evaluation, evaluation reports, reports generating, generating gossip, gossip against, against other, other ways, ways limiting, limiting access, access his/her, his/her rights, rights Such",31,
Protection Against Workplace Harassment,What are the rules or steps for inquiry Committee?,"The committee consisting of following members has been formed to address the complaints of Sexual Harassment as per law, as and when","PIA Chapter 13, PIA discipline and general conduct, PIA employee policy, Protection Against Workplace Harassment, Inquiry Committee, What are the rules or steps for inquiry Committee?, workplace harassment, sexual harassment, hostile environment, retaliation, women protection, Inquiry, Committee, rules, steps, consisting, following, members, has, formed, address, complaints, Sexual, Harassment, per, law, when, Committee rules, rules steps, steps inquiry, Committee committee, committee consisting, consisting following, following members, members has, has formed, formed address, address complaints, complaints Sexual, Harassment per, per law, law when, Inquiry Committee rules, Committee rules steps, rules steps inquiry, steps inquiry Committee, inquiry Committee committee, Committee committee consisting, committee consisting following, consisting following members, following members has, members has formed, has formed address, formed address complaints, address complaints Sexual, complaints Sexual Harassment, Sexual Harassment per, Harassment per law, per law when",32,Cir 11/2023; Cir No.12/2010
Protection Against Workplace Harassment,What is the PIA rule about inquiry Committee?,"Any grievance falling under the said Act may be brought into the notice of prescribed Committee, on the given Performa as per Appendix ‘I’ to this Chapter, which is to be sent to at e-mail address: wpc@piac.aero","PIA Chapter 13, PIA discipline and general conduct, PIA employee policy, Protection Against Workplace Harassment, Inquiry Committee, What is the PIA rule about inquiry Committee?, workplace harassment, sexual harassment, hostile environment, retaliation, women protection, Inquiry, Committee, rule, Any, grievance, falling, said, Act, may, brought, into, notice, prescribed, given, Performa, per, Appendix, Chapter, which, sent, e-mail, address, wpc, piac, aero, Committee rule, rule inquiry, Committee Any, Any grievance, grievance falling, falling said, said Act, Act may, may brought, brought into, into notice, notice prescribed, prescribed Committee, Committee given, given Performa, Performa per, per Appendix, Appendix Chapter, Chapter which, which sent, sent e-mail, e-mail address, address wpc, wpc piac, piac aero, Inquiry Committee rule, Committee rule inquiry, rule inquiry Committee, inquiry Committee Any, Committee Any grievance, Any grievance falling, grievance falling said, falling said Act, said Act may, Act may brought, may brought into, brought into notice, into notice prescribed, notice prescribed Committee",32,Cir 11/2023; Cir No.12/2010
Protection Against Workplace Harassment,What is required regarding inquiry Committee?,Assistant Manager ISB Member (Preferably Female) 6 Law Officer KHI Member (Preferably Female) In case a complaint is made against one of the members of the Inquiry Committee that member should be replaced by another for that particular case. Such member may be from within or outside the organization;,"PIA Chapter 13, PIA discipline and general conduct, PIA employee policy, Protection Against Workplace Harassment, Inquiry Committee, What is required regarding inquiry Committee?, workplace harassment, sexual harassment, hostile environment, retaliation, women protection, Inquiry, Committee, required, Assistant, Manager, ISB, Member, Preferably, Female, Law, Officer, KHI, case, complaint, made, against, one, members, replaced, another, particular, Such, may, within, outside, organization, Committee required, required inquiry, Committee Assistant, Assistant Manager, Manager ISB, ISB Member, Member Preferably, Preferably Female, Female Law, Law Officer, Officer KHI, KHI Member, Female case, case complaint, complaint made, made against, against one, one members, members Inquiry, Committee member, member replaced, replaced another, another particular, particular case, case Such, Such member, member may, may within, within outside, outside organization, Inquiry Committee required, Committee required inquiry, required inquiry Committee, inquiry Committee Assistant, Committee Assistant Manager, Assistant Manager ISB, Manager ISB Member, ISB Member Preferably",32,Cir 11/2023; Cir No.12/2010
Protection Against Workplace Harassment,What is the PIA rule about penalty i) Minor penalties?,"Fine. A part of the fine can be used as compensation for the complainant. In case of the owner, the fine will be payable to the complainant.","PIA Chapter 13, PIA discipline and general conduct, PIA employee policy, Protection Against Workplace Harassment, Penalty i) Minor penalties, What is the PIA rule about penalty i) Minor penalties?, workplace harassment, sexual harassment, hostile environment, retaliation, inquiry committee, women protection, Penalty, Minor, penalties, rule, Fine, part, used, compensation, complainant, case, owner, payable, Penalty Minor, Minor penalties, penalties rule, rule penalty, penalties Fine, Fine part, part fine, fine used, used compensation, compensation complainant, complainant case, case owner, owner fine, fine payable, payable complainant, Penalty Minor penalties, Minor penalties rule, penalties rule penalty, rule penalty Minor, Minor penalties Fine, penalties Fine part, Fine part fine, part fine used, fine used compensation, used compensation complainant, compensation complainant case, complainant case owner, case owner fine, owner fine payable, fine payable complainant",32,
Protection Against Workplace Harassment,What is required regarding holding inquiry?,Adverse action must not be taken against the complainant or the witnesses;,"PIA Chapter 13, PIA discipline and general conduct, PIA employee policy, Protection Against Workplace Harassment, Procedure for holding inquiry, What is required regarding holding inquiry?, workplace harassment, sexual harassment, hostile environment, retaliation, inquiry committee, women protection, Procedure, holding, inquiry, required, Adverse, action, not, taken, against, complainant, witnesses, Procedure holding, holding inquiry, inquiry required, required holding, inquiry Adverse, Adverse action, action not, not taken, taken against, against complainant, complainant witnesses, Procedure holding inquiry, holding inquiry required, inquiry required holding, required holding inquiry, holding inquiry Adverse, inquiry Adverse action, Adverse action not, action not taken, not taken against, taken against complainant, against complainant witnesses",32,
Protection Against Workplace Harassment,What are the rules or steps for holding inquiry?,The statements and other evidence acquired in the inquiry process will be considered as confidential;,"PIA Chapter 13, PIA discipline and general conduct, PIA employee policy, Protection Against Workplace Harassment, Procedure for holding inquiry, What are the rules or steps for holding inquiry?, workplace harassment, sexual harassment, hostile environment, retaliation, inquiry committee, women protection, Procedure, holding, inquiry, rules, steps, statements, other, evidence, acquired, process, considered, confidential, Procedure holding, holding inquiry, inquiry rules, rules steps, steps holding, inquiry statements, statements other, other evidence, evidence acquired, acquired inquiry, inquiry process, process considered, considered confidential, Procedure holding inquiry, holding inquiry rules, inquiry rules steps, rules steps holding, steps holding inquiry, holding inquiry statements, inquiry statements other, statements other evidence, other evidence acquired, evidence acquired inquiry, acquired inquiry process, inquiry process considered, process considered confidential",32,
Protection Against Workplace Harassment,What is the PIA rule about holding inquiry?,The organization may also offer compensation to the complainant in case of loss of salary or other damages.,"PIA Chapter 13, PIA discipline and general conduct, PIA employee policy, Protection Against Workplace Harassment, Procedure for holding inquiry, What is the PIA rule about holding inquiry?, workplace harassment, sexual harassment, hostile environment, retaliation, inquiry committee, women protection, Procedure, holding, inquiry, rule, organization, may, also, offer, compensation, complainant, case, loss, salary, other, damages, Procedure holding, holding inquiry, inquiry rule, rule holding, inquiry organization, organization may, may also, also offer, offer compensation, compensation complainant, complainant case, case loss, loss salary, salary other, other damages, Procedure holding inquiry, holding inquiry rule, inquiry rule holding, rule holding inquiry, holding inquiry organization, inquiry organization may, organization may also, may also offer, also offer compensation, offer compensation complainant, compensation complainant case, complainant case loss, case loss salary, loss salary other, salary other damages",32,
Protection Against Workplace Harassment,What is required regarding holding inquiry?,"An officer in an organization, if considered necessary, may be nominated to provide advice and assistance to each party;","PIA Chapter 13, PIA discipline and general conduct, PIA employee policy, Protection Against Workplace Harassment, Procedure for holding inquiry, What is required regarding holding inquiry?, workplace harassment, sexual harassment, hostile environment, retaliation, inquiry committee, women protection, Procedure, holding, inquiry, required, officer, organization, considered, necessary, may, nominated, provide, advice, assistance, each, party, Procedure holding, holding inquiry, inquiry required, required holding, inquiry officer, officer organization, organization considered, considered necessary, necessary may, may nominated, nominated provide, provide advice, advice assistance, assistance each, each party, Procedure holding inquiry, holding inquiry required, inquiry required holding, required holding inquiry, holding inquiry officer, inquiry officer organization, officer organization considered, organization considered necessary, considered necessary may, necessary may nominated, may nominated provide, nominated provide advice, provide advice assistance, advice assistance each, assistance each party",32,
Protection Against Workplace Harassment,What is required regarding holding inquiry?,"Both parties, the complainant and the accused, must have the right to be represented or accompanied by a Collective Bargaining Agent representative, a friend or a colleague;","PIA Chapter 13, PIA discipline and general conduct, PIA employee policy, Protection Against Workplace Harassment, Procedure for holding inquiry, What is required regarding holding inquiry?, workplace harassment, sexual harassment, hostile environment, retaliation, inquiry committee, women protection, Procedure, holding, inquiry, required, Both, parties, complainant, accused, have, right, represented, accompanied, Collective, Bargaining, Agent, representative, friend, colleague, Procedure holding, holding inquiry, inquiry required, required holding, inquiry Both, Both parties, parties complainant, complainant accused, accused have, have right, right represented, represented accompanied, accompanied Collective, Collective Bargaining, Bargaining Agent, Agent representative, representative friend, friend colleague, Procedure holding inquiry, holding inquiry required, inquiry required holding, required holding inquiry, holding inquiry Both, inquiry Both parties, Both parties complainant, parties complainant accused, complainant accused have, accused have right, have right represented, right represented accompanied, represented accompanied Collective, accompanied Collective Bargaining, Collective Bargaining Agent, Bargaining Agent representative, Agent representative friend, representative friend colleague",32,
Protection Against Workplace Harassment,What must the Subject to the provisions of this Act and any rules made there under the Inquiry Committee do regarding holding inquiry?,Subject to the provisions of this Act and any rules made there under the Inquiry Committee must have power to regulate its own procedure for conducting inquiry and for the fixing place and time of its sitting.,"PIA Chapter 13, PIA discipline and general conduct, PIA employee policy, Protection Against Workplace Harassment, Procedure for holding inquiry, What must the Subject to the provisions of this Act and any rules made there under the Inquiry Committee do regarding holding inquiry?, workplace harassment, sexual harassment, hostile environment, retaliation, inquiry committee, women protection, Procedure, holding, inquiry, Subject, provisions, Act, any, rules, made, there, Committee, have, power, regulate, own, conducting, fixing, place, time, sitting, Procedure holding, holding inquiry, inquiry Subject, Subject provisions, provisions Act, Act any, any rules, rules made, made there, there Inquiry, Committee holding, Committee have, have power, power regulate, regulate own, own procedure, procedure conducting, conducting inquiry, inquiry fixing, fixing place, place time, time sitting, Procedure holding inquiry, holding inquiry Subject, inquiry Subject provisions, Subject provisions Act, provisions Act any, Act any rules, any rules made, rules made there, made there Inquiry, there Inquiry Committee, Inquiry Committee holding, Committee holding inquiry, Inquiry Committee have, Committee have power, have power regulate, power regulate own, regulate own procedure, own procedure conducting, procedure conducting inquiry, conducting inquiry fixing, inquiry fixing place",32,
Protection Against Workplace Harassment,What must the Enquire into the charge and do regarding holding inquiry?,Enquire into the charge and may examine such oral or documentary evidence in support of the charge or in defense of the accused as the Committee may consider necessary and each party will be entitled to cross-examine the witnesses against him.,"PIA Chapter 13, PIA discipline and general conduct, PIA employee policy, Protection Against Workplace Harassment, Procedure for holding inquiry, What must the Enquire into the charge and do regarding holding inquiry?, workplace harassment, sexual harassment, hostile environment, retaliation, inquiry committee, women protection, Procedure, holding, inquiry, Enquire, into, charge, may, examine, such, oral, documentary, evidence, support, defense, accused, Committee, consider, necessary, each, party, entitled, cross-examine, witnesses, against, him, Procedure holding, holding inquiry, inquiry Enquire, Enquire into, into charge, charge holding, charge may, may examine, examine such, such oral, oral documentary, documentary evidence, evidence support, support charge, charge defense, defense accused, accused Committee, Committee may, may consider, consider necessary, necessary each, each party, party entitled, entitled cross-examine, cross-examine witnesses, witnesses against, against him, Procedure holding inquiry, holding inquiry Enquire, inquiry Enquire into, Enquire into charge, into charge holding, charge holding inquiry, into charge may, charge may examine, may examine such, examine such oral, such oral documentary",32,
Protection Against Workplace Harassment,What is the responsibility of the Inquiry Committee?,The Inquiry Committee must give its findings in writing by recording reasons of it. (4) The Inquiry Committee must submit its findings and recommendations to the Competent Authority within thirty days of the initiation of inquiry. If the Inquiry Committee finds the accused to be guilty it must recommend to the Competent Authority for imposing one or more of the above- m e n t i o n e d penalties.,"PIA Chapter 13, PIA discipline and general conduct, PIA employee policy, Protection Against Workplace Harassment, Procedure for holding inquiry, What is the responsibility of the Inquiry Committee?, workplace harassment, sexual harassment, hostile environment, retaliation, inquiry committee, women protection, Procedure, holding, inquiry, responsibility, Committee, give, findings, writing, recording, reasons, submit, recommendations, Competent, Authority, within, thirty, days, initiation, finds, accused, guilty, recommend, imposing, one, more, above-, penalties, Procedure holding, holding inquiry, inquiry responsibility, responsibility Inquiry, Committee Inquiry, Committee give, give findings, findings writing, writing recording, recording reasons, reasons Inquiry, Committee submit, submit findings, findings recommendations, recommendations Competent, Competent Authority, Authority within, within thirty, thirty days, days initiation, initiation inquiry, inquiry Inquiry, Committee finds, finds accused, accused guilty, guilty recommend, recommend Competent, Authority imposing, imposing one, one more, more above-, above- penalties, Procedure holding inquiry, holding inquiry responsibility, inquiry responsibility Inquiry, responsibility Inquiry Committee",32,
Protection Against Workplace Harassment,Who can approve holding inquiry?,"The Competent Authority must impose the penalty recommended by the Inquiry Committee under sub-section (4) within one week of the receipt of the recommendations of the inquiry committee (6) The Inquiry Committee must meet on regular basis and monitor the situation regularly until they are satisfied that their recommendations subject to decision, if any of Competent Authority and Appellate (7) In case the complainant is in trauma the organization will arrange for psycho-social counseling or medical treatment and for additional medical leave.","PIA Chapter 13, PIA discipline and general conduct, PIA employee policy, Protection Against Workplace Harassment, Procedure for holding inquiry, Who can approve holding inquiry?, workplace harassment, sexual harassment, hostile environment, retaliation, inquiry committee, women protection, Procedure, holding, inquiry, Who, approve, Competent, Authority, impose, penalty, recommended, Committee, sub-section, within, one, week, receipt, recommendations, meet, regular, basis, monitor, situation, regularly, until, they, satisfied, subject, decision, any, Appellate, case, complainant, trauma, organization, arrange, psycho-social, counseling, medical, treatment, additional, leave, Procedure holding, holding inquiry, inquiry Who, Who approve, approve holding, inquiry Competent, Competent Authority, Authority impose, impose penalty, penalty recommended, recommended Inquiry, Committee sub-section, sub-section within, within one, one week, week receipt, receipt recommendations, recommendations inquiry, committee Inquiry, Committee meet, meet regular, regular basis",32,
Protection Against Workplace Harassment,What is the PIA rule about powers of the Inquiry Committee?,The Inquiry Committee may recommend to Ombudsman for appropriate action against the complainant if allegations leveled against the accused found to be false and made with mala fide intentions.,"PIA Chapter 13, PIA discipline and general conduct, PIA employee policy, Protection Against Workplace Harassment, Powers of the Inquiry Committee., What is the PIA rule about powers of the Inquiry Committee?, workplace harassment, sexual harassment, hostile environment, retaliation, inquiry committee, women protection, Powers, Inquiry, Committee, rule, may, recommend, Ombudsman, appropriate, action, against, complainant, allegations, leveled, accused, found, false, made, mala, fide, intentions, Powers Inquiry, Committee rule, rule powers, Committee Inquiry, Committee may, may recommend, recommend Ombudsman, Ombudsman appropriate, appropriate action, action against, against complainant, complainant allegations, allegations leveled, leveled against, against accused, accused found, found false, false made, made mala, mala fide, fide intentions, Powers Inquiry Committee, Inquiry Committee rule, Committee rule powers, rule powers Inquiry, Inquiry Committee Inquiry, Committee Inquiry Committee, Inquiry Committee may, Committee may recommend, may recommend Ombudsman, recommend Ombudsman appropriate, Ombudsman appropriate action, appropriate action against, action against complainant, against complainant allegations, complainant allegations leveled, allegations leveled against, leveled against accused, against accused found, accused found false, found false made, false made mala, made mala fide",34,
Protection Against Workplace Harassment,What penalty or limit applies to powers of the Inquiry Committee?,The Inquiry Committee can instruct to treat the proceedings confidential. Appeal against minor and major penalties. - (1) Any party aggrieved by decision of the Competent Authority on whom minor or major penalty is imposed may within thirty days of written communication of decision prefer an appeal to an Ombudsman established under section 7.,"PIA Chapter 13, PIA discipline and general conduct, PIA employee policy, Protection Against Workplace Harassment, Powers of the Inquiry Committee., What penalty or limit applies to powers of the Inquiry Committee?, workplace harassment, sexual harassment, hostile environment, retaliation, inquiry committee, women protection, Powers, Inquiry, Committee, penalty, limit, applies, instruct, treat, proceedings, confidential, Appeal, against, minor, major, penalties, Any, party, aggrieved, decision, Competent, Authority, whom, imposed, may, within, thirty, days, written, communication, prefer, Ombudsman, established, section, Powers Inquiry, Committee penalty, penalty limit, limit applies, applies powers, Committee Inquiry, Committee instruct, instruct treat, treat proceedings, proceedings confidential, confidential Appeal, Appeal against, against minor, minor major, major penalties, penalties Any, Any party, party aggrieved, aggrieved decision, decision Competent, Competent Authority, Authority whom, whom minor, major penalty, penalty imposed, imposed may, may within, within thirty, thirty days, days written",34,
Fraud / Misappropriation / Embezzlement Cases,"What is the PIA rule about fraud, Misappropriation and Embezzlement Cases?","If required, order further investigation.","PIA Chapter 13, PIA discipline and general conduct, PIA employee policy, Fraud / Misappropriation / Embezzlement Cases, Procedure for Fraud, Misappropriation and Embezzlement Cases, What is the PIA rule about fraud, Misappropriation and Embezzlement Cases?, fraud case, misappropriation, embezzlement, financial irregularity, investigation procedure, Procedure, Fraud, Cases, rule, required, order, further, investigation, Procedure Fraud, Fraud Misappropriation, Misappropriation Embezzlement, Embezzlement Cases, Cases rule, rule fraud, Cases required, required order, order further, further investigation, Procedure Fraud Misappropriation, Fraud Misappropriation Embezzlement, Misappropriation Embezzlement Cases, Embezzlement Cases rule, Cases rule fraud, rule fraud Misappropriation, Embezzlement Cases required, Cases required order, required order further, order further investigation",37,O.O.13/87
Fraud / Misappropriation / Embezzlement Cases,"What is required regarding fraud, Misappropriation and Embezzlement Cases?",CEO’s final orders will be conveyed to all concerned for implementation.,"PIA Chapter 13, PIA discipline and general conduct, PIA employee policy, Fraud / Misappropriation / Embezzlement Cases, Procedure for Fraud, Misappropriation and Embezzlement Cases, What is required regarding fraud, Misappropriation and Embezzlement Cases?, fraud case, misappropriation, embezzlement, financial irregularity, investigation procedure, Procedure, Fraud, Cases, required, CEO, final, orders, conveyed, all, concerned, implementation, Procedure Fraud, Fraud Misappropriation, Misappropriation Embezzlement, Embezzlement Cases, Cases required, required fraud, Cases CEO, CEO final, final orders, orders conveyed, conveyed all, all concerned, concerned implementation, Procedure Fraud Misappropriation, Fraud Misappropriation Embezzlement, Misappropriation Embezzlement Cases, Embezzlement Cases required, Cases required fraud, required fraud Misappropriation, Embezzlement Cases CEO, Cases CEO final, CEO final orders, final orders conveyed, orders conveyed all, conveyed all concerned, all concerned implementation, Chief Executive Officer, CEO Chief Executive Officer",37,O.O.13/87
Fraud / Misappropriation / Embezzlement Cases,"What is required regarding fraud, Misappropriation and Embezzlement Cases?",Investigation reports will be submitted to Chief Coordination for his perusal.,"PIA Chapter 13, PIA discipline and general conduct, PIA employee policy, Fraud / Misappropriation / Embezzlement Cases, Procedure for Fraud, Misappropriation and Embezzlement Cases, What is required regarding fraud, Misappropriation and Embezzlement Cases?, fraud case, misappropriation, embezzlement, financial irregularity, investigation procedure, Procedure, Fraud, Cases, required, Investigation, reports, submitted, Chief, Coordination, perusal, Procedure Fraud, Fraud Misappropriation, Misappropriation Embezzlement, Embezzlement Cases, Cases required, required fraud, Cases Investigation, Investigation reports, reports submitted, submitted Chief, Chief Coordination, Coordination perusal, Procedure Fraud Misappropriation, Fraud Misappropriation Embezzlement, Misappropriation Embezzlement Cases, Embezzlement Cases required, Cases required fraud, required fraud Misappropriation, Embezzlement Cases Investigation, Cases Investigation reports, Investigation reports submitted, reports submitted Chief, submitted Chief Coordination, Chief Coordination perusal",37,O.O.13/87
Fraud / Misappropriation / Embezzlement Cases,"What action can be taken for fraud, Misappropriation and Embezzlement Cases?",Convey the investigation report to Departmental Head for necessary action including disciplinary action.,"PIA Chapter 13, PIA discipline and general conduct, PIA employee policy, Fraud / Misappropriation / Embezzlement Cases, Procedure for Fraud, Misappropriation and Embezzlement Cases, What action can be taken for fraud, Misappropriation and Embezzlement Cases?, fraud case, misappropriation, embezzlement, financial irregularity, investigation procedure, Procedure, Fraud, Cases, action, taken, Convey, investigation, report, Departmental, Head, necessary, including, disciplinary, Procedure Fraud, Fraud Misappropriation, Misappropriation Embezzlement, Embezzlement Cases, Cases action, action taken, taken fraud, Cases Convey, Convey investigation, investigation report, report Departmental, Departmental Head, Head necessary, necessary action, action including, including disciplinary, disciplinary action, Procedure Fraud Misappropriation, Fraud Misappropriation Embezzlement, Misappropriation Embezzlement Cases, Embezzlement Cases action, Cases action taken, action taken fraud, taken fraud Misappropriation, Embezzlement Cases Convey, Cases Convey investigation, Convey investigation report, investigation report Departmental, report Departmental Head, Departmental Head necessary, Head necessary action, necessary action including, action including disciplinary, including disciplinary action",37,O.O.13/87
Fraud / Misappropriation / Embezzlement Cases,"What is required regarding fraud, Misappropriation and Embezzlement Cases?","Obtain view of Departmental Head or any Section, if required and pass orders for necessary action including disciplinary action.","PIA Chapter 13, PIA discipline and general conduct, PIA employee policy, Fraud / Misappropriation / Embezzlement Cases, Procedure for Fraud, Misappropriation and Embezzlement Cases, What is required regarding fraud, Misappropriation and Embezzlement Cases?, fraud case, misappropriation, embezzlement, financial irregularity, investigation procedure, Procedure, Fraud, Cases, required, Obtain, view, Departmental, Head, any, Section, pass, orders, necessary, action, including, disciplinary, Procedure Fraud, Fraud Misappropriation, Misappropriation Embezzlement, Embezzlement Cases, Cases required, required fraud, Cases Obtain, Obtain view, view Departmental, Departmental Head, Head any, any Section, Section required, required pass, pass orders, orders necessary, necessary action, action including, including disciplinary, disciplinary action, Procedure Fraud Misappropriation, Fraud Misappropriation Embezzlement, Misappropriation Embezzlement Cases, Embezzlement Cases required, Cases required fraud, required fraud Misappropriation, Embezzlement Cases Obtain, Cases Obtain view, Obtain view Departmental, view Departmental Head, Departmental Head any, Head any Section, any Section required, Section required pass, required pass orders, pass orders necessary, orders necessary action, necessary action including, action including disciplinary, including disciplinary action",37,O.O.13/87
Fraud / Misappropriation / Embezzlement Cases,"What is required regarding fraud, Misappropriation and Embezzlement Cases?","After the final order by the CEO, its implementation must also be reported to Manager Coordination/ Chief Coordination to complete the log.","PIA Chapter 13, PIA discipline and general conduct, PIA employee policy, Fraud / Misappropriation / Embezzlement Cases, Procedure for Fraud, Misappropriation and Embezzlement Cases, What is required regarding fraud, Misappropriation and Embezzlement Cases?, fraud case, misappropriation, embezzlement, financial irregularity, investigation procedure, Procedure, Fraud, Cases, required, After, final, order, CEO, implementation, also, reported, Manager, Coordination/, Chief, Coordination, complete, log, Procedure Fraud, Fraud Misappropriation, Misappropriation Embezzlement, Embezzlement Cases, Cases required, required fraud, Cases After, After final, final order, order CEO, CEO implementation, implementation also, also reported, reported Manager, Manager Coordination/, Coordination/ Chief, Chief Coordination, Coordination complete, complete log, Procedure Fraud Misappropriation, Fraud Misappropriation Embezzlement, Misappropriation Embezzlement Cases, Embezzlement Cases required, Cases required fraud, required fraud Misappropriation, Embezzlement Cases After, Cases After final, After final order, final order CEO, order CEO implementation, CEO implementation also, implementation also reported, also reported Manager, reported Manager Coordination/, Manager Coordination/ Chief, Coordination/ Chief Coordination, Chief Coordination complete, Coordination complete log, Chief Executive Officer, CEO Chief Executive Officer",37,O.O.13/87
Fraud / Misappropriation / Embezzlement Cases,"What must be done immediately regarding fraud, Misappropriation and Embezzlement Cases?","Immediately on detection, the case will be reported in writing to the CEO with information to Chief Financial Officer and Chief Coordination.","PIA Chapter 13, PIA discipline and general conduct, PIA employee policy, Fraud / Misappropriation / Embezzlement Cases, Procedure for Fraud, Misappropriation and Embezzlement Cases, What must be done immediately regarding fraud, Misappropriation and Embezzlement Cases?, fraud case, misappropriation, embezzlement, financial irregularity, investigation procedure, Procedure, Fraud, Cases, done, immediately, detection, case, reported, writing, CEO, information, Chief, Financial, Officer, Coordination, Procedure Fraud, Fraud Misappropriation, Misappropriation Embezzlement, Embezzlement Cases, Cases done, done immediately, immediately fraud, Cases Immediately, Immediately detection, detection case, case reported, reported writing, writing CEO, CEO information, information Chief, Chief Financial, Financial Officer, Officer Chief, Chief Coordination, Procedure Fraud Misappropriation, Fraud Misappropriation Embezzlement, Misappropriation Embezzlement Cases, Embezzlement Cases done, Cases done immediately, done immediately fraud, immediately fraud Misappropriation, Embezzlement Cases Immediately, Cases Immediately detection, Immediately detection case, detection case reported, case reported writing, reported writing CEO, writing CEO information, CEO information Chief, information Chief Financial, Chief Financial Officer, Financial Officer Chief, Officer Chief Coordination, Chief Executive Officer, CEO Chief Executive Officer",37,O.O.13/87
Fraud / Misappropriation / Embezzlement Cases,"What is required regarding fraud, Misappropriation and Embezzlement Cases?","Case will be referred to the Investigation Division for through investigation. Officers of Department concerned will be co-opted, where considered necessary.","PIA Chapter 13, PIA discipline and general conduct, PIA employee policy, Fraud / Misappropriation / Embezzlement Cases, Procedure for Fraud, Misappropriation and Embezzlement Cases, What is required regarding fraud, Misappropriation and Embezzlement Cases?, fraud case, misappropriation, embezzlement, financial irregularity, investigation procedure, Procedure, Fraud, Cases, required, Case, referred, Investigation, Division, through, Officers, Department, concerned, co-opted, where, considered, necessary, Procedure Fraud, Fraud Misappropriation, Misappropriation Embezzlement, Embezzlement Cases, Cases required, required fraud, Cases Case, Case referred, referred Investigation, Investigation Division, Division through, through investigation, investigation Officers, Officers Department, Department concerned, concerned co-opted, co-opted where, where considered, considered necessary, Procedure Fraud Misappropriation, Fraud Misappropriation Embezzlement, Misappropriation Embezzlement Cases, Embezzlement Cases required, Cases required fraud, required fraud Misappropriation, Embezzlement Cases Case, Cases Case referred, Case referred Investigation, referred Investigation Division, Investigation Division through, Division through investigation, through investigation Officers, investigation Officers Department, Officers Department concerned, Department concerned co-opted, concerned co-opted where, co-opted where considered, where considered necessary",37,O.O.13/87
Fraud / Misappropriation / Embezzlement Cases,"What must be done immediately regarding fraud, Misappropriation and Embezzlement Cases?","Immediately on detection, a report will be sent to Chief Coordination and Chief Financial Officer. (ii) The case will be referred to investigation Division for investigation.","PIA Chapter 13, PIA discipline and general conduct, PIA employee policy, Fraud / Misappropriation / Embezzlement Cases, Procedure for Fraud, Misappropriation and Embezzlement Cases, What must be done immediately regarding fraud, Misappropriation and Embezzlement Cases?, fraud case, misappropriation, embezzlement, financial irregularity, investigation procedure, Procedure, Fraud, Cases, done, immediately, detection, report, sent, Chief, Coordination, Financial, Officer, case, referred, investigation, Division, Procedure Fraud, Fraud Misappropriation, Misappropriation Embezzlement, Embezzlement Cases, Cases done, done immediately, immediately fraud, Cases Immediately, Immediately detection, detection report, report sent, sent Chief, Chief Coordination, Coordination Chief, Chief Financial, Financial Officer, Officer case, case referred, referred investigation, investigation Division, Division investigation, Procedure Fraud Misappropriation, Fraud Misappropriation Embezzlement, Misappropriation Embezzlement Cases, Embezzlement Cases done, Cases done immediately, done immediately fraud, immediately fraud Misappropriation, Embezzlement Cases Immediately, Cases Immediately detection, Immediately detection report, detection report sent, report sent Chief, sent Chief Coordination, Chief Coordination Chief, Coordination Chief Financial, Chief Financial Officer, Financial Officer case, Officer case referred, case referred investigation, referred investigation Division, investigation Division investigation",37,O.O.13/87
Fraud / Misappropriation / Embezzlement Cases,"What is required regarding fraud, Misappropriation and Embezzlement Cases?","On receipt of the investigation report, Chief Coordination must consult the concerned Departmental Head, Legal Section, make his recommendations and then put up the case to CEO for final orders.","PIA Chapter 13, PIA discipline and general conduct, PIA employee policy, Fraud / Misappropriation / Embezzlement Cases, Procedure for Fraud, Misappropriation and Embezzlement Cases, What is required regarding fraud, Misappropriation and Embezzlement Cases?, fraud case, misappropriation, embezzlement, financial irregularity, investigation procedure, Procedure, Fraud, Cases, required, receipt, investigation, report, Chief, Coordination, consult, concerned, Departmental, Head, Legal, Section, make, recommendations, then, put, case, CEO, final, orders, Procedure Fraud, Fraud Misappropriation, Misappropriation Embezzlement, Embezzlement Cases, Cases required, required fraud, Cases receipt, receipt investigation, investigation report, report Chief, Chief Coordination, Coordination consult, consult concerned, concerned Departmental, Departmental Head, Head Legal, Legal Section, Section make, make recommendations, recommendations then, then put, put case, case CEO, CEO final, final orders, Procedure Fraud Misappropriation, Fraud Misappropriation Embezzlement, Misappropriation Embezzlement Cases, Embezzlement Cases required, Cases required fraud, required fraud Misappropriation, Embezzlement Cases receipt, Cases receipt investigation, receipt investigation report, investigation report Chief, report Chief Coordination, Chief Coordination consult, Coordination consult concerned, consult concerned Departmental, concerned Departmental Head, Departmental Head Legal",37,O.O.13/87
Fraud / Misappropriation / Embezzlement Cases,"What must the It do regarding fraud, Misappropriation and Embezzlement Cases?",It must also be mandatory the Enquiry Officers when appointed to conduct the departmental enquires as part of disciplinary proceedings must call the Investigation Officers to represent the persecutions.,"PIA Chapter 13, PIA discipline and general conduct, PIA employee policy, Fraud / Misappropriation / Embezzlement Cases, Procedure for Fraud, Misappropriation and Embezzlement Cases, What must the It do regarding fraud, Misappropriation and Embezzlement Cases?, fraud case, misappropriation, embezzlement, financial irregularity, investigation procedure, Procedure, Fraud, Cases, also, mandatory, Enquiry, Officers, when, appointed, conduct, departmental, enquires, part, disciplinary, proceedings, call, Investigation, represent, persecutions, Procedure Fraud, Fraud Misappropriation, Misappropriation Embezzlement, Embezzlement Cases, Cases fraud, Cases also, also mandatory, mandatory Enquiry, Enquiry Officers, Officers when, when appointed, appointed conduct, conduct departmental, departmental enquires, enquires part, part disciplinary, disciplinary proceedings, proceedings call, call Investigation, Investigation Officers, Officers represent, represent persecutions, Procedure Fraud Misappropriation, Fraud Misappropriation Embezzlement, Misappropriation Embezzlement Cases, Embezzlement Cases fraud, Cases fraud Misappropriation, Embezzlement Cases also, Cases also mandatory, also mandatory Enquiry, mandatory Enquiry Officers, Enquiry Officers when, Officers when appointed, when appointed conduct, appointed conduct departmental, conduct departmental enquires, departmental enquires part, enquires part disciplinary, part disciplinary proceedings, disciplinary proceedings call, proceedings call Investigation, call Investigation Officers, Investigation Officers represent, Officers represent persecutions",37,O.O.13/87
Fraud / Misappropriation / Embezzlement Cases,"What are the rules or steps for fraud, Misappropriation and Embezzlement Cases?","Misappropriation/Embezzlement etc. For dealing with the cases falling in the category of Dt. fraud/misappropriation/embezzlement or serious financial irregularities, the following working procedure for processing such cases","PIA Chapter 13, PIA discipline and general conduct, PIA employee policy, Fraud / Misappropriation / Embezzlement Cases, Procedure for Fraud, Misappropriation and Embezzlement Cases, What are the rules or steps for fraud, Misappropriation and Embezzlement Cases?, fraud case, misappropriation, embezzlement, financial irregularity, investigation procedure, Procedure, Fraud, Cases, rules, steps, Misappropriation/Embezzlement, etc, dealing, falling, category, fraud/misappropriation/embezzlement, serious, financial, irregularities, following, working, processing, such, Procedure Fraud, Fraud Misappropriation, Misappropriation Embezzlement, Embezzlement Cases, Cases rules, rules steps, steps fraud, Cases Misappropriation/Embezzlement, Misappropriation/Embezzlement etc, etc dealing, dealing cases, cases falling, falling category, category fraud/misappropriation/embezzlement, fraud/misappropriation/embezzlement serious, serious financial, financial irregularities, irregularities following, following working, working procedure, procedure processing, processing such, such cases, Procedure Fraud Misappropriation, Fraud Misappropriation Embezzlement, Misappropriation Embezzlement Cases, Embezzlement Cases rules, Cases rules steps, rules steps fraud, steps fraud Misappropriation, Embezzlement Cases Misappropriation/Embezzlement, Cases Misappropriation/Embezzlement etc, Misappropriation/Embezzlement etc dealing, etc dealing cases, dealing cases falling, cases falling category, falling category fraud/misappropriation/embezzlement, category fraud/misappropriation/embezzlement serious, fraud/misappropriation/embezzlement serious financial, serious financial irregularities, financial irregularities following, irregularities following working, following working procedure, working procedure processing, procedure processing such, processing such cases",37,O.O.13/87
Fraud / Misappropriation / Embezzlement Cases,What is the responsibility of the Chief Coordination?,"Chief Coordination must arrange a quick review form the concerned Department so that relevant details are put up to CEO for obtaining his instructions for further action. Invariably, investigation will be necessary to deal with the case.","PIA Chapter 13, PIA discipline and general conduct, PIA employee policy, Fraud / Misappropriation / Embezzlement Cases, Procedure for Fraud, Misappropriation and Embezzlement Cases, What is the responsibility of the Chief Coordination?, fraud case, misappropriation, embezzlement, financial irregularity, investigation procedure, Procedure, Fraud, Cases, responsibility, Chief, Coordination, arrange, quick, review, form, concerned, Department, relevant, details, put, CEO, obtaining, instructions, further, action, Invariably, investigation, necessary, deal, case, Procedure Fraud, Fraud Misappropriation, Misappropriation Embezzlement, Embezzlement Cases, Cases responsibility, responsibility Chief, Chief Coordination, Coordination Chief, Coordination arrange, arrange quick, quick review, review form, form concerned, concerned Department, Department relevant, relevant details, details put, put CEO, CEO obtaining, obtaining instructions, instructions further, further action, action Invariably, Invariably investigation, investigation necessary, necessary deal, deal case, Procedure Fraud Misappropriation, Fraud Misappropriation Embezzlement, Misappropriation Embezzlement Cases, Embezzlement Cases responsibility, Cases responsibility Chief, responsibility Chief Coordination, Chief Coordination Chief, Coordination Chief Coordination, Chief Coordination arrange, Coordination arrange quick, arrange quick review, quick review form",37,O.O.13/87
Fraud / Misappropriation / Embezzlement Cases,"What must the A log of all such cases showing their progress do regarding fraud, Misappropriation and Embezzlement Cases?","A log of all such cases showing their progress will be kept by the Manager Coordination / Chief Coordination. If necessary, he must remind concerned officials to expedite progress. This will be put up to the CEO one every three months for his perusal.","PIA Chapter 13, PIA discipline and general conduct, PIA employee policy, Fraud / Misappropriation / Embezzlement Cases, Procedure for Fraud, Misappropriation and Embezzlement Cases, What must the A log of all such cases showing their progress do regarding fraud, Misappropriation and Embezzlement Cases?, fraud case, misappropriation, embezzlement, financial irregularity, investigation procedure, Procedure, Fraud, Cases, log, all, such, showing, progress, kept, Manager, Coordination, Chief, necessary, remind, concerned, officials, expedite, put, CEO, one, every, three, months, perusal, Procedure Fraud, Fraud Misappropriation, Misappropriation Embezzlement, Embezzlement Cases, Cases log, log all, all such, such cases, cases showing, showing progress, progress fraud, progress kept, kept Manager, Manager Coordination, Coordination Chief, Chief Coordination, Coordination necessary, necessary remind, remind concerned, concerned officials, officials expedite, expedite progress, progress put, put CEO, CEO one, one every, every three, three months, months perusal, Procedure Fraud Misappropriation, Fraud Misappropriation Embezzlement, Misappropriation Embezzlement Cases, Embezzlement Cases log, Cases log all, log all such, all such cases, such cases showing, cases showing progress, showing progress fraud, progress fraud Misappropriation",37,O.O.13/87
Engineering Technical Lapses,What kinds of engineering issues require this investigation procedure?,The procedure applies to personal discrepancies and pencil inspections committed during maintenance or overhaul of flight equipment.,"PIA Chapter 13, PIA discipline and general conduct, PIA employee policy, Engineering Technical Lapses, Investigation procedure, What kinds of engineering issues require this investigation procedure?, Investigation, procedure, kinds, engineering, issues, require, applies, personal, discrepancies, pencil, inspections, committed, during, maintenance, overhaul, flight, equipment, procedure kinds, kinds engineering, engineering issues, issues require, require investigation, procedure procedure, procedure applies, applies personal, personal discrepancies, discrepancies pencil, pencil inspections, inspections committed, committed during, during maintenance, maintenance overhaul, overhaul flight, flight equipment, Investigation procedure kinds, procedure kinds engineering, kinds engineering issues, engineering issues require, issues require investigation, require investigation procedure, investigation procedure procedure, procedure procedure applies, procedure applies personal, applies personal discrepancies, personal discrepancies pencil, discrepancies pencil inspections, pencil inspections committed, inspections committed during, committed during maintenance, during maintenance overhaul, maintenance overhaul flight, overhaul flight equipment",30,
Engineering Technical Lapses,When should an engineering employee be given a personal hearing?,A personal hearing should be given when the employee’s written explanation about a suspected technical discrepancy is not considered satisfactory.,"PIA Chapter 13, PIA discipline and general conduct, PIA employee policy, Engineering Technical Lapses, Personal hearing, When should an engineering employee be given a personal hearing?, Personal, hearing, When, engineering, given, written, explanation, suspected, technical, discrepancy, not, considered, satisfactory, hearing When, When engineering, engineering given, given personal, hearing personal, hearing given, given when, when written, written explanation, explanation suspected, suspected technical, technical discrepancy, discrepancy not, not considered, considered satisfactory, Personal hearing When, hearing When engineering, When engineering given, engineering given personal, given personal hearing, personal hearing personal, hearing personal hearing, personal hearing given, hearing given when, given when written, when written explanation, written explanation suspected, explanation suspected technical, suspected technical discrepancy, technical discrepancy not, discrepancy not considered, not considered satisfactory",30,
Engineering Technical Lapses,What should the investigating officer explain during the personal hearing?,The investigating officer should explain the alleged technical discrepancy and allow the employee to respond.,"PIA Chapter 13, PIA discipline and general conduct, PIA employee policy, Engineering Technical Lapses, Personal hearing, What should the investigating officer explain during the personal hearing?, Personal, hearing, investigating, officer, explain, during, alleged, technical, discrepancy, allow, respond, hearing investigating, investigating officer, officer explain, explain during, during personal, explain alleged, alleged technical, technical discrepancy, discrepancy allow, allow respond, Personal hearing investigating, hearing investigating officer, investigating officer explain, officer explain during, explain during personal, during personal hearing, officer explain alleged, explain alleged technical, alleged technical discrepancy, technical discrepancy allow, discrepancy allow respond",30,
Engineering Technical Lapses,What happens when the investigating officer finds the employee responsible for a technical discrepancy?,"The employee is informed in writing, with the technical reasons for the finding.","PIA Chapter 13, PIA discipline and general conduct, PIA employee policy, Engineering Technical Lapses, Finding of responsibility, What happens when the investigating officer finds the employee responsible for a technical discrepancy?, Finding, responsibility, happens, when, investigating, officer, finds, responsible, technical, discrepancy, informed, writing, reasons, Finding responsibility, responsibility happens, happens when, when investigating, investigating officer, officer finds, finds responsible, responsible technical, technical discrepancy, discrepancy informed, informed writing, writing technical, technical reasons, reasons finding, Finding responsibility happens, responsibility happens when, happens when investigating, when investigating officer, investigating officer finds, officer finds responsible, finds responsible technical, responsible technical discrepancy, technical discrepancy informed, discrepancy informed writing, informed writing technical, writing technical reasons, technical reasons finding",30,
Engineering Technical Lapses,Is a technical discrepancy letter itself a punishment?,"No. It is treated as a record of the employee’s performance, not as a punishment.","PIA Chapter 13, PIA discipline and general conduct, PIA employee policy, Engineering Technical Lapses, Technical discrepancy record, Is a technical discrepancy letter itself a punishment?, Technical, discrepancy, record, letter, itself, punishment, treated, performance, not, Technical discrepancy, discrepancy record, record technical, discrepancy letter, letter itself, itself punishment, punishment treated, treated record, record performance, performance not, not punishment, discrepancy record technical, record technical discrepancy, technical discrepancy letter, discrepancy letter itself, letter itself punishment, itself punishment treated, punishment treated record, treated record performance, record performance not, performance not punishment",30,
Engineering Technical Lapses,Are punishments started for routine technical discrepancies?,No. The Engineering Department does not initiate punishment for routine technical discrepancies.,"PIA Chapter 13, PIA discipline and general conduct, PIA employee policy, Engineering Technical Lapses, Routine discrepancies, Are punishments started for routine technical discrepancies?, Routine, discrepancies, punishments, started, technical, Engineering, Department, not, initiate, punishment, discrepancies punishments, punishments started, started routine, routine technical, technical discrepancies, discrepancies Engineering, Engineering Department, Department not, not initiate, initiate punishment, punishment routine, Routine discrepancies punishments, discrepancies punishments started, punishments started routine, started routine technical, routine technical discrepancies, technical discrepancies Engineering, discrepancies Engineering Department, Engineering Department not, Department not initiate, not initiate punishment, initiate punishment routine, punishment routine technical",30,
Engineering Technical Lapses,How are technical discrepancy records reviewed?,They are reviewed at the end of the year and may be reflected in the employee’s evaluation report.,"PIA Chapter 13, PIA discipline and general conduct, PIA employee policy, Engineering Technical Lapses, Annual review, How are technical discrepancy records reviewed?, Annual, review, technical, discrepancy, records, reviewed, They, end, year, may, reflected, evaluation, report, review technical, technical discrepancy, discrepancy records, records reviewed, reviewed They, They reviewed, reviewed end, end year, year may, may reflected, reflected evaluation, evaluation report, Annual review technical, review technical discrepancy, technical discrepancy records, discrepancy records reviewed, records reviewed They, reviewed They reviewed, They reviewed end, reviewed end year, end year may, year may reflected, may reflected evaluation, reflected evaluation report",30,
Engineering Technical Lapses,When can formal punishment be imposed for a technical discrepancy?,Formal punishment may be imposed for serious technical discrepancies after the proper disciplinary procedure is followed.,"PIA Chapter 13, PIA discipline and general conduct, PIA employee policy, Engineering Technical Lapses, Serious discrepancies, When can formal punishment be imposed for a technical discrepancy?, Serious, discrepancies, When, formal, punishment, imposed, technical, discrepancy, may, after, proper, disciplinary, procedure, followed, discrepancies When, When formal, formal punishment, punishment imposed, imposed technical, technical discrepancy, discrepancy Formal, punishment may, may imposed, imposed serious, serious technical, technical discrepancies, discrepancies after, after proper, proper disciplinary, disciplinary procedure, procedure followed, Serious discrepancies When, discrepancies When formal, When formal punishment, formal punishment imposed, punishment imposed technical, imposed technical discrepancy, technical discrepancy Formal, discrepancy Formal punishment, Formal punishment may, punishment may imposed, may imposed serious, imposed serious technical, serious technical discrepancies, technical discrepancies after, discrepancies after proper, after proper disciplinary, proper disciplinary procedure, disciplinary procedure followed",30,
Accidents / Incidents in Ramp Areas,What is the punishment for a second offence of driving ramp equipment without a valid licence?,Demotion to the next lower pay group.,"PIA Chapter 13, PIA discipline and general conduct, PIA employee policy, Accidents / Incidents in Ramp Areas, Driving without a licence, What is the punishment for a second offence of driving ramp equipment without a valid licence?, Driving, without, licence, punishment, second, offence, ramp, equipment, valid, Demotion, next, lower, pay, group, Driving without, without licence, licence punishment, punishment second, second offence, offence driving, driving ramp, ramp equipment, equipment without, without valid, valid licence, licence Demotion, Demotion next, next lower, lower pay, pay group, Driving without licence, without licence punishment, licence punishment second, punishment second offence, second offence driving, offence driving ramp, driving ramp equipment, ramp equipment without, equipment without valid, without valid licence, valid licence Demotion, licence Demotion next, Demotion next lower, next lower pay, lower pay group",30,
Accidents / Incidents in Ramp Areas,What is the punishment for a third offence of driving ramp equipment without a valid licence?,Dismissal from PIA service.,"PIA Chapter 13, PIA discipline and general conduct, PIA employee policy, Accidents / Incidents in Ramp Areas, Driving without a licence, What is the punishment for a third offence of driving ramp equipment without a valid licence?, Driving, without, licence, punishment, third, offence, ramp, equipment, valid, Dismissal, service, Driving without, without licence, licence punishment, punishment third, third offence, offence driving, driving ramp, ramp equipment, equipment without, without valid, valid licence, licence Dismissal, Dismissal service, Driving without licence, without licence punishment, licence punishment third, punishment third offence, third offence driving, offence driving ramp, driving ramp equipment, ramp equipment without, equipment without valid, without valid licence, valid licence Dismissal, licence Dismissal service",30,
Accidents / Incidents in Ramp Areas,What is the punishment for a third over-speeding offence on the ramp?,Demotion to the next lower pay group.,"PIA Chapter 13, PIA discipline and general conduct, PIA employee policy, Accidents / Incidents in Ramp Areas, Over-speeding, What is the punishment for a third over-speeding offence on the ramp?, punishment, third, offence, ramp, Demotion, next, lower, pay, group, Over-speeding punishment, punishment third, third over-speeding, over-speeding offence, offence ramp, ramp Demotion, Demotion next, next lower, lower pay, pay group, Over-speeding punishment third, punishment third over-speeding, third over-speeding offence, over-speeding offence ramp, offence ramp Demotion, ramp Demotion next, Demotion next lower, next lower pay, lower pay group",30,
Accidents / Incidents in Ramp Areas,What is the punishment for a fourth over-speeding offence on the ramp?,Dismissal from PIA service.,"PIA Chapter 13, PIA discipline and general conduct, PIA employee policy, Accidents / Incidents in Ramp Areas, Over-speeding, What is the punishment for a fourth over-speeding offence on the ramp?, punishment, fourth, offence, ramp, Dismissal, service, Over-speeding punishment, punishment fourth, fourth over-speeding, over-speeding offence, offence ramp, ramp Dismissal, Dismissal service, Over-speeding punishment fourth, punishment fourth over-speeding, fourth over-speeding offence, over-speeding offence ramp, offence ramp Dismissal, ramp Dismissal service",30,
Accidents / Incidents in Ramp Areas,What can happen if an employee causes a ramp accident while driving without a valid licence?,The employee may be dismissed from PIA service.,"PIA Chapter 13, PIA discipline and general conduct, PIA employee policy, Accidents / Incidents in Ramp Areas, Accident involvement, What can happen if an employee causes a ramp accident while driving without a valid licence?, Accident, involvement, happen, causes, ramp, while, driving, without, valid, licence, may, dismissed, service, involvement happen, happen causes, causes ramp, ramp accident, accident while, while driving, driving without, without valid, valid licence, licence may, may dismissed, dismissed service, Accident involvement happen, involvement happen causes, happen causes ramp, causes ramp accident, ramp accident while, accident while driving, while driving without, driving without valid, without valid licence, valid licence may, licence may dismissed, may dismissed service",30,
Accidents / Incidents in Ramp Areas,How are employees formally dealt with after a ramp accident or incident?,They are proceeded against under the applicable PIA Employees Service and Discipline Regulations.,"PIA Chapter 13, PIA discipline and general conduct, PIA employee policy, Accidents / Incidents in Ramp Areas, Formal proceedings, How are employees formally dealt with after a ramp accident or incident?, Formal, proceedings, formally, dealt, after, ramp, accident, incident, They, proceeded, against, applicable, Service, Discipline, Regulations, proceedings formally, formally dealt, dealt after, after ramp, ramp accident, accident incident, incident They, They proceeded, proceeded against, against applicable, applicable Service, Service Discipline, Discipline Regulations, Formal proceedings formally, proceedings formally dealt, formally dealt after, dealt after ramp, after ramp accident, ramp accident incident, accident incident They, incident They proceeded, They proceeded against, proceeded against applicable, against applicable Service, applicable Service Discipline, Service Discipline Regulations",30,
Customer Complaints and Monitoring Observations,Who may recommend disciplinary action based on a customer complaint or monitoring observation?,Chief Quality Assurance may recommend disciplinary action.,"PIA Chapter 13, PIA discipline and general conduct, PIA employee policy, Customer Complaints and Monitoring Observations, Disciplinary recommendation, Who may recommend disciplinary action based on a customer complaint or monitoring observation?, Disciplinary, recommendation, Who, may, recommend, action, based, customer, complaint, monitoring, observation, Chief, Quality, Assurance, recommendation Who, Who may, may recommend, recommend disciplinary, disciplinary action, action based, based customer, customer complaint, complaint monitoring, monitoring observation, observation Chief, Chief Quality, Quality Assurance, Assurance may, Disciplinary recommendation Who, recommendation Who may, Who may recommend, may recommend disciplinary, recommend disciplinary action, disciplinary action based, action based customer, based customer complaint, customer complaint monitoring, complaint monitoring observation, monitoring observation Chief, observation Chief Quality, Chief Quality Assurance, Quality Assurance may, Assurance may recommend",31,Cir. No.25/2005
Customer Complaints and Monitoring Observations,What action may be taken for a customer complaint or quality violation?,"Depending on the seriousness, the action may include a verbal warning, a letter of displeasure or caution, or suspension for a repeat offence pending investigation.","PIA Chapter 13, PIA discipline and general conduct, PIA employee policy, Customer Complaints and Monitoring Observations, Initial action, What action may be taken for a customer complaint or quality violation?, Initial, action, may, taken, customer, complaint, quality, violation, Depending, seriousness, include, verbal, warning, letter, displeasure, caution, suspension, repeat, offence, pending, investigation, action action, action may, may taken, taken customer, customer complaint, complaint quality, quality violation, violation Depending, Depending seriousness, seriousness action, may include, include verbal, verbal warning, warning letter, letter displeasure, displeasure caution, caution suspension, suspension repeat, repeat offence, offence pending, pending investigation, Initial action action, action action may, action may taken, may taken customer, taken customer complaint, customer complaint quality, complaint quality violation, quality violation Depending, violation Depending seriousness, Depending seriousness action, seriousness action may, action may include, may include verbal, include verbal warning, verbal warning letter, warning letter displeasure, letter displeasure caution, displeasure caution suspension, caution suspension repeat, suspension repeat offence, repeat offence pending, offence pending investigation",31,Cir. No.25/2005
Customer Complaints and Monitoring Observations,How quickly should the concerned Chief act on a customer complaint or monitoring observation?,"Necessary action should be taken within 24 hours, or approval should be obtained from the designated authority.","PIA Chapter 13, PIA discipline and general conduct, PIA employee policy, Customer Complaints and Monitoring Observations, Action timeline, How quickly should the concerned Chief act on a customer complaint or monitoring observation?, Action, timeline, quickly, concerned, Chief, act, customer, complaint, monitoring, observation, Necessary, taken, within, hours, approval, obtained, designated, authority, timeline quickly, quickly concerned, concerned Chief, Chief act, act customer, customer complaint, complaint monitoring, monitoring observation, observation Necessary, Necessary action, action taken, taken within, within hours, hours approval, approval obtained, obtained designated, designated authority, Action timeline quickly, timeline quickly concerned, quickly concerned Chief, concerned Chief act, Chief act customer, act customer complaint, customer complaint monitoring, complaint monitoring observation, monitoring observation Necessary, observation Necessary action, Necessary action taken, action taken within, taken within hours, within hours approval, hours approval obtained, approval obtained designated, obtained designated authority",31,Cir. No.25/2005
Customer Complaints and Monitoring Observations,Who should be informed about the action taken on a customer complaint?,"The Chairman or Managing Director should be informed, with a copy to Chief Vigilance and Security Services.","PIA Chapter 13, PIA discipline and general conduct, PIA employee policy, Customer Complaints and Monitoring Observations, Reporting, Who should be informed about the action taken on a customer complaint?, Who, informed, action, taken, customer, complaint, Chairman, Managing, Director, copy, Chief, Vigilance, Security, Services, Reporting Who, Who informed, informed action, action taken, taken customer, customer complaint, complaint Chairman, Chairman Managing, Managing Director, Director informed, informed copy, copy Chief, Chief Vigilance, Vigilance Security, Security Services, Reporting Who informed, Who informed action, informed action taken, action taken customer, taken customer complaint, customer complaint Chairman, complaint Chairman Managing, Chairman Managing Director, Managing Director informed, Director informed copy, informed copy Chief, copy Chief Vigilance, Chief Vigilance Security, Vigilance Security Services",31,Cir. No.25/2005
Utilization of Unwanted Employees,What happens when a department no longer requires an employee’s services?,The Departmental Head forwards the employee’s name and reasons to DGM Career Management for possible placement in another department.,"PIA Chapter 13, PIA discipline and general conduct, PIA employee policy, Utilization of Unwanted Employees, Referral to Career Management, What happens when a department no longer requires an employee’s services?, Referral, Career, Management, happens, when, department, longer, requires, services, Departmental, Head, forwards, name, reasons, DGM, possible, placement, another, Referral Career, Career Management, Management happens, happens when, when department, department longer, longer requires, requires services, services Departmental, Departmental Head, Head forwards, forwards name, name reasons, reasons DGM, DGM Career, Management possible, possible placement, placement another, another department, Referral Career Management, Career Management happens, Management happens when, happens when department, when department longer, department longer requires, longer requires services, requires services Departmental, services Departmental Head, Departmental Head forwards, Head forwards name, forwards name reasons, name reasons DGM, reasons DGM Career, DGM Career Management, Career Management possible, Management possible placement, possible placement another, placement another department",35,A.O.05/2011
Utilization of Unwanted Employees,What information is sent with a case for placing an employee in another department?,"The case includes the employee’s name, designation, pay group, last promotion, disciplinary record, five-year performance record, medical history, current duties and any punishments or appreciation.","PIA Chapter 13, PIA discipline and general conduct, PIA employee policy, Utilization of Unwanted Employees, Employee information, What information is sent with a case for placing an employee in another department?, information, sent, case, placing, another, department, includes, name, designation, pay, group, last, promotion, disciplinary, record, five-year, performance, medical, history, current, duties, any, punishments, appreciation, information information, information sent, sent case, case placing, placing another, another department, department case, case includes, includes name, name designation, designation pay, pay group, group last, last promotion, promotion disciplinary, disciplinary record, record five-year, five-year performance, performance record, record medical, medical history, history current, current duties, duties any, any punishments, punishments appreciation, information information sent, information sent case, sent case placing, case placing another, placing another department, another department case, department case includes, case includes name, includes name designation, name designation pay, designation pay group, pay group last, group last promotion, last promotion disciplinary, promotion disciplinary record, disciplinary record five-year, record five-year performance, five-year performance record, performance record medical",35,A.O.05/2011
Utilization of Unwanted Employees,How is an employee matched with another department?,"DGM Career Management reviews the employee’s credentials and available vacancies, then discusses suitable placement with the relevant department heads.","PIA Chapter 13, PIA discipline and general conduct, PIA employee policy, Utilization of Unwanted Employees, Vacancy assessment, How is an employee matched with another department?, Vacancy, assessment, matched, another, department, DGM, Career, Management, reviews, credentials, available, vacancies, then, discusses, suitable, placement, relevant, heads, assessment matched, matched another, another department, department DGM, DGM Career, Career Management, Management reviews, reviews credentials, credentials available, available vacancies, vacancies then, then discusses, discusses suitable, suitable placement, placement relevant, relevant department, department heads, Vacancy assessment matched, assessment matched another, matched another department, another department DGM, department DGM Career, DGM Career Management, Career Management reviews, Management reviews credentials, reviews credentials available, credentials available vacancies, available vacancies then, vacancies then discusses, then discusses suitable, discusses suitable placement, suitable placement relevant, placement relevant department, relevant department heads",35,A.O.05/2011
Utilization of Unwanted Employees,What happens when one department wants to take the employee?,The employee may be permanently transferred after approval of the competent authority.,"PIA Chapter 13, PIA discipline and general conduct, PIA employee policy, Utilization of Unwanted Employees, Permanent transfer, What happens when one department wants to take the employee?, Permanent, transfer, happens, when, one, department, wants, take, may, permanently, transferred, after, approval, competent, authority, transfer happens, happens when, when one, one department, department wants, wants take, take may, may permanently, permanently transferred, transferred after, after approval, approval competent, competent authority, Permanent transfer happens, transfer happens when, happens when one, when one department, one department wants, department wants take, wants take may, take may permanently, may permanently transferred, permanently transferred after, transferred after approval, after approval competent, approval competent authority",35,A.O.05/2011
Utilization of Unwanted Employees,Who decides when more than one department wants the same employee?,The Chief HR Officer decides in consultation with the interested department heads.,"PIA Chapter 13, PIA discipline and general conduct, PIA employee policy, Utilization of Unwanted Employees, Multiple departments, Who decides when more than one department wants the same employee?, Multiple, departments, Who, decides, when, more, than, one, department, wants, same, Chief, Officer, consultation, interested, heads, departments Who, Who decides, decides when, when more, more than, than one, one department, department wants, wants same, same Chief, Chief Officer, Officer decides, decides consultation, consultation interested, interested department, department heads, Multiple departments Who, departments Who decides, Who decides when, decides when more, when more than, more than one, than one department, one department wants, department wants same, wants same Chief, same Chief Officer, Chief Officer decides, Officer decides consultation, decides consultation interested, consultation interested department, interested department heads, HR, Human Resources, HR Human Resources",35,A.O.05/2011
Utilization of Unwanted Employees,Where is the transferred employee placed on the seniority list of the new department?,The employee is placed at the bottom of the corresponding cadre or pay-group seniority list.,"PIA Chapter 13, PIA discipline and general conduct, PIA employee policy, Utilization of Unwanted Employees, Seniority, Where is the transferred employee placed on the seniority list of the new department?, Where, transferred, placed, list, new, department, bottom, corresponding, cadre, pay-group, Seniority Where, Where transferred, transferred placed, placed seniority, seniority list, list new, new department, department placed, placed bottom, bottom corresponding, corresponding cadre, cadre pay-group, pay-group seniority, Seniority Where transferred, Where transferred placed, transferred placed seniority, placed seniority list, seniority list new, list new department, new department placed, department placed bottom, placed bottom corresponding, bottom corresponding cadre, corresponding cadre pay-group, cadre pay-group seniority, pay-group seniority list",35,A.O.05/2011
Financial Institution Dues,What should employees do about overdue payments to banks or financial institutions?,Employees should clear their outstanding dues as soon as possible.,"PIA Chapter 13, PIA discipline and general conduct, PIA employee policy, Financial Institution Dues, Outstanding loans and dues, What should employees do about overdue payments to banks or financial institutions?, Outstanding, loans, dues, overdue, payments, banks, financial, institutions, clear, soon, possible, Outstanding loans, loans dues, dues overdue, overdue payments, payments banks, banks financial, financial institutions, institutions clear, clear outstanding, outstanding dues, dues soon, soon possible, Outstanding loans dues, loans dues overdue, dues overdue payments, overdue payments banks, payments banks financial, banks financial institutions, financial institutions clear, institutions clear outstanding, clear outstanding dues, outstanding dues soon, dues soon possible",35,Cir. No.15/2012
Financial Institution Dues,What can happen if an employee repeatedly fails to clear financial dues?,Management may take action under PIA service rules and regulations.,"PIA Chapter 13, PIA discipline and general conduct, PIA employee policy, Financial Institution Dues, Failure to clear dues, What can happen if an employee repeatedly fails to clear financial dues?, Failure, clear, dues, happen, repeatedly, fails, financial, Management, may, take, action, service, rules, regulations, Failure clear, clear dues, dues happen, happen repeatedly, repeatedly fails, fails clear, clear financial, financial dues, dues Management, Management may, may take, take action, action service, service rules, rules regulations, Failure clear dues, clear dues happen, dues happen repeatedly, happen repeatedly fails, repeatedly fails clear, fails clear financial, clear financial dues, financial dues Management, dues Management may, Management may take, may take action, take action service, action service rules, service rules regulations",35,Cir. No.15/2012
Functions and Ceremonies within PIAC Premises,Can employees arrange a function or ceremony inside PIA premises without approval?,No. Prior approval and proper security and protocol arrangements are required.,"PIA Chapter 13, PIA discipline and general conduct, PIA employee policy, Functions and Ceremonies within PIAC Premises, Prior approval, Can employees arrange a function or ceremony inside PIA premises without approval?, Prior, approval, arrange, function, ceremony, inside, premises, without, proper, security, protocol, arrangements, required, approval arrange, arrange function, function ceremony, ceremony inside, inside premises, premises without, without approval, approval Prior, approval proper, proper security, security protocol, protocol arrangements, arrangements required, Prior approval arrange, approval arrange function, arrange function ceremony, function ceremony inside, ceremony inside premises, inside premises without, premises without approval, without approval Prior, approval Prior approval, Prior approval proper, approval proper security, proper security protocol, security protocol arrangements, protocol arrangements required",36,
Functions and Ceremonies within PIAC Premises,What happens if a proposed function does not have suitable security or protocol arrangements?,Management may advise the invited dignitary not to attend.,"PIA Chapter 13, PIA discipline and general conduct, PIA employee policy, Functions and Ceremonies within PIAC Premises, Security arrangements, What happens if a proposed function does not have suitable security or protocol arrangements?, Security, arrangements, happens, proposed, function, not, have, suitable, protocol, Management, may, advise, invited, dignitary, attend, arrangements happens, happens proposed, proposed function, function not, not have, have suitable, suitable security, security protocol, protocol arrangements, arrangements Management, Management may, may advise, advise invited, invited dignitary, dignitary not, not attend, Security arrangements happens, arrangements happens proposed, happens proposed function, proposed function not, function not have, not have suitable, have suitable security, suitable security protocol, security protocol arrangements, protocol arrangements Management, arrangements Management may, Management may advise, may advise invited, advise invited dignitary, invited dignitary not, dignitary not attend",36,
Location Tagging at Sensitive Areas,Why should people avoid marking sensitive locations on online maps?,A user-added location can become public and expose a sensitive place.,"PIA Chapter 13, PIA discipline and general conduct, PIA employee policy, Location Tagging at Sensitive Areas, Location marking, Why should people avoid marking sensitive locations on online maps?, Location, marking, Why, people, avoid, sensitive, locations, online, maps, user-added, become, public, expose, place, marking Why, Why people, people avoid, avoid marking, marking sensitive, sensitive locations, locations online, online maps, maps user-added, user-added location, location become, become public, public expose, expose sensitive, sensitive place, Location marking Why, marking Why people, Why people avoid, people avoid marking, avoid marking sensitive, marking sensitive locations, sensitive locations online, locations online maps, online maps user-added, maps user-added location, user-added location become, location become public, become public expose, public expose sensitive, expose sensitive place",36,Advisory No.76-2016
Location Tagging at Sensitive Areas,How can a smartphone photo reveal a sensitive location?,A smartphone photo may contain GPS coordinates that can identify the exact place where it was taken.,"PIA Chapter 13, PIA discipline and general conduct, PIA employee policy, Location Tagging at Sensitive Areas, Photo location data, How can a smartphone photo reveal a sensitive location?, Photo, location, data, smartphone, reveal, sensitive, may, contain, GPS, coordinates, identify, exact, place, where, taken, Photo location, location data, data smartphone, smartphone photo, photo reveal, reveal sensitive, sensitive location, location smartphone, photo may, may contain, contain GPS, GPS coordinates, coordinates identify, identify exact, exact place, place where, where taken, location data smartphone, data smartphone photo, smartphone photo reveal, photo reveal sensitive, reveal sensitive location, sensitive location smartphone, location smartphone photo, smartphone photo may, photo may contain, may contain GPS, contain GPS coordinates, GPS coordinates identify, coordinates identify exact, identify exact place, exact place where, place where taken",36,Advisory No.76-2016
Location Tagging at Sensitive Areas,Should photos taken at sensitive locations be posted online with location information?,No. Location-tagged photos can reveal the exact location and create a security risk.,"PIA Chapter 13, PIA discipline and general conduct, PIA employee policy, Location Tagging at Sensitive Areas, Social media, Should photos taken at sensitive locations be posted online with location information?, Social, media, photos, taken, sensitive, locations, posted, online, location, information, Location-tagged, reveal, exact, create, security, risk, media photos, photos taken, taken sensitive, sensitive locations, locations posted, posted online, online location, location information, information Location-tagged, Location-tagged photos, photos reveal, reveal exact, exact location, location create, create security, security risk, Social media photos, media photos taken, photos taken sensitive, taken sensitive locations, sensitive locations posted, locations posted online, posted online location, online location information, location information Location-tagged, information Location-tagged photos, Location-tagged photos reveal, photos reveal exact, reveal exact location, exact location create, location create security, create security risk",36,Advisory No.76-2016
Location Tagging at Sensitive Areas,Should sensitive areas be added or corrected on public online maps?,No. Employees and visitors should avoid adding sensitive areas to public maps.,"PIA Chapter 13, PIA discipline and general conduct, PIA employee policy, Location Tagging at Sensitive Areas, Map entries, Should sensitive areas be added or corrected on public online maps?, Map, entries, sensitive, areas, added, corrected, public, online, maps, visitors, avoid, adding, entries sensitive, sensitive areas, areas added, added corrected, corrected public, public online, online maps, maps visitors, visitors avoid, avoid adding, adding sensitive, areas public, public maps, Map entries sensitive, entries sensitive areas, sensitive areas added, areas added corrected, added corrected public, corrected public online, public online maps, online maps visitors, maps visitors avoid, visitors avoid adding, avoid adding sensitive, adding sensitive areas, sensitive areas public, areas public maps",36,Advisory No.76-2016
Location Tagging at Sensitive Areas,What should users check before visiting a sensitive area?,They should review and limit the location permissions given to mobile applications.,"PIA Chapter 13, PIA discipline and general conduct, PIA employee policy, Location Tagging at Sensitive Areas, Mobile applications, What should users check before visiting a sensitive area?, Mobile, applications, users, check, before, visiting, sensitive, area, They, review, limit, location, permissions, given, applications users, users check, check before, before visiting, visiting sensitive, sensitive area, area They, They review, review limit, limit location, location permissions, permissions given, given mobile, Mobile applications users, applications users check, users check before, check before visiting, before visiting sensitive, visiting sensitive area, sensitive area They, area They review, They review limit, review limit location, limit location permissions, location permissions given, permissions given mobile, given mobile applications",36,Advisory No.76-2016
Location Tagging at Sensitive Areas,What should people living at a sensitive location tell their family and guests?,They should explain the location-tagging restrictions so the area’s security is protected.,"PIA Chapter 13, PIA discipline and general conduct, PIA employee policy, Location Tagging at Sensitive Areas, Family and guests, What should people living at a sensitive location tell their family and guests?, Family, guests, people, living, sensitive, location, tell, They, explain, location-tagging, restrictions, area, security, protected, Family guests, guests people, people living, living sensitive, sensitive location, location tell, tell family, guests They, They explain, explain location-tagging, location-tagging restrictions, restrictions area, area security, security protected, Family guests people, guests people living, people living sensitive, living sensitive location, sensitive location tell, location tell family, tell family guests, family guests They, guests They explain, They explain location-tagging, explain location-tagging restrictions, location-tagging restrictions area, restrictions area security, area security protected",36,Advisory No.76-2016
Location Tagging at Sensitive Areas,"What should be done with suspicious files, emails or malicious online activity?",They should be reported through the prescribed official channel for analysis and mitigation.,"PIA Chapter 13, PIA discipline and general conduct, PIA employee policy, Location Tagging at Sensitive Areas, Suspicious activity, What should be done with suspicious files, emails or malicious online activity?, Suspicious, activity, done, files, emails, malicious, online, They, reported, through, prescribed, official, channel, analysis, mitigation, activity done, done suspicious, suspicious files, files emails, emails malicious, malicious online, online activity, activity They, They reported, reported through, through prescribed, prescribed official, official channel, channel analysis, analysis mitigation, Suspicious activity done, activity done suspicious, done suspicious files, suspicious files emails, files emails malicious, emails malicious online, malicious online activity, online activity They, activity They reported, They reported through, reported through prescribed, through prescribed official, prescribed official channel, official channel analysis, channel analysis mitigation",36,Advisory No.76-2016
Discipline in Executive Corridor,Must employees display their PIA identity card in the Executive Corridor?,Yes. Displaying the PIA identity card while entering or working there is required.,"PIA Chapter 13, PIA discipline and general conduct, PIA employee policy, Discipline in Executive Corridor, Identity card, Must employees display their PIA identity card in the Executive Corridor?, Identity, card, display, Executive, Corridor, Yes, Displaying, while, entering, working, there, required, card display, display identity, card Executive, Executive Corridor, Corridor Yes, Yes Displaying, Displaying identity, card while, while entering, entering working, working there, there required, Identity card display, card display identity, display identity card, identity card Executive, card Executive Corridor, Executive Corridor Yes, Corridor Yes Displaying, Yes Displaying identity, Displaying identity card, identity card while, card while entering, while entering working, entering working there, working there required",36,CIR No.58/2016
Discipline in Executive Corridor,Can employees loiter outside the offices of Chiefs?,No. Loitering or standing unnecessarily in the Executive Corridor is not allowed.,"PIA Chapter 13, PIA discipline and general conduct, PIA employee policy, Discipline in Executive Corridor, Loitering, Can employees loiter outside the offices of Chiefs?, loiter, outside, offices, Chiefs, standing, unnecessarily, Executive, Corridor, not, allowed, Loitering loiter, loiter outside, outside offices, offices Chiefs, Chiefs Loitering, Loitering standing, standing unnecessarily, unnecessarily Executive, Executive Corridor, Corridor not, not allowed, Loitering loiter outside, loiter outside offices, outside offices Chiefs, offices Chiefs Loitering, Chiefs Loitering standing, Loitering standing unnecessarily, standing unnecessarily Executive, unnecessarily Executive Corridor, Executive Corridor not, Corridor not allowed",36,CIR No.58/2016
Discipline in Executive Corridor,Can the Executive Corridor be used as a general passageway?,No. Employees should avoid unofficial entry and should not use it as a shortcut.,"PIA Chapter 13, PIA discipline and general conduct, PIA employee policy, Discipline in Executive Corridor, Passageway, Can the Executive Corridor be used as a general passageway?, Executive, Corridor, used, general, avoid, unofficial, entry, not, use, shortcut, Passageway Executive, Executive Corridor, Corridor used, used general, general passageway, passageway avoid, avoid unofficial, unofficial entry, entry not, not use, use shortcut, Passageway Executive Corridor, Executive Corridor used, Corridor used general, used general passageway, general passageway avoid, passageway avoid unofficial, avoid unofficial entry, unofficial entry not, entry not use, not use shortcut",36,CIR No.58/2016
Discipline in Executive Corridor,What must Chiefs ensure about their secretariat staff in the Executive Corridor?,They must ensure that staff do not loiter or stand unnecessarily in the corridor.,"PIA Chapter 13, PIA discipline and general conduct, PIA employee policy, Discipline in Executive Corridor, Supervision, What must Chiefs ensure about their secretariat staff in the Executive Corridor?, Chiefs, ensure, secretariat, staff, Executive, Corridor, They, not, loiter, stand, unnecessarily, Supervision Chiefs, Chiefs ensure, ensure secretariat, secretariat staff, staff Executive, Executive Corridor, Corridor They, They ensure, ensure staff, staff not, not loiter, loiter stand, stand unnecessarily, unnecessarily corridor, Supervision Chiefs ensure, Chiefs ensure secretariat, ensure secretariat staff, secretariat staff Executive, staff Executive Corridor, Executive Corridor They, Corridor They ensure, They ensure staff, ensure staff not, staff not loiter, not loiter stand, loiter stand unnecessarily, stand unnecessarily corridor",36,CIR No.58/2016
Centralized Disciplinary Unit,What does the Centralized Disciplinary Unit do?,It monitors and controls disciplinary cases from the show-cause notice until final disposal.,"PIA Chapter 13, PIA discipline and general conduct, PIA employee policy, Centralized Disciplinary Unit, Role, What does the Centralized Disciplinary Unit do?, Centralized, Disciplinary, Unit, monitors, controls, cases, show-cause, notice, until, final, disposal, Role Centralized, Centralized Disciplinary, Disciplinary Unit, Unit monitors, monitors controls, controls disciplinary, disciplinary cases, cases show-cause, show-cause notice, notice until, until final, final disposal, Role Centralized Disciplinary, Disciplinary Unit monitors, Unit monitors controls, monitors controls disciplinary, controls disciplinary cases, disciplinary cases show-cause, cases show-cause notice, show-cause notice until, notice until final, until final disposal",37,CIR No.09/2019
Unauthorized Absence and Call-up Notices,When is a call-up notice required for unauthorized absence?,It is required after seven consecutive days or ten non-consecutive days of unauthorized absence in a rolling year.,"PIA Chapter 13, PIA discipline and general conduct, PIA employee policy, Unauthorized Absence and Call-up Notices, Absence threshold, When is a call-up notice required for unauthorized absence?, unauthorized absence, call-up notice, absenteeism, consecutive absence, non-consecutive absence, Absence, threshold, When, call-up, notice, required, unauthorized, after, seven, consecutive, days, ten, non-consecutive, rolling, year, threshold When, When call-up, notice required, required unauthorized, absence required, required after, after seven, seven consecutive, consecutive days, days ten, ten non-consecutive, non-consecutive days, days unauthorized, absence rolling, rolling year, Absence threshold When, threshold When call-up, When call-up notice, call-up notice required, notice required unauthorized, required unauthorized absence, unauthorized absence required, absence required after, required after seven, after seven consecutive, seven consecutive days, consecutive days ten, days ten non-consecutive, ten non-consecutive days, non-consecutive days unauthorized, days unauthorized absence, unauthorized absence rolling, absence rolling year",39,
Unauthorized Absence and Call-up Notices,What should a call-up notice tell the employee?,It should describe the absence and ask the employee to explain the reason for the prolonged absence.,"PIA Chapter 13, PIA discipline and general conduct, PIA employee policy, Unauthorized Absence and Call-up Notices, Written notice, What should a call-up notice tell the employee?, unauthorized absence, call-up notice, absenteeism, consecutive absence, non-consecutive absence, Written, notice, call-up, tell, describe, absence, ask, explain, reason, prolonged, notice call-up, notice tell, tell describe, describe absence, absence ask, ask explain, explain reason, reason prolonged, prolonged absence, Written notice call-up, notice call-up notice, call-up notice tell, notice tell describe, tell describe absence, describe absence ask, absence ask explain, ask explain reason, explain reason prolonged, reason prolonged absence",39,
Unauthorized Absence and Call-up Notices,Who should receive a copy of the call-up notice?,The HR Business Manager should receive a copy for record and follow-up.,"PIA Chapter 13, PIA discipline and general conduct, PIA employee policy, Unauthorized Absence and Call-up Notices, HR record, Who should receive a copy of the call-up notice?, unauthorized absence, call-up notice, absenteeism, consecutive absence, non-consecutive absence, record, Who, receive, copy, call-up, notice, Business, Manager, follow-up, record Who, Who receive, receive copy, copy call-up, notice Business, Business Manager, Manager receive, copy record, record follow-up, record Who receive, Who receive copy, receive copy call-up, copy call-up notice, call-up notice Business, notice Business Manager, Business Manager receive, Manager receive copy, receive copy record, copy record follow-up, HR, Human Resources, HR Human Resources",39,
Unauthorized Absence and Call-up Notices,How much time does an employee have to reply to a call-up notice?,The employee has three working days to respond.,"PIA Chapter 13, PIA discipline and general conduct, PIA employee policy, Unauthorized Absence and Call-up Notices, Response time, How much time does an employee have to reply to a call-up notice?, unauthorized absence, call-up notice, absenteeism, consecutive absence, non-consecutive absence, Response, time, much, have, reply, call-up, notice, has, three, working, days, respond, time much, much time, time have, have reply, reply call-up, notice has, has three, three working, working days, days respond, Response time much, time much time, much time have, time have reply, have reply call-up, reply call-up notice, call-up notice has, notice has three, has three working, three working days, working days respond",39,
Unauthorized Absence and Call-up Notices,What happens if the employee does not reply within three working days?,Further action is taken under the Employee Disciplinary Policy.,"PIA Chapter 13, PIA discipline and general conduct, PIA employee policy, Unauthorized Absence and Call-up Notices, No response, What happens if the employee does not reply within three working days?, unauthorized absence, call-up notice, absenteeism, consecutive absence, non-consecutive absence, response, happens, not, reply, within, three, working, days, Further, action, taken, Disciplinary, Policy, response happens, happens not, not reply, reply within, within three, three working, working days, days Further, Further action, action taken, taken Disciplinary, Disciplinary Policy, response happens not, happens not reply, not reply within, reply within three, within three working, three working days, working days Further, days Further action, Further action taken, action taken Disciplinary, taken Disciplinary Policy",39,
Unauthorized Absence and Call-up Notices,How often must Sectional Heads and Line Managers report attendance non-compliance to HR?,They must report it weekly.,"PIA Chapter 13, PIA discipline and general conduct, PIA employee policy, Unauthorized Absence and Call-up Notices, Manager reporting, How often must Sectional Heads and Line Managers report attendance non-compliance to HR?, unauthorized absence, call-up notice, absenteeism, consecutive absence, non-consecutive absence, Manager, reporting, often, Sectional, Heads, Line, Managers, report, attendance, non-compliance, They, weekly, reporting often, often Sectional, Sectional Heads, Heads Line, Line Managers, Managers report, report attendance, attendance non-compliance, non-compliance They, They report, report weekly, Manager reporting often, reporting often Sectional, often Sectional Heads, Sectional Heads Line, Heads Line Managers, Line Managers report, Managers report attendance, report attendance non-compliance, attendance non-compliance They, non-compliance They report, They report weekly, HR, Human Resources, HR Human Resources",39,
Unauthorized Absence and Call-up Notices,Can a manager be held responsible for failing to monitor unauthorized absence?,Yes. Negligence in monitoring or reporting absenteeism may lead to accountability under the disciplinary policy.,"PIA Chapter 13, PIA discipline and general conduct, PIA employee policy, Unauthorized Absence and Call-up Notices, Manager accountability, Can a manager be held responsible for failing to monitor unauthorized absence?, unauthorized absence, call-up notice, absenteeism, consecutive absence, non-consecutive absence, Manager, accountability, held, responsible, failing, monitor, unauthorized, absence, Yes, Negligence, monitoring, reporting, may, lead, disciplinary, policy, accountability manager, manager held, held responsible, responsible failing, failing monitor, monitor unauthorized, absence Yes, Yes Negligence, Negligence monitoring, monitoring reporting, reporting absenteeism, absenteeism may, may lead, lead accountability, accountability disciplinary, disciplinary policy, Manager accountability manager, accountability manager held, manager held responsible, held responsible failing, responsible failing monitor, failing monitor unauthorized, monitor unauthorized absence, unauthorized absence Yes, absence Yes Negligence, Yes Negligence monitoring, Negligence monitoring reporting, monitoring reporting absenteeism, reporting absenteeism may, absenteeism may lead, may lead accountability, lead accountability disciplinary, accountability disciplinary policy",39,
Appendices and Forms,What details are recorded on a Movement Authorization Slip?,"It records the employee’s name, staff number, designation, section, permitted destination, leaving time, date and time, and the authorizing officer’s signature and seal.","PIA Chapter 13, PIA discipline and general conduct, PIA employee policy, Appendices and Forms, Movement Authorization Slip, What details are recorded on a Movement Authorization Slip?, Movement, Authorization, Slip, details, recorded, records, name, staff, number, designation, section, permitted, destination, leaving, time, date, authorizing, officer, signature, seal, Movement Authorization, Authorization Slip, Slip details, details recorded, recorded Movement, Slip records, records name, name staff, staff number, number designation, designation section, section permitted, permitted destination, destination leaving, leaving time, time date, date time, time authorizing, authorizing officer, officer signature, signature seal, Authorization Slip details, Slip details recorded, details recorded Movement, recorded Movement Authorization, Authorization Slip records, Slip records name, records name staff, name staff number, staff number designation, number designation section, designation section permitted, section permitted destination, permitted destination leaving, destination leaving time, leaving time date, time date time, date time authorizing, time authorizing officer, authorizing officer signature, officer signature seal",39,Appendix A
Appendices and Forms,What information is entered on the Acceptance of Gifts form?,"It records the employee’s identity, department or station, details of the gift, donor, occasion, estimated value, and the request to retain or deposit the gift.","PIA Chapter 13, PIA discipline and general conduct, PIA employee policy, Appendices and Forms, Acceptance of Gifts Form, What information is entered on the Acceptance of Gifts form?, Acceptance, Gifts, Form, information, entered, records, identity, department, station, details, gift, donor, occasion, estimated, value, request, retain, deposit, Acceptance Gifts, Gifts Form, Form information, information entered, entered Acceptance, form records, records identity, identity department, department station, station details, details gift, gift donor, donor occasion, occasion estimated, estimated value, value request, request retain, retain deposit, deposit gift, Acceptance Gifts Form, Gifts Form information, Form information entered, information entered Acceptance, entered Acceptance Gifts, Gifts form records, form records identity, records identity department, identity department station, department station details, station details gift, details gift donor, gift donor occasion, donor occasion estimated, occasion estimated value, estimated value request, value request retain, request retain deposit, retain deposit gift",40,Appendix B
Appendices and Forms,Who approves an employee’s request to retain a gift?,The request is processed through the proper channel and decided by the competent authority according to the gift rules.,"PIA Chapter 13, PIA discipline and general conduct, PIA employee policy, Appendices and Forms, Gift retention approval, Who approves an employee’s request to retain a gift?, Gift, retention, approval, Who, approves, request, retain, processed, through, proper, channel, decided, competent, authority, according, rules, Gift retention, retention approval, approval Who, Who approves, approves request, request retain, retain gift, gift request, request processed, processed through, through proper, proper channel, channel decided, decided competent, competent authority, authority according, according gift, gift rules, retention approval Who, approval Who approves, Who approves request, approves request retain, request retain gift, retain gift request, gift request processed, request processed through, processed through proper, through proper channel, proper channel decided, channel decided competent, decided competent authority, competent authority according, authority according gift, according gift rules",40,Appendix B
Appendices and Forms,What does the gift declaration confirm?,It confirms the details and value of the gift and whether the employee wants to retain it by making the required payment or deposit it with PIA.,"PIA Chapter 13, PIA discipline and general conduct, PIA employee policy, Appendices and Forms, Acceptance of Gifts Declaration, What does the gift declaration confirm?, Acceptance, Gifts, Declaration, gift, confirm, confirms, details, value, whether, wants, retain, making, required, payment, deposit, Acceptance Gifts, Gifts Declaration, Declaration gift, gift declaration, declaration confirm, confirm confirms, confirms details, details value, value gift, gift whether, whether wants, wants retain, retain making, making required, required payment, payment deposit, Acceptance Gifts Declaration, Gifts Declaration gift, Declaration gift declaration, gift declaration confirm, declaration confirm confirms, confirm confirms details, confirms details value, details value gift, value gift whether, gift whether wants, whether wants retain, wants retain making, retain making required, making required payment, required payment deposit",41,Appendix C
Appendices and Forms,What does an employee confirm by signing the Code of Conduct?,"The employee confirms that they have read, understood and accepted PIA’s required standards of conduct.","PIA Chapter 13, PIA discipline and general conduct, PIA employee policy, Appendices and Forms, Code of Conduct, What does an employee confirm by signing the Code of Conduct?, Code, Conduct, confirm, signing, confirms, they, have, read, understood, accepted, required, standards, Code Conduct, Conduct confirm, confirm signing, signing Code, Conduct confirms, confirms they, they have, have read, read understood, understood accepted, accepted required, required standards, standards conduct, Code Conduct confirm, Conduct confirm signing, confirm signing Code, signing Code Conduct, Code Conduct confirms, Conduct confirms they, confirms they have, they have read, have read understood, read understood accepted, understood accepted required, accepted required standards, required standards conduct",42,Appendix D
Appendices and Forms,How often must employees submit a conflict-of-interest declaration?,Employees must submit it annually.,"PIA Chapter 13, PIA discipline and general conduct, PIA employee policy, Appendices and Forms, Conflict of Interest Declaration, How often must employees submit a conflict-of-interest declaration?, Conflict, Interest, Declaration, often, submit, conflict-of-interest, annually, Conflict Interest, Interest Declaration, Declaration often, often submit, submit conflict-of-interest, conflict-of-interest declaration, declaration submit, submit annually, Conflict Interest Declaration, Interest Declaration often, Declaration often submit, often submit conflict-of-interest, submit conflict-of-interest declaration, conflict-of-interest declaration submit, declaration submit annually",43,Appendix E
Appendices and Forms,What can an employee state in the conflict-of-interest declaration?,The employee may declare that there is no conflict or disclose relevant facts for management guidance.,"PIA Chapter 13, PIA discipline and general conduct, PIA employee policy, Appendices and Forms, Conflict of Interest Declaration, What can an employee state in the conflict-of-interest declaration?, Conflict, Interest, Declaration, state, conflict-of-interest, may, declare, there, disclose, relevant, facts, management, guidance, Conflict Interest, Interest Declaration, Declaration state, state conflict-of-interest, conflict-of-interest declaration, declaration may, may declare, declare there, there conflict, conflict disclose, disclose relevant, relevant facts, facts management, management guidance, Conflict Interest Declaration, Interest Declaration state, Declaration state conflict-of-interest, state conflict-of-interest declaration, conflict-of-interest declaration may, declaration may declare, may declare there, declare there conflict, there conflict disclose, conflict disclose relevant, disclose relevant facts, relevant facts management, facts management guidance",43,Appendix E
Appendices and Forms,What does PIA expect employees to do when they are unsure about a law or regulation?,They should seek advice before taking action.,"PIA Chapter 13, PIA discipline and general conduct, PIA employee policy, Appendices and Forms, Statement of Ethics, What does PIA expect employees to do when they are unsure about a law or regulation?, Statement, Ethics, expect, when, they, unsure, law, regulation, seek, advice, before, taking, action, Statement Ethics, Ethics expect, expect when, when they, they unsure, unsure law, law regulation, regulation They, They seek, seek advice, advice before, before taking, taking action, Statement Ethics expect, Ethics expect when, expect when they, when they unsure, they unsure law, unsure law regulation, law regulation They, regulation They seek, They seek advice, seek advice before, advice before taking, before taking action",44,Appendix F
Appendices and Forms,What is PIA’s position on bribery and corrupt business practices?,"PIA rejects corruption, bribery, kickbacks, payoffs and other corrupt practices in all forms.","PIA Chapter 13, PIA discipline and general conduct, PIA employee policy, Appendices and Forms, Statement of Ethics, What is PIA’s position on bribery and corrupt business practices?, Statement, Ethics, position, bribery, corrupt, business, practices, rejects, corruption, kickbacks, payoffs, other, all, forms, Statement Ethics, Ethics position, position bribery, bribery corrupt, corrupt business, business practices, practices rejects, rejects corruption, corruption bribery, bribery kickbacks, kickbacks payoffs, payoffs other, other corrupt, corrupt practices, practices all, all forms, Statement Ethics position, Ethics position bribery, position bribery corrupt, bribery corrupt business, corrupt business practices, business practices rejects, practices rejects corruption, rejects corruption bribery, corruption bribery kickbacks, bribery kickbacks payoffs, kickbacks payoffs other, payoffs other corrupt, other corrupt practices, corrupt practices all, practices all forms",44,Appendix F
Appendices and Forms,How should employees handle a conflict of interest?,"They should avoid it, disclose it to management when it exists, and seek guidance.","PIA Chapter 13, PIA discipline and general conduct, PIA employee policy, Appendices and Forms, Statement of Ethics, How should employees handle a conflict of interest?, Statement, Ethics, handle, conflict, interest, They, avoid, disclose, management, when, exists, seek, guidance, Statement Ethics, Ethics handle, handle conflict, conflict interest, interest They, They avoid, avoid disclose, disclose management, management when, when exists, exists seek, seek guidance, Statement Ethics handle, Ethics handle conflict, handle conflict interest, conflict interest They, interest They avoid, They avoid disclose, avoid disclose management, disclose management when, management when exists, when exists seek, exists seek guidance",44,Appendix F
Appendices and Forms,What does the competent-authority schedule show?,"It shows who may start an inquiry, conduct it, decide the case and hear an appeal for each employee category.","PIA Chapter 13, PIA discipline and general conduct, PIA employee policy, Appendices and Forms, Competent Authority Schedule, What does the competent-authority schedule show?, Competent, Authority, Schedule, competent-authority, show, shows, who, may, start, inquiry, conduct, decide, case, hear, appeal, each, category, Competent Authority, Authority Schedule, Schedule competent-authority, competent-authority schedule, schedule show, show shows, shows who, who may, may start, start inquiry, inquiry conduct, conduct decide, decide case, case hear, hear appeal, appeal each, each category, Authority Schedule competent-authority, Schedule competent-authority schedule, competent-authority schedule show, schedule show shows, show shows who, shows who may, who may start, may start inquiry, start inquiry conduct, inquiry conduct decide, conduct decide case, decide case hear, case hear appeal, hear appeal each, appeal each category",45,Appendix G
Appendices and Forms,What information is required on the Women Protection complaint form?,"It requires the complainant’s name, employee number, department, complaint details, signature, discussion date, inquiry status, conclusion and committee decision.","PIA Chapter 13, PIA discipline and general conduct, PIA employee policy, Appendices and Forms, Women Protection Complaint Form, What information is required on the Women Protection complaint form?, Women, Protection, Complaint, Form, information, required, requires, complainant, name, number, department, details, signature, discussion, date, inquiry, status, conclusion, committee, decision, Women Protection, Protection Complaint, Complaint Form, Form information, information required, required Women, form requires, requires complainant, complainant name, name number, number department, department complaint, complaint details, details signature, signature discussion, discussion date, date inquiry, inquiry status, status conclusion, conclusion committee, committee decision, Women Protection Complaint, Protection Complaint Form, Complaint Form information, Form information required, information required Women, required Women Protection, complaint form requires, form requires complainant, requires complainant name, complainant name number, name number department, number department complaint, department complaint details, complaint details signature, details signature discussion, signature discussion date, discussion date inquiry, date inquiry status, inquiry status conclusion, status conclusion committee, conclusion committee decision",59,Appendix I
Misconduct and Penalties,"How is impertinence, disorderly or indecent behaviour or intemperance classified?",It is classified as minor administrative misconduct.,"PIA Chapter 13, PIA discipline and general conduct, PIA employee policy, Misconduct and Penalties, Impertinence, disorderly or indecent behaviour or intemperance, How is impertinence, disorderly or indecent behaviour or intemperance classified?, misconduct list, minor misconduct, major misconduct, gross misconduct, minimum punishment, maximum punishment, disciplinary penalty, Impertinence, disorderly, indecent, behaviour, intemperance, classified, minor, administrative, misconduct, Impertinence disorderly, disorderly indecent, indecent behaviour, behaviour intemperance, intemperance impertinence, intemperance classified, classified classified, classified minor, minor administrative, administrative misconduct, Impertinence disorderly indecent, disorderly indecent behaviour, indecent behaviour intemperance, behaviour intemperance impertinence, intemperance impertinence disorderly, behaviour intemperance classified, intemperance classified classified, classified classified minor, classified minor administrative, minor administrative misconduct",47,Appendix H
Misconduct and Penalties,"What is the maximum punishment for impertinence, disorderly or indecent behaviour or intemperance?",Withholding increment for 03 years,"PIA Chapter 13, PIA discipline and general conduct, PIA employee policy, Misconduct and Penalties, Impertinence, disorderly or indecent behaviour or intemperance, What is the maximum punishment for impertinence, disorderly or indecent behaviour or intemperance?, misconduct list, minor misconduct, major misconduct, gross misconduct, minimum punishment, maximum punishment, disciplinary penalty, Impertinence, disorderly, indecent, behaviour, intemperance, maximum, punishment, Withholding, increment, years, Impertinence disorderly, disorderly indecent, indecent behaviour, behaviour intemperance, intemperance maximum, punishment impertinence, intemperance Withholding, Withholding increment, increment years, Impertinence disorderly indecent, disorderly indecent behaviour, indecent behaviour intemperance, behaviour intemperance maximum, intemperance maximum punishment, maximum punishment impertinence, punishment impertinence disorderly, behaviour intemperance Withholding, intemperance Withholding increment, Withholding increment years",47,Appendix H
Misconduct and Penalties,How is withholding of any information or work from an officer or employee which he is normally entitled to have in the normal performance of his / her classified?,It is classified as minor administrative misconduct.,"PIA Chapter 13, PIA discipline and general conduct, PIA employee policy, Misconduct and Penalties, Withholding of any information or work from an officer or employee which he is normally entitled to have in the normal performance of his / her duties or preventing an officer or employee from performing his / her duties or functions, How is withholding of any information or work from an officer or employee which he is normally entitled to have in the normal performance of his / her classified?, misconduct list, minor misconduct, major misconduct, gross misconduct, minimum punishment, maximum punishment, disciplinary penalty, Withholding, any, information, work, officer, which, normally, entitled, have, normal, performance, duties, preventing, performing, functions, classified, minor, administrative, misconduct, Withholding any, any information, information work, work officer, officer which, which normally, normally entitled, entitled have, have normal, normal performance, performance duties, duties preventing, preventing officer, officer performing, performing duties, duties functions, functions withholding, performance classified, classified classified, classified minor, minor administrative, administrative misconduct, Withholding any information, any information work, information work officer, work officer which, officer which normally, which normally entitled, normally entitled have, entitled have normal, have normal performance, normal performance duties, performance duties preventing, duties preventing officer, preventing officer performing, officer performing duties, performing duties functions, duties functions withholding, functions withholding any, normal performance classified, performance classified classified, classified classified minor, classified minor administrative",47,Appendix H
Misconduct and Penalties,What is the maximum punishment for withholding of any information or work from an officer or employee which he is normally entitled to have in the normal performance of his / her?,Withholding increment for 03 years,"PIA Chapter 13, PIA discipline and general conduct, PIA employee policy, Misconduct and Penalties, Withholding of any information or work from an officer or employee which he is normally entitled to have in the normal performance of his / her duties or preventing an officer or employee from performing his / her duties or functions, What is the maximum punishment for withholding of any information or work from an officer or employee which he is normally entitled to have in the normal performance of his / her?, misconduct list, minor misconduct, major misconduct, gross misconduct, minimum punishment, maximum punishment, disciplinary penalty, Withholding, any, information, work, officer, which, normally, entitled, have, normal, performance, duties, preventing, performing, functions, maximum, punishment, increment, years, Withholding any, any information, information work, work officer, officer which, which normally, normally entitled, entitled have, have normal, normal performance, performance duties, duties preventing, preventing officer, officer performing, performing duties, duties functions, functions maximum, punishment withholding, performance Withholding, Withholding increment, increment years, Withholding any information, any information work, information work officer, work officer which, officer which normally, which normally entitled, normally entitled have, entitled have normal, have normal performance, normal performance duties, performance duties preventing, duties preventing officer, preventing officer performing, officer performing duties, performing duties functions, duties functions maximum, functions maximum punishment, maximum punishment withholding, punishment withholding any, normal performance Withholding, performance Withholding increment, Withholding increment years",47,Appendix H
Misconduct and Penalties,How is representation or submission whether personal or official either written or verbal to higher authority except through proper channel classified?,It is classified as minor administrative misconduct.,"PIA Chapter 13, PIA discipline and general conduct, PIA employee policy, Misconduct and Penalties, Representation or submission whether personal or official either written or verbal to higher authority except through proper channel, How is representation or submission whether personal or official either written or verbal to higher authority except through proper channel classified?, misconduct list, minor misconduct, major misconduct, gross misconduct, minimum punishment, maximum punishment, disciplinary penalty, Representation, submission, whether, personal, official, either, written, verbal, higher, authority, except, through, proper, channel, classified, minor, administrative, misconduct, Representation submission, submission whether, whether personal, personal official, official either, either written, written verbal, verbal higher, higher authority, authority except, except through, through proper, proper channel, channel representation, channel classified, classified classified, classified minor, minor administrative, administrative misconduct, Representation submission whether, submission whether personal, whether personal official, personal official either, official either written, either written verbal, written verbal higher, verbal higher authority, higher authority except, authority except through, except through proper, through proper channel, proper channel representation, channel representation submission, proper channel classified, channel classified classified, classified classified minor, classified minor administrative, minor administrative misconduct",47,Appendix H
Misconduct and Penalties,What is the maximum punishment for representation or submission whether personal or official either written or verbal to higher authority except through proper channel?,Reduction to a lower scale in a time scale for a period not exceeding three (3) increments,"PIA Chapter 13, PIA discipline and general conduct, PIA employee policy, Misconduct and Penalties, Representation or submission whether personal or official either written or verbal to higher authority except through proper channel, What is the maximum punishment for representation or submission whether personal or official either written or verbal to higher authority except through proper channel?, misconduct list, minor misconduct, major misconduct, gross misconduct, minimum punishment, maximum punishment, disciplinary penalty, Representation, submission, whether, personal, official, either, written, verbal, higher, authority, except, through, proper, channel, maximum, punishment, Reduction, lower, scale, time, period, not, exceeding, three, increments, Representation submission, submission whether, whether personal, personal official, official either, either written, written verbal, verbal higher, higher authority, authority except, except through, through proper, proper channel, channel maximum, punishment representation, channel Reduction, Reduction lower, lower scale, scale time, time scale, scale period, period not, not exceeding, exceeding three, three increments, Representation submission whether, submission whether personal, whether personal official, personal official either, official either written, either written verbal, written verbal higher, verbal higher authority, higher authority except, authority except through, except through proper, through proper channel",47,Appendix H
Misconduct and Penalties,How is withholding of representation without due authority classified?,It is classified as minor administrative misconduct.,"PIA Chapter 13, PIA discipline and general conduct, PIA employee policy, Misconduct and Penalties, Withholding of representation without due authority, How is withholding of representation without due authority classified?, misconduct list, minor misconduct, major misconduct, gross misconduct, minimum punishment, maximum punishment, disciplinary penalty, Withholding, representation, without, due, authority, classified, minor, administrative, misconduct, Withholding representation, representation without, without due, due authority, authority withholding, authority classified, classified classified, classified minor, minor administrative, administrative misconduct, Withholding representation without, representation without due, without due authority, due authority withholding, authority withholding representation, due authority classified, authority classified classified, classified classified minor, classified minor administrative, minor administrative misconduct",47,Appendix H
Misconduct and Penalties,What is the maximum punishment for withholding of representation without due authority?,Reduction to a lower scale in a time scale for a period not exceeding three (3) increments,"PIA Chapter 13, PIA discipline and general conduct, PIA employee policy, Misconduct and Penalties, Withholding of representation without due authority, What is the maximum punishment for withholding of representation without due authority?, misconduct list, minor misconduct, major misconduct, gross misconduct, minimum punishment, maximum punishment, disciplinary penalty, Withholding, representation, without, due, authority, maximum, punishment, Reduction, lower, scale, time, period, not, exceeding, three, increments, Withholding representation, representation without, without due, due authority, authority maximum, punishment withholding, authority Reduction, Reduction lower, lower scale, scale time, time scale, scale period, period not, not exceeding, exceeding three, three increments, Withholding representation without, representation without due, without due authority, due authority maximum, authority maximum punishment, maximum punishment withholding, punishment withholding representation, due authority Reduction, authority Reduction lower, Reduction lower scale, lower scale time, scale time scale, time scale period, scale period not, period not exceeding, not exceeding three, exceeding three increments",47,Appendix H
Misconduct and Penalties,How is sleeping on duty classified?,It is classified as minor administrative misconduct.,"PIA Chapter 13, PIA discipline and general conduct, PIA employee policy, Misconduct and Penalties, Sleeping on duty, How is sleeping on duty classified?, misconduct list, minor misconduct, major misconduct, gross misconduct, minimum punishment, maximum punishment, disciplinary penalty, Sleeping, duty, classified, minor, administrative, misconduct, Sleeping duty, duty sleeping, duty classified, classified classified, classified minor, minor administrative, administrative misconduct, Sleeping duty sleeping, duty sleeping duty, sleeping duty classified, duty classified classified, classified classified minor, classified minor administrative, minor administrative misconduct",47,Appendix H
Misconduct and Penalties,What is the maximum punishment for sleeping on duty?,Withholding increment for 03 years,"PIA Chapter 13, PIA discipline and general conduct, PIA employee policy, Misconduct and Penalties, Sleeping on duty, What is the maximum punishment for sleeping on duty?, misconduct list, minor misconduct, major misconduct, gross misconduct, minimum punishment, maximum punishment, disciplinary penalty, Sleeping, duty, maximum, punishment, Withholding, increment, years, Sleeping duty, duty maximum, punishment sleeping, duty Withholding, Withholding increment, increment years, Sleeping duty maximum, duty maximum punishment, maximum punishment sleeping, punishment sleeping duty, sleeping duty Withholding, duty Withholding increment, Withholding increment years",47,Appendix H
Misconduct and Penalties,How is smoking within the establishment of the Company in places where it is prohibited or in other prohibited places; classified?,It is classified as minor administrative misconduct.,"PIA Chapter 13, PIA discipline and general conduct, PIA employee policy, Misconduct and Penalties, Smoking within the establishment of the Company in places where it is prohibited or in other prohibited places, How is smoking within the establishment of the Company in places where it is prohibited or in other prohibited places; classified?, misconduct list, minor misconduct, major misconduct, gross misconduct, minimum punishment, maximum punishment, disciplinary penalty, Smoking, within, establishment, places, where, prohibited, other, classified, minor, administrative, misconduct, Smoking within, within establishment, establishment places, places where, where prohibited, prohibited other, other prohibited, prohibited places, places smoking, places classified, classified classified, classified minor, minor administrative, administrative misconduct, Smoking within establishment, within establishment places, establishment places where, places where prohibited, where prohibited other, prohibited other prohibited, other prohibited places, prohibited places smoking, places smoking within, prohibited places classified, places classified classified, classified classified minor, classified minor administrative, minor administrative misconduct",47,Appendix H
Misconduct and Penalties,What is the maximum punishment for smoking within the establishment of the Company in places where it is prohibited or in other prohibited places;?,One off fine of five (5) per cent of the basic pay,"PIA Chapter 13, PIA discipline and general conduct, PIA employee policy, Misconduct and Penalties, Smoking within the establishment of the Company in places where it is prohibited or in other prohibited places, What is the maximum punishment for smoking within the establishment of the Company in places where it is prohibited or in other prohibited places;?, misconduct list, minor misconduct, major misconduct, gross misconduct, minimum punishment, maximum punishment, disciplinary penalty, Smoking, within, establishment, places, where, prohibited, other, maximum, punishment, One, off, fine, five, per, cent, basic, pay, Smoking within, within establishment, establishment places, places where, where prohibited, prohibited other, other prohibited, prohibited places, places maximum, punishment smoking, places One, One off, off fine, fine five, five per, per cent, cent basic, basic pay, Smoking within establishment, within establishment places, establishment places where, places where prohibited, where prohibited other, prohibited other prohibited, other prohibited places, prohibited places maximum, places maximum punishment, maximum punishment smoking, punishment smoking within, prohibited places One, places One off, One off fine, off fine five, fine five per, five per cent, per cent basic, cent basic pay",47,Appendix H
Misconduct and Penalties,How is failure to comply with Internet Usage Policy as laid down in ICT Policy available on PIA Intranet. classified?,It is classified as minor administrative misconduct.,"PIA Chapter 13, PIA discipline and general conduct, PIA employee policy, Misconduct and Penalties, Failure to comply with Internet Usage Policy as laid down in ICT Policy available on PIA Intranet., How is failure to comply with Internet Usage Policy as laid down in ICT Policy available on PIA Intranet. classified?, misconduct list, minor misconduct, major misconduct, gross misconduct, minimum punishment, maximum punishment, disciplinary penalty, Failure, comply, Internet, Usage, Policy, laid, down, ICT, available, Intranet, classified, minor, administrative, misconduct, Failure comply, comply Internet, Internet Usage, Usage Policy, Policy laid, laid down, down ICT, ICT Policy, Policy available, available Intranet, Intranet failure, Intranet classified, classified classified, classified minor, minor administrative, administrative misconduct, Failure comply Internet, comply Internet Usage, Internet Usage Policy, Usage Policy laid, Policy laid down, laid down ICT, down ICT Policy, ICT Policy available, Policy available Intranet, available Intranet failure, Intranet failure comply, available Intranet classified, Intranet classified classified, classified classified minor, classified minor administrative, minor administrative misconduct",47,Appendix H
Misconduct and Penalties,What is the maximum punishment for failure to comply with Internet Usage Policy as laid down in ICT Policy available on PIA Intranet.?,One off fine of five (5) per cent of the basic pay,"PIA Chapter 13, PIA discipline and general conduct, PIA employee policy, Misconduct and Penalties, Failure to comply with Internet Usage Policy as laid down in ICT Policy available on PIA Intranet., What is the maximum punishment for failure to comply with Internet Usage Policy as laid down in ICT Policy available on PIA Intranet.?, misconduct list, minor misconduct, major misconduct, gross misconduct, minimum punishment, maximum punishment, disciplinary penalty, Failure, comply, Internet, Usage, Policy, laid, down, ICT, available, Intranet, maximum, punishment, One, off, fine, five, per, cent, basic, pay, Failure comply, comply Internet, Internet Usage, Usage Policy, Policy laid, laid down, down ICT, ICT Policy, Policy available, available Intranet, Intranet maximum, punishment failure, Intranet One, One off, off fine, fine five, five per, per cent, cent basic, basic pay, Failure comply Internet, comply Internet Usage, Internet Usage Policy, Usage Policy laid, Policy laid down, laid down ICT, down ICT Policy, ICT Policy available, Policy available Intranet, available Intranet maximum, Intranet maximum punishment, maximum punishment failure, punishment failure comply, available Intranet One, Intranet One off, One off fine, off fine five, fine five per, five per cent, per cent basic, cent basic pay",47,Appendix H
Misconduct and Penalties,How is non-adherence to email policy & procedure as laid down in Email Policy Manual available on PIA Intranet. classified?,It is classified as major administrative misconduct.,"PIA Chapter 13, PIA discipline and general conduct, PIA employee policy, Misconduct and Penalties, Non-adherence to email policy & procedure as laid down in Email Policy Manual available on PIA Intranet., How is non-adherence to email policy & procedure as laid down in Email Policy Manual available on PIA Intranet. classified?, misconduct list, minor misconduct, major misconduct, gross misconduct, minimum punishment, maximum punishment, disciplinary penalty, Non-adherence, email, policy, procedure, laid, down, Manual, available, Intranet, classified, major, administrative, misconduct, Non-adherence email, email policy, policy procedure, procedure laid, laid down, down Email, Policy Manual, Manual available, available Intranet, Intranet non-adherence, Intranet classified, classified classified, classified major, major administrative, administrative misconduct, Non-adherence email policy, email policy procedure, policy procedure laid, procedure laid down, laid down Email, down Email Policy, Email Policy Manual, Policy Manual available, Manual available Intranet, available Intranet non-adherence, Intranet non-adherence email, available Intranet classified, Intranet classified classified, classified classified major, classified major administrative, major administrative misconduct",47,Appendix H
Misconduct and Penalties,What is the minimum punishment for non-adherence to email policy & procedure as laid down in Email Policy Manual available on PIA Intranet.?,One off fine of five (5) per cent of the basic pay,"PIA Chapter 13, PIA discipline and general conduct, PIA employee policy, Misconduct and Penalties, Non-adherence to email policy & procedure as laid down in Email Policy Manual available on PIA Intranet., What is the minimum punishment for non-adherence to email policy & procedure as laid down in Email Policy Manual available on PIA Intranet.?, misconduct list, minor misconduct, major misconduct, gross misconduct, minimum punishment, maximum punishment, disciplinary penalty, Non-adherence, email, policy, procedure, laid, down, Manual, available, Intranet, minimum, punishment, One, off, fine, five, per, cent, basic, pay, Non-adherence email, email policy, policy procedure, procedure laid, laid down, down Email, Policy Manual, Manual available, available Intranet, Intranet minimum, punishment non-adherence, Intranet One, One off, off fine, fine five, five per, per cent, cent basic, basic pay, Non-adherence email policy, email policy procedure, policy procedure laid, procedure laid down, laid down Email, down Email Policy, Email Policy Manual, Policy Manual available, Manual available Intranet, available Intranet minimum, Intranet minimum punishment, minimum punishment non-adherence, punishment non-adherence email, available Intranet One, Intranet One off, One off fine, off fine five, fine five per, five per cent, per cent basic, cent basic pay",47,Appendix H
Misconduct and Penalties,What is the maximum punishment for non-adherence to email policy & procedure as laid down in Email Policy Manual available on PIA Intranet.?,Reduction to a lower scale in a time scale for a period not exceeding three (3) increments,"PIA Chapter 13, PIA discipline and general conduct, PIA employee policy, Misconduct and Penalties, Non-adherence to email policy & procedure as laid down in Email Policy Manual available on PIA Intranet., What is the maximum punishment for non-adherence to email policy & procedure as laid down in Email Policy Manual available on PIA Intranet.?, misconduct list, minor misconduct, major misconduct, gross misconduct, minimum punishment, maximum punishment, disciplinary penalty, Non-adherence, email, policy, procedure, laid, down, Manual, available, Intranet, maximum, punishment, Reduction, lower, scale, time, period, not, exceeding, three, increments, Non-adherence email, email policy, policy procedure, procedure laid, laid down, down Email, Policy Manual, Manual available, available Intranet, Intranet maximum, punishment non-adherence, Intranet Reduction, Reduction lower, lower scale, scale time, time scale, scale period, period not, not exceeding, exceeding three, three increments, Non-adherence email policy, email policy procedure, policy procedure laid, procedure laid down, laid down Email, down Email Policy, Email Policy Manual, Policy Manual available, Manual available Intranet, available Intranet maximum, Intranet maximum punishment, maximum punishment non-adherence, punishment non-adherence email, available Intranet Reduction, Intranet Reduction lower, Reduction lower scale, lower scale time, scale time scale, time scale period, scale period not, period not exceeding",47,Appendix H
Misconduct and Penalties,How is failure to wear uniform or any protective clothing equipment provided classified?,It is classified as major administrative misconduct.,"PIA Chapter 13, PIA discipline and general conduct, PIA employee policy, Misconduct and Penalties, Failure to wear uniform or any protective clothing equipment provided, How is failure to wear uniform or any protective clothing equipment provided classified?, misconduct list, minor misconduct, major misconduct, gross misconduct, minimum punishment, maximum punishment, disciplinary penalty, Failure, wear, uniform, any, protective, clothing, equipment, provided, classified, major, administrative, misconduct, Failure wear, wear uniform, uniform any, any protective, protective clothing, clothing equipment, equipment provided, provided failure, provided classified, classified classified, classified major, major administrative, administrative misconduct, Failure wear uniform, wear uniform any, uniform any protective, any protective clothing, protective clothing equipment, clothing equipment provided, equipment provided failure, provided failure wear, equipment provided classified, provided classified classified, classified classified major, classified major administrative, major administrative misconduct",47,Appendix H
Misconduct and Penalties,What is the maximum punishment for failure to wear uniform or any protective clothing equipment provided?,Reduction to a lower scale in a time scale for a period not exceeding three (3) increments,"PIA Chapter 13, PIA discipline and general conduct, PIA employee policy, Misconduct and Penalties, Failure to wear uniform or any protective clothing equipment provided, What is the maximum punishment for failure to wear uniform or any protective clothing equipment provided?, misconduct list, minor misconduct, major misconduct, gross misconduct, minimum punishment, maximum punishment, disciplinary penalty, Failure, wear, uniform, any, protective, clothing, equipment, provided, maximum, punishment, Reduction, lower, scale, time, period, not, exceeding, three, increments, Failure wear, wear uniform, uniform any, any protective, protective clothing, clothing equipment, equipment provided, provided maximum, punishment failure, provided Reduction, Reduction lower, lower scale, scale time, time scale, scale period, period not, not exceeding, exceeding three, three increments, Failure wear uniform, wear uniform any, uniform any protective, any protective clothing, protective clothing equipment, clothing equipment provided, equipment provided maximum, provided maximum punishment, maximum punishment failure, punishment failure wear, equipment provided Reduction, provided Reduction lower, Reduction lower scale, lower scale time, scale time scale, time scale period, scale period not, period not exceeding, not exceeding three, exceeding three increments",47,Appendix H
Misconduct and Penalties,How is insubordination classified?,It is classified as major administrative misconduct.,"PIA Chapter 13, PIA discipline and general conduct, PIA employee policy, Misconduct and Penalties, Insubordination, How is insubordination classified?, misconduct list, minor misconduct, major misconduct, gross misconduct, minimum punishment, maximum punishment, disciplinary penalty, classified, major, administrative, misconduct, Insubordination insubordination, insubordination classified, classified classified, classified major, major administrative, administrative misconduct, Insubordination insubordination classified, insubordination classified classified, classified classified major, classified major administrative, major administrative misconduct",48,Appendix H
Misconduct and Penalties,What is the minimum punishment for insubordination?,Withholding of annual increment(s) for a period not exceeding three (03) years,"PIA Chapter 13, PIA discipline and general conduct, PIA employee policy, Misconduct and Penalties, Insubordination, What is the minimum punishment for insubordination?, misconduct list, minor misconduct, major misconduct, gross misconduct, minimum punishment, maximum punishment, disciplinary penalty, minimum, punishment, Withholding, annual, increment, period, not, exceeding, three, years, Insubordination minimum, punishment insubordination, insubordination Withholding, Withholding annual, annual increment, increment period, period not, not exceeding, exceeding three, three years, Insubordination minimum punishment, minimum punishment insubordination, punishment insubordination Withholding, insubordination Withholding annual, Withholding annual increment, annual increment period, increment period not, period not exceeding, not exceeding three, exceeding three years",48,Appendix H
Misconduct and Penalties,What is the maximum punishment for insubordination?,Reduction to a lower scale in a time scale for a period not exceeding three (3) increments,"PIA Chapter 13, PIA discipline and general conduct, PIA employee policy, Misconduct and Penalties, Insubordination, What is the maximum punishment for insubordination?, misconduct list, minor misconduct, major misconduct, gross misconduct, minimum punishment, maximum punishment, disciplinary penalty, maximum, punishment, Reduction, lower, scale, time, period, not, exceeding, three, increments, Insubordination maximum, punishment insubordination, insubordination Reduction, Reduction lower, lower scale, scale time, time scale, scale period, period not, not exceeding, exceeding three, three increments, Insubordination maximum punishment, maximum punishment insubordination, punishment insubordination Reduction, insubordination Reduction lower, Reduction lower scale, lower scale time, scale time scale, time scale period, scale period not, period not exceeding, not exceeding three, exceeding three increments",48,Appendix H
Misconduct and Penalties,How is leaving place of duty without permission of the officer in-charge classified?,It is classified as major administrative misconduct.,"PIA Chapter 13, PIA discipline and general conduct, PIA employee policy, Misconduct and Penalties, Leaving place of duty without permission of the officer in-charge, How is leaving place of duty without permission of the officer in-charge classified?, misconduct list, minor misconduct, major misconduct, gross misconduct, minimum punishment, maximum punishment, disciplinary penalty, Leaving, place, duty, without, permission, officer, in-charge, classified, major, administrative, misconduct, Leaving place, place duty, duty without, without permission, permission officer, officer in-charge, in-charge leaving, in-charge classified, classified classified, classified major, major administrative, administrative misconduct, Leaving place duty, place duty without, duty without permission, without permission officer, permission officer in-charge, officer in-charge leaving, in-charge leaving place, officer in-charge classified, in-charge classified classified, classified classified major, classified major administrative, major administrative misconduct",48,Appendix H
Misconduct and Penalties,What is the maximum punishment for leaving place of duty without permission of the officer in-charge?,Withholding increment for 03 years,"PIA Chapter 13, PIA discipline and general conduct, PIA employee policy, Misconduct and Penalties, Leaving place of duty without permission of the officer in-charge, What is the maximum punishment for leaving place of duty without permission of the officer in-charge?, misconduct list, minor misconduct, major misconduct, gross misconduct, minimum punishment, maximum punishment, disciplinary penalty, Leaving, place, duty, without, permission, officer, in-charge, maximum, punishment, Withholding, increment, years, Leaving place, place duty, duty without, without permission, permission officer, officer in-charge, in-charge maximum, punishment leaving, in-charge Withholding, Withholding increment, increment years, Leaving place duty, place duty without, duty without permission, without permission officer, permission officer in-charge, officer in-charge maximum, in-charge maximum punishment, maximum punishment leaving, punishment leaving place, officer in-charge Withholding, in-charge Withholding increment, Withholding increment years",48,Appendix H
Misconduct and Penalties,"How is unauthorized use or wastage of Company's property, equipment, tools or any other articles entrusted in the course of employment classified?",It is classified as major administrative misconduct.,"PIA Chapter 13, PIA discipline and general conduct, PIA employee policy, Misconduct and Penalties, Unauthorized use or wastage of Company's property, equipment, tools or any other articles entrusted in the course of employment, How is unauthorized use or wastage of Company's property, equipment, tools or any other articles entrusted in the course of employment classified?, misconduct list, minor misconduct, major misconduct, gross misconduct, minimum punishment, maximum punishment, disciplinary penalty, Unauthorized, use, wastage, Company's, property, equipment, tools, any, other, articles, entrusted, course, employment, classified, major, administrative, misconduct, Unauthorized use, use wastage, wastage Company's, Company's property, property equipment, equipment tools, tools any, any other, other articles, articles entrusted, entrusted course, course employment, employment unauthorized, employment classified, classified classified, classified major, major administrative, administrative misconduct, Unauthorized use wastage, use wastage Company's, wastage Company's property, Company's property equipment, property equipment tools, equipment tools any, tools any other, any other articles, other articles entrusted, articles entrusted course, entrusted course employment, course employment unauthorized, employment unauthorized use, course employment classified, employment classified classified, classified classified major, classified major administrative, major administrative misconduct",48,Appendix H
Misconduct and Penalties,"What is the minimum punishment for unauthorized use or wastage of Company's property, equipment, tools or any other articles entrusted in the course of employment?",Withholding of annual increment(s) for a period not exceeding three (03) years,"PIA Chapter 13, PIA discipline and general conduct, PIA employee policy, Misconduct and Penalties, Unauthorized use or wastage of Company's property, equipment, tools or any other articles entrusted in the course of employment, What is the minimum punishment for unauthorized use or wastage of Company's property, equipment, tools or any other articles entrusted in the course of employment?, misconduct list, minor misconduct, major misconduct, gross misconduct, minimum punishment, maximum punishment, disciplinary penalty, Unauthorized, use, wastage, Company's, property, equipment, tools, any, other, articles, entrusted, course, employment, minimum, punishment, Withholding, annual, increment, period, not, exceeding, three, years, Unauthorized use, use wastage, wastage Company's, Company's property, property equipment, equipment tools, tools any, any other, other articles, articles entrusted, entrusted course, course employment, employment minimum, punishment unauthorized, employment Withholding, Withholding annual, annual increment, increment period, period not, not exceeding, exceeding three, three years, Unauthorized use wastage, use wastage Company's, wastage Company's property, Company's property equipment, property equipment tools, equipment tools any, tools any other, any other articles, other articles entrusted, articles entrusted course, entrusted course employment, course employment minimum, employment minimum punishment, minimum punishment unauthorized, punishment unauthorized use, course employment Withholding, employment Withholding annual",48,Appendix H
Misconduct and Penalties,"What is the maximum punishment for unauthorized use or wastage of Company's property, equipment, tools or any other articles entrusted in the course of employment?",Reduction to a lower scale in a time scale for a period not exceeding three (3) increments,"PIA Chapter 13, PIA discipline and general conduct, PIA employee policy, Misconduct and Penalties, Unauthorized use or wastage of Company's property, equipment, tools or any other articles entrusted in the course of employment, What is the maximum punishment for unauthorized use or wastage of Company's property, equipment, tools or any other articles entrusted in the course of employment?, misconduct list, minor misconduct, major misconduct, gross misconduct, minimum punishment, maximum punishment, disciplinary penalty, Unauthorized, use, wastage, Company's, property, equipment, tools, any, other, articles, entrusted, course, employment, maximum, punishment, Reduction, lower, scale, time, period, not, exceeding, three, increments, Unauthorized use, use wastage, wastage Company's, Company's property, property equipment, equipment tools, tools any, any other, other articles, articles entrusted, entrusted course, course employment, employment maximum, punishment unauthorized, employment Reduction, Reduction lower, lower scale, scale time, time scale, scale period, period not, not exceeding, exceeding three, three increments, Unauthorized use wastage, use wastage Company's, wastage Company's property, Company's property equipment, property equipment tools, equipment tools any, tools any other, any other articles, other articles entrusted, articles entrusted course, entrusted course employment, course employment maximum, employment maximum punishment, maximum punishment unauthorized",48,Appendix H
Misconduct and Penalties,"How is negligence, inefficiency, inattention or inordinate delay in the performance of duty, or careless or wasteful working classified?",It is classified as major administrative misconduct.,"PIA Chapter 13, PIA discipline and general conduct, PIA employee policy, Misconduct and Penalties, Negligence, inefficiency, inattention or inordinate delay in the performance of duty, or careless or wasteful working, How is negligence, inefficiency, inattention or inordinate delay in the performance of duty, or careless or wasteful working classified?, misconduct list, minor misconduct, major misconduct, gross misconduct, minimum punishment, maximum punishment, disciplinary penalty, Negligence, inefficiency, inattention, inordinate, delay, performance, duty, careless, wasteful, working, classified, major, administrative, misconduct, Negligence inefficiency, inefficiency inattention, inattention inordinate, inordinate delay, delay performance, performance duty, duty careless, careless wasteful, wasteful working, working negligence, working classified, classified classified, classified major, major administrative, administrative misconduct, Negligence inefficiency inattention, inefficiency inattention inordinate, inattention inordinate delay, inordinate delay performance, delay performance duty, performance duty careless, duty careless wasteful, careless wasteful working, wasteful working negligence, working negligence inefficiency, wasteful working classified, working classified classified, classified classified major, classified major administrative, major administrative misconduct",48,Appendix H
Misconduct and Penalties,"What is the maximum punishment for negligence, inefficiency, inattention or inordinate delay in the performance of duty, or careless or wasteful working?","Demotion/Reduction to a lower pay group and cadre, for a period not exceeding 03 years","PIA Chapter 13, PIA discipline and general conduct, PIA employee policy, Misconduct and Penalties, Negligence, inefficiency, inattention or inordinate delay in the performance of duty, or careless or wasteful working, What is the maximum punishment for negligence, inefficiency, inattention or inordinate delay in the performance of duty, or careless or wasteful working?, misconduct list, minor misconduct, major misconduct, gross misconduct, minimum punishment, maximum punishment, disciplinary penalty, Negligence, inefficiency, inattention, inordinate, delay, performance, duty, careless, wasteful, working, maximum, punishment, Demotion/Reduction, lower, pay, group, cadre, period, not, exceeding, years, Negligence inefficiency, inefficiency inattention, inattention inordinate, inordinate delay, delay performance, performance duty, duty careless, careless wasteful, wasteful working, working maximum, punishment negligence, working Demotion/Reduction, Demotion/Reduction lower, lower pay, pay group, group cadre, cadre period, period not, not exceeding, exceeding years, Negligence inefficiency inattention, inefficiency inattention inordinate, inattention inordinate delay, inordinate delay performance, delay performance duty, performance duty careless, duty careless wasteful, careless wasteful working, wasteful working maximum, working maximum punishment, maximum punishment negligence, punishment negligence inefficiency, wasteful working Demotion/Reduction, working Demotion/Reduction lower, Demotion/Reduction lower pay, lower pay group, pay group cadre, group cadre period, cadre period not, period not exceeding, not exceeding years",48,Appendix H
Misconduct and Penalties,How is irregular and habitual late attendance (more than 5 occasions in a rolling 1 month) classified?,It is classified as major administrative misconduct.,"PIA Chapter 13, PIA discipline and general conduct, PIA employee policy, Misconduct and Penalties, Irregular and habitual late attendance (more than 5 occasions in a rolling 1 month), How is irregular and habitual late attendance (more than 5 occasions in a rolling 1 month) classified?, misconduct list, minor misconduct, major misconduct, gross misconduct, minimum punishment, maximum punishment, disciplinary penalty, Irregular, habitual, late, attendance, more, than, occasions, rolling, month, classified, major, administrative, misconduct, Irregular habitual, habitual late, late attendance, attendance more, more than, than occasions, occasions rolling, rolling month, month irregular, month classified, classified classified, classified major, major administrative, administrative misconduct, Irregular habitual late, habitual late attendance, late attendance more, attendance more than, more than occasions, than occasions rolling, occasions rolling month, rolling month irregular, month irregular habitual, rolling month classified, month classified classified, classified classified major, classified major administrative, major administrative misconduct",48,Appendix H
Misconduct and Penalties,What is the maximum punishment for irregular and habitual late attendance (more than 5 occasions in a rolling 1 month)?,Reduction to a lower scale in a time scale for a period not exceeding three (3) increments,"PIA Chapter 13, PIA discipline and general conduct, PIA employee policy, Misconduct and Penalties, Irregular and habitual late attendance (more than 5 occasions in a rolling 1 month), What is the maximum punishment for irregular and habitual late attendance (more than 5 occasions in a rolling 1 month)?, misconduct list, minor misconduct, major misconduct, gross misconduct, minimum punishment, maximum punishment, disciplinary penalty, Irregular, habitual, late, attendance, more, than, occasions, rolling, month, maximum, punishment, Reduction, lower, scale, time, period, not, exceeding, three, increments, Irregular habitual, habitual late, late attendance, attendance more, more than, than occasions, occasions rolling, rolling month, month maximum, punishment irregular, month Reduction, Reduction lower, lower scale, scale time, time scale, scale period, period not, not exceeding, exceeding three, three increments, Irregular habitual late, habitual late attendance, late attendance more, attendance more than, more than occasions, than occasions rolling, occasions rolling month, rolling month maximum, month maximum punishment, maximum punishment irregular, punishment irregular habitual, rolling month Reduction, month Reduction lower, Reduction lower scale, lower scale time, scale time scale, time scale period, scale period not, period not exceeding, not exceeding three, exceeding three increments",48,Appendix H
Misconduct and Penalties,How is favouritism and nepotism classified?,It is classified as major administrative misconduct.,"PIA Chapter 13, PIA discipline and general conduct, PIA employee policy, Misconduct and Penalties, Favouritism and nepotism, How is favouritism and nepotism classified?, misconduct list, minor misconduct, major misconduct, gross misconduct, minimum punishment, maximum punishment, disciplinary penalty, Favouritism, nepotism, classified, major, administrative, misconduct, Favouritism nepotism, nepotism favouritism, nepotism classified, classified classified, classified major, major administrative, administrative misconduct, Favouritism nepotism favouritism, nepotism favouritism nepotism, favouritism nepotism classified, nepotism classified classified, classified classified major, classified major administrative, major administrative misconduct",48,Appendix H
Misconduct and Penalties,What is the minimum punishment for favouritism and nepotism?,Withholding of annual increment for a period of three (3) years,"PIA Chapter 13, PIA discipline and general conduct, PIA employee policy, Misconduct and Penalties, Favouritism and nepotism, What is the minimum punishment for favouritism and nepotism?, misconduct list, minor misconduct, major misconduct, gross misconduct, minimum punishment, maximum punishment, disciplinary penalty, Favouritism, nepotism, minimum, punishment, Withholding, annual, increment, period, three, years, Favouritism nepotism, nepotism minimum, punishment favouritism, nepotism Withholding, Withholding annual, annual increment, increment period, period three, three years, Favouritism nepotism minimum, nepotism minimum punishment, minimum punishment favouritism, punishment favouritism nepotism, favouritism nepotism Withholding, nepotism Withholding annual, Withholding annual increment, annual increment period, increment period three, period three years",48,Appendix H
Misconduct and Penalties,What is the maximum punishment for favouritism and nepotism?,Demotion/Reduction to a lower pay group and cadre for a period not exceeding 03 years,"PIA Chapter 13, PIA discipline and general conduct, PIA employee policy, Misconduct and Penalties, Favouritism and nepotism, What is the maximum punishment for favouritism and nepotism?, misconduct list, minor misconduct, major misconduct, gross misconduct, minimum punishment, maximum punishment, disciplinary penalty, Favouritism, nepotism, maximum, punishment, Demotion/Reduction, lower, pay, group, cadre, period, not, exceeding, years, Favouritism nepotism, nepotism maximum, punishment favouritism, nepotism Demotion/Reduction, Demotion/Reduction lower, lower pay, pay group, group cadre, cadre period, period not, not exceeding, exceeding years, Favouritism nepotism maximum, nepotism maximum punishment, maximum punishment favouritism, punishment favouritism nepotism, favouritism nepotism Demotion/Reduction, nepotism Demotion/Reduction lower, Demotion/Reduction lower pay, lower pay group, pay group cadre, group cadre period, cadre period not, period not exceeding, not exceeding years",48,Appendix H
Misconduct and Penalties,"How is misuse of any benefit facility/or concession given by the Company, whether by the employee or by any member of his / her family (e.g. medical passage), classified?",It is classified as major administrative misconduct.,"PIA Chapter 13, PIA discipline and general conduct, PIA employee policy, Misconduct and Penalties, Misuse of any benefit facility/or concession given by the Company, whether by the employee or by any member of his / her family (e.g. medical passage), How is misuse of any benefit facility/or concession given by the Company, whether by the employee or by any member of his / her family (e.g. medical passage), classified?, misconduct list, minor misconduct, major misconduct, gross misconduct, minimum punishment, maximum punishment, disciplinary penalty, Misuse, any, benefit, facility/or, concession, given, whether, member, family, medical, passage, classified, major, administrative, misconduct, Misuse any, any benefit, benefit facility/or, facility/or concession, concession given, given whether, whether any, any member, member family, family medical, medical passage, passage misuse, passage classified, classified classified, classified major, major administrative, administrative misconduct, Misuse any benefit, any benefit facility/or, benefit facility/or concession, facility/or concession given, concession given whether, given whether any, whether any member, any member family, member family medical, family medical passage, medical passage misuse, passage misuse any, medical passage classified, passage classified classified, classified classified major, classified major administrative, major administrative misconduct",48,Appendix H
Misconduct and Penalties,"What is the minimum punishment for misuse of any benefit facility/or concession given by the Company, whether by the employee or by any member of his / her family (e.g. medical passage),?",One off fine of five (5) per cent of the basic pay,"PIA Chapter 13, PIA discipline and general conduct, PIA employee policy, Misconduct and Penalties, Misuse of any benefit facility/or concession given by the Company, whether by the employee or by any member of his / her family (e.g. medical passage), What is the minimum punishment for misuse of any benefit facility/or concession given by the Company, whether by the employee or by any member of his / her family (e.g. medical passage),?, misconduct list, minor misconduct, major misconduct, gross misconduct, minimum punishment, maximum punishment, disciplinary penalty, Misuse, any, benefit, facility/or, concession, given, whether, member, family, medical, passage, minimum, punishment, One, off, fine, five, per, cent, basic, pay, Misuse any, any benefit, benefit facility/or, facility/or concession, concession given, given whether, whether any, any member, member family, family medical, medical passage, passage minimum, punishment misuse, passage One, One off, off fine, fine five, five per, per cent, cent basic, basic pay, Misuse any benefit, any benefit facility/or, benefit facility/or concession, facility/or concession given, concession given whether, given whether any, whether any member, any member family, member family medical, family medical passage, medical passage minimum, passage minimum punishment, minimum punishment misuse, punishment misuse any, medical passage One, passage One off, One off fine, off fine five, fine five per, five per cent",48,Appendix H
Misconduct and Penalties,"What is the maximum punishment for misuse of any benefit facility/or concession given by the Company, whether by the employee or by any member of his / her family (e.g. medical passage),?",Removal of the benefit/facility/concession for a period of five (5) years,"PIA Chapter 13, PIA discipline and general conduct, PIA employee policy, Misconduct and Penalties, Misuse of any benefit facility/or concession given by the Company, whether by the employee or by any member of his / her family (e.g. medical passage), What is the maximum punishment for misuse of any benefit facility/or concession given by the Company, whether by the employee or by any member of his / her family (e.g. medical passage),?, misconduct list, minor misconduct, major misconduct, gross misconduct, minimum punishment, maximum punishment, disciplinary penalty, Misuse, any, benefit, facility/or, concession, given, whether, member, family, medical, passage, maximum, punishment, Removal, benefit/facility/concession, period, five, years, Misuse any, any benefit, benefit facility/or, facility/or concession, concession given, given whether, whether any, any member, member family, family medical, medical passage, passage maximum, punishment misuse, passage Removal, Removal benefit/facility/concession, benefit/facility/concession period, period five, five years, Misuse any benefit, any benefit facility/or, benefit facility/or concession, facility/or concession given, concession given whether, given whether any, whether any member, any member family, member family medical, family medical passage, medical passage maximum, passage maximum punishment, maximum punishment misuse, punishment misuse any, medical passage Removal, passage Removal benefit/facility/concession, Removal benefit/facility/concession period, benefit/facility/concession period five, period five years",48,Appendix H
Misconduct and Penalties,How is holding meetings within the establishment of the Company without permission in writing of the competent authority; classified?,It is classified as major administrative misconduct.,"PIA Chapter 13, PIA discipline and general conduct, PIA employee policy, Misconduct and Penalties, Holding meetings within the establishment of the Company without permission in writing of the competent authority, How is holding meetings within the establishment of the Company without permission in writing of the competent authority; classified?, misconduct list, minor misconduct, major misconduct, gross misconduct, minimum punishment, maximum punishment, disciplinary penalty, Holding, meetings, within, establishment, without, permission, writing, competent, authority, classified, major, administrative, misconduct, Holding meetings, meetings within, within establishment, establishment without, without permission, permission writing, writing competent, competent authority, authority holding, authority classified, classified classified, classified major, major administrative, administrative misconduct, Holding meetings within, meetings within establishment, within establishment without, establishment without permission, without permission writing, permission writing competent, writing competent authority, competent authority holding, authority holding meetings, competent authority classified, authority classified classified, classified classified major, classified major administrative, major administrative misconduct",48,Appendix H
Misconduct and Penalties,What is the minimum punishment for holding meetings within the establishment of the Company without permission in writing of the competent authority;?,Withholding of annual increment for a period of three (3) years,"PIA Chapter 13, PIA discipline and general conduct, PIA employee policy, Misconduct and Penalties, Holding meetings within the establishment of the Company without permission in writing of the competent authority, What is the minimum punishment for holding meetings within the establishment of the Company without permission in writing of the competent authority;?, misconduct list, minor misconduct, major misconduct, gross misconduct, minimum punishment, maximum punishment, disciplinary penalty, Holding, meetings, within, establishment, without, permission, writing, competent, authority, minimum, punishment, Withholding, annual, increment, period, three, years, Holding meetings, meetings within, within establishment, establishment without, without permission, permission writing, writing competent, competent authority, authority minimum, punishment holding, authority Withholding, Withholding annual, annual increment, increment period, period three, three years, Holding meetings within, meetings within establishment, within establishment without, establishment without permission, without permission writing, permission writing competent, writing competent authority, competent authority minimum, authority minimum punishment, minimum punishment holding, punishment holding meetings, competent authority Withholding, authority Withholding annual, Withholding annual increment, annual increment period, increment period three, period three years",48,Appendix H
Misconduct and Penalties,What is the maximum punishment for holding meetings within the establishment of the Company without permission in writing of the competent authority;?,Demotion/Reduction to a lower pay group and cadre for a period not exceeding 03 years,"PIA Chapter 13, PIA discipline and general conduct, PIA employee policy, Misconduct and Penalties, Holding meetings within the establishment of the Company without permission in writing of the competent authority, What is the maximum punishment for holding meetings within the establishment of the Company without permission in writing of the competent authority;?, misconduct list, minor misconduct, major misconduct, gross misconduct, minimum punishment, maximum punishment, disciplinary penalty, Holding, meetings, within, establishment, without, permission, writing, competent, authority, maximum, punishment, Demotion/Reduction, lower, pay, group, cadre, period, not, exceeding, years, Holding meetings, meetings within, within establishment, establishment without, without permission, permission writing, writing competent, competent authority, authority maximum, punishment holding, authority Demotion/Reduction, Demotion/Reduction lower, lower pay, pay group, group cadre, cadre period, period not, not exceeding, exceeding years, Holding meetings within, meetings within establishment, within establishment without, establishment without permission, without permission writing, permission writing competent, writing competent authority, competent authority maximum, authority maximum punishment, maximum punishment holding, punishment holding meetings, competent authority Demotion/Reduction, authority Demotion/Reduction lower, Demotion/Reduction lower pay, lower pay group, pay group cadre, group cadre period, cadre period not, period not exceeding, not exceeding years",48,Appendix H
Misconduct and Penalties,How is poor performance and failure to achieve agreed KPIs classified?,It is classified as major administrative misconduct.,"PIA Chapter 13, PIA discipline and general conduct, PIA employee policy, Misconduct and Penalties, Poor performance and failure to achieve agreed KPIs, How is poor performance and failure to achieve agreed KPIs classified?, misconduct list, minor misconduct, major misconduct, gross misconduct, minimum punishment, maximum punishment, disciplinary penalty, Poor, performance, failure, achieve, agreed, KPIs, classified, major, administrative, misconduct, Poor performance, performance failure, failure achieve, achieve agreed, agreed KPIs, KPIs poor, KPIs classified, classified classified, classified major, major administrative, administrative misconduct, Poor performance failure, performance failure achieve, failure achieve agreed, achieve agreed KPIs, agreed KPIs poor, KPIs poor performance, agreed KPIs classified, KPIs classified classified, classified classified major, classified major administrative, major administrative misconduct",49,Appendix H
Misconduct and Penalties,What is the minimum punishment for poor performance and failure to achieve agreed KPIs?,Withholding of annual increment for a period of three (3) years,"PIA Chapter 13, PIA discipline and general conduct, PIA employee policy, Misconduct and Penalties, Poor performance and failure to achieve agreed KPIs, What is the minimum punishment for poor performance and failure to achieve agreed KPIs?, misconduct list, minor misconduct, major misconduct, gross misconduct, minimum punishment, maximum punishment, disciplinary penalty, Poor, performance, failure, achieve, agreed, KPIs, minimum, punishment, Withholding, annual, increment, period, three, years, Poor performance, performance failure, failure achieve, achieve agreed, agreed KPIs, KPIs minimum, punishment poor, KPIs Withholding, Withholding annual, annual increment, increment period, period three, three years, Poor performance failure, performance failure achieve, failure achieve agreed, achieve agreed KPIs, agreed KPIs minimum, KPIs minimum punishment, minimum punishment poor, punishment poor performance, agreed KPIs Withholding, KPIs Withholding annual, Withholding annual increment, annual increment period, increment period three, period three years",49,Appendix H
Misconduct and Penalties,What is the maximum punishment for poor performance and failure to achieve agreed KPIs?,Demotion/Reduction to a lower pay group and cadre for a period not exceeding 03 years,"PIA Chapter 13, PIA discipline and general conduct, PIA employee policy, Misconduct and Penalties, Poor performance and failure to achieve agreed KPIs, What is the maximum punishment for poor performance and failure to achieve agreed KPIs?, misconduct list, minor misconduct, major misconduct, gross misconduct, minimum punishment, maximum punishment, disciplinary penalty, Poor, performance, failure, achieve, agreed, KPIs, maximum, punishment, Demotion/Reduction, lower, pay, group, cadre, period, not, exceeding, years, Poor performance, performance failure, failure achieve, achieve agreed, agreed KPIs, KPIs maximum, punishment poor, KPIs Demotion/Reduction, Demotion/Reduction lower, lower pay, pay group, group cadre, cadre period, period not, not exceeding, exceeding years, Poor performance failure, performance failure achieve, failure achieve agreed, achieve agreed KPIs, agreed KPIs maximum, KPIs maximum punishment, maximum punishment poor, punishment poor performance, agreed KPIs Demotion/Reduction, KPIs Demotion/Reduction lower, Demotion/Reduction lower pay, lower pay group, pay group cadre, group cadre period, cadre period not, period not exceeding, not exceeding years",49,Appendix H
Misconduct and Penalties,How is unauthorized / illegal sharing of the official email / login and any other functionality-based password classified?,It is classified as major administrative misconduct.,"PIA Chapter 13, PIA discipline and general conduct, PIA employee policy, Misconduct and Penalties, Unauthorized / illegal sharing of the official email / login and any other functionality-based password, How is unauthorized / illegal sharing of the official email / login and any other functionality-based password classified?, misconduct list, minor misconduct, major misconduct, gross misconduct, minimum punishment, maximum punishment, disciplinary penalty, Unauthorized, illegal, sharing, official, email, login, any, other, functionality-based, password, classified, major, administrative, misconduct, Unauthorized illegal, illegal sharing, sharing official, official email, email login, login any, any other, other functionality-based, functionality-based password, password unauthorized, password classified, classified classified, classified major, major administrative, administrative misconduct, Unauthorized illegal sharing, illegal sharing official, sharing official email, official email login, email login any, login any other, any other functionality-based, other functionality-based password, functionality-based password unauthorized, password unauthorized illegal, functionality-based password classified, password classified classified, classified classified major, classified major administrative, major administrative misconduct",49,Appendix H
Misconduct and Penalties,What is the minimum punishment for unauthorized / illegal sharing of the official email / login and any other functionality-based password?,Withholding of annual increment for a period of three (3) years,"PIA Chapter 13, PIA discipline and general conduct, PIA employee policy, Misconduct and Penalties, Unauthorized / illegal sharing of the official email / login and any other functionality-based password, What is the minimum punishment for unauthorized / illegal sharing of the official email / login and any other functionality-based password?, misconduct list, minor misconduct, major misconduct, gross misconduct, minimum punishment, maximum punishment, disciplinary penalty, Unauthorized, illegal, sharing, official, email, login, any, other, functionality-based, password, minimum, punishment, Withholding, annual, increment, period, three, years, Unauthorized illegal, illegal sharing, sharing official, official email, email login, login any, any other, other functionality-based, functionality-based password, password minimum, punishment unauthorized, password Withholding, Withholding annual, annual increment, increment period, period three, three years, Unauthorized illegal sharing, illegal sharing official, sharing official email, official email login, email login any, login any other, any other functionality-based, other functionality-based password, functionality-based password minimum, password minimum punishment, minimum punishment unauthorized, punishment unauthorized illegal, functionality-based password Withholding, password Withholding annual, Withholding annual increment, annual increment period, increment period three, period three years",49,Appendix H
Misconduct and Penalties,What is the maximum punishment for unauthorized / illegal sharing of the official email / login and any other functionality-based password?,Demotion/Reduction to a lower pay group and cadre for a period not exceeding 03 years,"PIA Chapter 13, PIA discipline and general conduct, PIA employee policy, Misconduct and Penalties, Unauthorized / illegal sharing of the official email / login and any other functionality-based password, What is the maximum punishment for unauthorized / illegal sharing of the official email / login and any other functionality-based password?, misconduct list, minor misconduct, major misconduct, gross misconduct, minimum punishment, maximum punishment, disciplinary penalty, Unauthorized, illegal, sharing, official, email, login, any, other, functionality-based, password, maximum, punishment, Demotion/Reduction, lower, pay, group, cadre, period, not, exceeding, years, Unauthorized illegal, illegal sharing, sharing official, official email, email login, login any, any other, other functionality-based, functionality-based password, password maximum, punishment unauthorized, password Demotion/Reduction, Demotion/Reduction lower, lower pay, pay group, group cadre, cadre period, period not, not exceeding, exceeding years, Unauthorized illegal sharing, illegal sharing official, sharing official email, official email login, email login any, login any other, any other functionality-based, other functionality-based password, functionality-based password maximum, password maximum punishment, maximum punishment unauthorized, punishment unauthorized illegal, functionality-based password Demotion/Reduction, password Demotion/Reduction lower, Demotion/Reduction lower pay, lower pay group, pay group cadre, group cadre period, cadre period not, period not exceeding, not exceeding years",49,Appendix H
Misconduct and Penalties,How is unauthorised absence from duty for seven (7) consecutive days or ten (10) non-consecutive days in a rolling year classified?,It is classified as gross administrative misconduct.,"PIA Chapter 13, PIA discipline and general conduct, PIA employee policy, Misconduct and Penalties, Unauthorised absence from duty for seven (7) consecutive days or ten (10) non-consecutive days in a rolling year, How is unauthorised absence from duty for seven (7) consecutive days or ten (10) non-consecutive days in a rolling year classified?, misconduct list, minor misconduct, major misconduct, gross misconduct, minimum punishment, maximum punishment, disciplinary penalty, Unauthorised, absence, duty, seven, consecutive, days, ten, non-consecutive, rolling, year, classified, gross, administrative, misconduct, Unauthorised absence, absence duty, duty seven, seven consecutive, consecutive days, days ten, ten non-consecutive, non-consecutive days, days rolling, rolling year, year unauthorised, year classified, classified classified, classified gross, gross administrative, administrative misconduct, Unauthorised absence duty, absence duty seven, duty seven consecutive, seven consecutive days, consecutive days ten, days ten non-consecutive, ten non-consecutive days, non-consecutive days rolling, days rolling year, rolling year unauthorised, year unauthorised absence, rolling year classified, year classified classified, classified classified gross, classified gross administrative, gross administrative misconduct",49,Appendix H
Misconduct and Penalties,What is the minimum punishment for unauthorised absence from duty for seven (7) consecutive days or ten (10) non-consecutive days in a rolling year?,Demotion/Reduction to a lower pay group and cadre for a period not exceeding 03 years,"PIA Chapter 13, PIA discipline and general conduct, PIA employee policy, Misconduct and Penalties, Unauthorised absence from duty for seven (7) consecutive days or ten (10) non-consecutive days in a rolling year, What is the minimum punishment for unauthorised absence from duty for seven (7) consecutive days or ten (10) non-consecutive days in a rolling year?, misconduct list, minor misconduct, major misconduct, gross misconduct, minimum punishment, maximum punishment, disciplinary penalty, Unauthorised, absence, duty, seven, consecutive, days, ten, non-consecutive, rolling, year, minimum, punishment, Demotion/Reduction, lower, pay, group, cadre, period, not, exceeding, years, Unauthorised absence, absence duty, duty seven, seven consecutive, consecutive days, days ten, ten non-consecutive, non-consecutive days, days rolling, rolling year, year minimum, punishment unauthorised, year Demotion/Reduction, Demotion/Reduction lower, lower pay, pay group, group cadre, cadre period, period not, not exceeding, exceeding years, Unauthorised absence duty, absence duty seven, duty seven consecutive, seven consecutive days, consecutive days ten, days ten non-consecutive, ten non-consecutive days, non-consecutive days rolling, days rolling year, rolling year minimum, year minimum punishment, minimum punishment unauthorised, punishment unauthorised absence, rolling year Demotion/Reduction, year Demotion/Reduction lower, Demotion/Reduction lower pay, lower pay group, pay group cadre, group cadre period, cadre period not",49,Appendix H
Misconduct and Penalties,What is the maximum punishment for unauthorised absence from duty for seven (7) consecutive days or ten (10) non-consecutive days in a rolling year?,Compulsory retirement/Dismissal from service,"PIA Chapter 13, PIA discipline and general conduct, PIA employee policy, Misconduct and Penalties, Unauthorised absence from duty for seven (7) consecutive days or ten (10) non-consecutive days in a rolling year, What is the maximum punishment for unauthorised absence from duty for seven (7) consecutive days or ten (10) non-consecutive days in a rolling year?, misconduct list, minor misconduct, major misconduct, gross misconduct, minimum punishment, maximum punishment, disciplinary penalty, Unauthorised, absence, duty, seven, consecutive, days, ten, non-consecutive, rolling, year, maximum, punishment, Compulsory, retirement/Dismissal, service, Unauthorised absence, absence duty, duty seven, seven consecutive, consecutive days, days ten, ten non-consecutive, non-consecutive days, days rolling, rolling year, year maximum, punishment unauthorised, year Compulsory, Compulsory retirement/Dismissal, retirement/Dismissal service, Unauthorised absence duty, absence duty seven, duty seven consecutive, seven consecutive days, consecutive days ten, days ten non-consecutive, ten non-consecutive days, non-consecutive days rolling, days rolling year, rolling year maximum, year maximum punishment, maximum punishment unauthorised, punishment unauthorised absence, rolling year Compulsory, year Compulsory retirement/Dismissal, Compulsory retirement/Dismissal service",49,Appendix H
Misconduct and Penalties,"How is wilful insubordination or disobedience, whether alone or in combination with others, to any lawful and reasonable order of a superior employee classified?",It is classified as gross administrative misconduct.,"PIA Chapter 13, PIA discipline and general conduct, PIA employee policy, Misconduct and Penalties, Wilful insubordination or disobedience, whether alone or in combination with others, to any lawful and reasonable order of a superior employee, How is wilful insubordination or disobedience, whether alone or in combination with others, to any lawful and reasonable order of a superior employee classified?, misconduct list, minor misconduct, major misconduct, gross misconduct, minimum punishment, maximum punishment, disciplinary penalty, Wilful, insubordination, disobedience, whether, alone, combination, others, any, lawful, reasonable, order, superior, classified, gross, administrative, misconduct, Wilful insubordination, insubordination disobedience, disobedience whether, whether alone, alone combination, combination others, others any, any lawful, lawful reasonable, reasonable order, order superior, superior wilful, superior classified, classified classified, classified gross, gross administrative, administrative misconduct, Wilful insubordination disobedience, insubordination disobedience whether, disobedience whether alone, whether alone combination, alone combination others, combination others any, others any lawful, any lawful reasonable, lawful reasonable order, reasonable order superior, order superior wilful, superior wilful insubordination, order superior classified, superior classified classified, classified classified gross, classified gross administrative, gross administrative misconduct",49,Appendix H
Misconduct and Penalties,"What is the minimum punishment for wilful insubordination or disobedience, whether alone or in combination with others, to any lawful and reasonable order of a superior employee?",Demotion/Reduction to a lower pay group and cadre for a period not exceeding 03 years,"PIA Chapter 13, PIA discipline and general conduct, PIA employee policy, Misconduct and Penalties, Wilful insubordination or disobedience, whether alone or in combination with others, to any lawful and reasonable order of a superior employee, What is the minimum punishment for wilful insubordination or disobedience, whether alone or in combination with others, to any lawful and reasonable order of a superior employee?, misconduct list, minor misconduct, major misconduct, gross misconduct, minimum punishment, maximum punishment, disciplinary penalty, Wilful, insubordination, disobedience, whether, alone, combination, others, any, lawful, reasonable, order, superior, minimum, punishment, Demotion/Reduction, lower, pay, group, cadre, period, not, exceeding, years, Wilful insubordination, insubordination disobedience, disobedience whether, whether alone, alone combination, combination others, others any, any lawful, lawful reasonable, reasonable order, order superior, superior minimum, punishment wilful, superior Demotion/Reduction, Demotion/Reduction lower, lower pay, pay group, group cadre, cadre period, period not, not exceeding, exceeding years, Wilful insubordination disobedience, insubordination disobedience whether, disobedience whether alone, whether alone combination, alone combination others, combination others any, others any lawful, any lawful reasonable, lawful reasonable order, reasonable order superior, order superior minimum, superior minimum punishment, minimum punishment wilful, punishment wilful insubordination, order superior Demotion/Reduction, superior Demotion/Reduction lower, Demotion/Reduction lower pay",49,Appendix H
Misconduct and Penalties,"What is the maximum punishment for wilful insubordination or disobedience, whether alone or in combination with others, to any lawful and reasonable order of a superior employee?",Compulsory retirement/Dismissal from service,"PIA Chapter 13, PIA discipline and general conduct, PIA employee policy, Misconduct and Penalties, Wilful insubordination or disobedience, whether alone or in combination with others, to any lawful and reasonable order of a superior employee, What is the maximum punishment for wilful insubordination or disobedience, whether alone or in combination with others, to any lawful and reasonable order of a superior employee?, misconduct list, minor misconduct, major misconduct, gross misconduct, minimum punishment, maximum punishment, disciplinary penalty, Wilful, insubordination, disobedience, whether, alone, combination, others, any, lawful, reasonable, order, superior, maximum, punishment, Compulsory, retirement/Dismissal, service, Wilful insubordination, insubordination disobedience, disobedience whether, whether alone, alone combination, combination others, others any, any lawful, lawful reasonable, reasonable order, order superior, superior maximum, punishment wilful, superior Compulsory, Compulsory retirement/Dismissal, retirement/Dismissal service, Wilful insubordination disobedience, insubordination disobedience whether, disobedience whether alone, whether alone combination, alone combination others, combination others any, others any lawful, any lawful reasonable, lawful reasonable order, reasonable order superior, order superior maximum, superior maximum punishment, maximum punishment wilful, punishment wilful insubordination, order superior Compulsory, superior Compulsory retirement/Dismissal, Compulsory retirement/Dismissal service",49,Appendix H
Misconduct and Penalties,"How is refusal or failure to abide by regulations, any order or direction or to perform any duty or to carry out any work at any establishment of the Company, whether inside or outside Pakistan; classified?",It is classified as gross administrative misconduct.,"PIA Chapter 13, PIA discipline and general conduct, PIA employee policy, Misconduct and Penalties, Refusal or failure to abide by regulations, any order or direction or to perform any duty or to carry out any work at any establishment of the Company, whether inside or outside Pakistan, How is refusal or failure to abide by regulations, any order or direction or to perform any duty or to carry out any work at any establishment of the Company, whether inside or outside Pakistan; classified?, misconduct list, minor misconduct, major misconduct, gross misconduct, minimum punishment, maximum punishment, disciplinary penalty, Refusal, failure, abide, regulations, any, order, direction, perform, duty, carry, out, work, establishment, whether, inside, outside, Pakistan, classified, gross, administrative, misconduct, Refusal failure, failure abide, abide regulations, regulations any, any order, order direction, direction perform, perform any, any duty, duty carry, carry out, out any, any work, work any, any establishment, establishment whether, whether inside, inside outside, outside Pakistan, Pakistan refusal, Pakistan classified, classified classified, classified gross, gross administrative, administrative misconduct, Refusal failure abide, failure abide regulations, abide regulations any, regulations any order, any order direction, order direction perform, direction perform any, perform any duty, any duty carry, duty carry out, carry out any, out any work, any work any, work any establishment, any establishment whether, establishment whether inside",49,Appendix H
Misconduct and Penalties,"What is the minimum punishment for refusal or failure to abide by regulations, any order or direction or to perform any duty or to carry out any work at any establishment of the?",Demotion/Reduction to a lower pay group and cadre for a period not exceeding 03 years,"PIA Chapter 13, PIA discipline and general conduct, PIA employee policy, Misconduct and Penalties, Refusal or failure to abide by regulations, any order or direction or to perform any duty or to carry out any work at any establishment of the Company, whether inside or outside Pakistan, What is the minimum punishment for refusal or failure to abide by regulations, any order or direction or to perform any duty or to carry out any work at any establishment of the?, misconduct list, minor misconduct, major misconduct, gross misconduct, minimum punishment, maximum punishment, disciplinary penalty, Refusal, failure, abide, regulations, any, order, direction, perform, duty, carry, out, work, establishment, whether, inside, outside, Pakistan, minimum, punishment, Demotion/Reduction, lower, pay, group, cadre, period, not, exceeding, years, Refusal failure, failure abide, abide regulations, regulations any, any order, order direction, direction perform, perform any, any duty, duty carry, carry out, out any, any work, work any, any establishment, establishment whether, whether inside, inside outside, outside Pakistan, Pakistan minimum, punishment refusal, establishment Demotion/Reduction, Demotion/Reduction lower, lower pay, pay group, group cadre, cadre period, period not, not exceeding, exceeding years, Refusal failure abide, failure abide regulations, abide regulations any, regulations any order",49,Appendix H
Misconduct and Penalties,"What is the maximum punishment for refusal or failure to abide by regulations, any order or direction or to perform any duty or to carry out any work at any establishment of the?",Compulsory retirement/Dismissal from service,"PIA Chapter 13, PIA discipline and general conduct, PIA employee policy, Misconduct and Penalties, Refusal or failure to abide by regulations, any order or direction or to perform any duty or to carry out any work at any establishment of the Company, whether inside or outside Pakistan, What is the maximum punishment for refusal or failure to abide by regulations, any order or direction or to perform any duty or to carry out any work at any establishment of the?, misconduct list, minor misconduct, major misconduct, gross misconduct, minimum punishment, maximum punishment, disciplinary penalty, Refusal, failure, abide, regulations, any, order, direction, perform, duty, carry, out, work, establishment, whether, inside, outside, Pakistan, maximum, punishment, Compulsory, retirement/Dismissal, service, Refusal failure, failure abide, abide regulations, regulations any, any order, order direction, direction perform, perform any, any duty, duty carry, carry out, out any, any work, work any, any establishment, establishment whether, whether inside, inside outside, outside Pakistan, Pakistan maximum, punishment refusal, establishment Compulsory, Compulsory retirement/Dismissal, retirement/Dismissal service, Refusal failure abide, failure abide regulations, abide regulations any, regulations any order, any order direction, order direction perform, direction perform any, perform any duty, any duty carry, duty carry out, carry out any, out any work, any work any, work any establishment, any establishment whether, establishment whether inside",49,Appendix H
Misconduct and Penalties,"How is any other act of omission or commission which the competent authority may, from time to time, declare to be misconduct. classified?",It is classified as gross administrative misconduct.,"PIA Chapter 13, PIA discipline and general conduct, PIA employee policy, Misconduct and Penalties, Any other act of omission or commission which the competent authority may, from time to time, declare to be misconduct., How is any other act of omission or commission which the competent authority may, from time to time, declare to be misconduct. classified?, misconduct list, minor misconduct, major misconduct, gross misconduct, minimum punishment, maximum punishment, disciplinary penalty, Any, other, act, omission, commission, which, competent, authority, may, time, declare, misconduct, classified, gross, administrative, Any other, other act, act omission, omission commission, commission which, which competent, competent authority, authority may, may time, time time, time declare, declare misconduct, misconduct any, misconduct classified, classified classified, classified gross, gross administrative, administrative misconduct, Any other act, other act omission, act omission commission, omission commission which, commission which competent, which competent authority, competent authority may, authority may time, may time time, time time declare, time declare misconduct, declare misconduct any, misconduct any other, declare misconduct classified, misconduct classified classified, classified classified gross, classified gross administrative, gross administrative misconduct",49,Appendix H
Misconduct and Penalties,"What is the minimum punishment for any other act of omission or commission which the competent authority may, from time to time, declare to be misconduct.?",Withholding of annual increment for a period of three (3) years,"PIA Chapter 13, PIA discipline and general conduct, PIA employee policy, Misconduct and Penalties, Any other act of omission or commission which the competent authority may, from time to time, declare to be misconduct., What is the minimum punishment for any other act of omission or commission which the competent authority may, from time to time, declare to be misconduct.?, misconduct list, minor misconduct, major misconduct, gross misconduct, minimum punishment, maximum punishment, disciplinary penalty, Any, other, act, omission, commission, which, competent, authority, may, time, declare, misconduct, minimum, punishment, Withholding, annual, increment, period, three, years, Any other, other act, act omission, omission commission, commission which, which competent, competent authority, authority may, may time, time time, time declare, declare misconduct, misconduct minimum, punishment any, misconduct Withholding, Withholding annual, annual increment, increment period, period three, three years, Any other act, other act omission, act omission commission, omission commission which, commission which competent, which competent authority, competent authority may, authority may time, may time time, time time declare, time declare misconduct, declare misconduct minimum, misconduct minimum punishment, minimum punishment any, punishment any other, declare misconduct Withholding, misconduct Withholding annual, Withholding annual increment, annual increment period, increment period three, period three years",49,Appendix H
Misconduct and Penalties,"What is the maximum punishment for any other act of omission or commission which the competent authority may, from time to time, declare to be misconduct.?",Demotion/Reduction to a lower pay group and cadre for a period not exceeding 03 years,"PIA Chapter 13, PIA discipline and general conduct, PIA employee policy, Misconduct and Penalties, Any other act of omission or commission which the competent authority may, from time to time, declare to be misconduct., What is the maximum punishment for any other act of omission or commission which the competent authority may, from time to time, declare to be misconduct.?, misconduct list, minor misconduct, major misconduct, gross misconduct, minimum punishment, maximum punishment, disciplinary penalty, Any, other, act, omission, commission, which, competent, authority, may, time, declare, misconduct, maximum, punishment, Demotion/Reduction, lower, pay, group, cadre, period, not, exceeding, years, Any other, other act, act omission, omission commission, commission which, which competent, competent authority, authority may, may time, time time, time declare, declare misconduct, misconduct maximum, punishment any, misconduct Demotion/Reduction, Demotion/Reduction lower, lower pay, pay group, group cadre, cadre period, period not, not exceeding, exceeding years, Any other act, other act omission, act omission commission, omission commission which, commission which competent, which competent authority, competent authority may, authority may time, may time time, time time declare, time declare misconduct, declare misconduct maximum, misconduct maximum punishment, maximum punishment any, punishment any other, declare misconduct Demotion/Reduction",49,Appendix H
Misconduct and Penalties,How is first act of discrimination or sexual harassment or insult to the modesty of a female employee. classified?,It is classified as gross administrative misconduct.,"PIA Chapter 13, PIA discipline and general conduct, PIA employee policy, Misconduct and Penalties, First act of discrimination or sexual harassment or insult to the modesty of a female employee., How is first act of discrimination or sexual harassment or insult to the modesty of a female employee. classified?, misconduct list, minor misconduct, major misconduct, gross misconduct, minimum punishment, maximum punishment, disciplinary penalty, First, act, discrimination, sexual, harassment, insult, modesty, female, classified, gross, administrative, misconduct, First act, act discrimination, discrimination sexual, sexual harassment, harassment insult, insult modesty, modesty female, female first, female classified, classified classified, classified gross, gross administrative, administrative misconduct, First act discrimination, act discrimination sexual, discrimination sexual harassment, sexual harassment insult, harassment insult modesty, insult modesty female, modesty female first, female first act, modesty female classified, female classified classified, classified classified gross, classified gross administrative, gross administrative misconduct",49,Appendix H
Misconduct and Penalties,What is the minimum punishment for first act of discrimination or sexual harassment or insult to the modesty of a female employee.?,Demotion/Reduction to a lower pay group and cadre for a period not exceeding 03 years,"PIA Chapter 13, PIA discipline and general conduct, PIA employee policy, Misconduct and Penalties, First act of discrimination or sexual harassment or insult to the modesty of a female employee., What is the minimum punishment for first act of discrimination or sexual harassment or insult to the modesty of a female employee.?, misconduct list, minor misconduct, major misconduct, gross misconduct, minimum punishment, maximum punishment, disciplinary penalty, First, act, discrimination, sexual, harassment, insult, modesty, female, minimum, punishment, Demotion/Reduction, lower, pay, group, cadre, period, not, exceeding, years, First act, act discrimination, discrimination sexual, sexual harassment, harassment insult, insult modesty, modesty female, female minimum, punishment first, female Demotion/Reduction, Demotion/Reduction lower, lower pay, pay group, group cadre, cadre period, period not, not exceeding, exceeding years, First act discrimination, act discrimination sexual, discrimination sexual harassment, sexual harassment insult, harassment insult modesty, insult modesty female, modesty female minimum, female minimum punishment, minimum punishment first, punishment first act, modesty female Demotion/Reduction, female Demotion/Reduction lower, Demotion/Reduction lower pay, lower pay group, pay group cadre, group cadre period, cadre period not, period not exceeding, not exceeding years",49,Appendix H
Misconduct and Penalties,What is the maximum punishment for first act of discrimination or sexual harassment or insult to the modesty of a female employee.?,Compulsory retirement/Dismissal from service,"PIA Chapter 13, PIA discipline and general conduct, PIA employee policy, Misconduct and Penalties, First act of discrimination or sexual harassment or insult to the modesty of a female employee., What is the maximum punishment for first act of discrimination or sexual harassment or insult to the modesty of a female employee.?, misconduct list, minor misconduct, major misconduct, gross misconduct, minimum punishment, maximum punishment, disciplinary penalty, First, act, discrimination, sexual, harassment, insult, modesty, female, maximum, punishment, Compulsory, retirement/Dismissal, service, First act, act discrimination, discrimination sexual, sexual harassment, harassment insult, insult modesty, modesty female, female maximum, punishment first, female Compulsory, Compulsory retirement/Dismissal, retirement/Dismissal service, First act discrimination, act discrimination sexual, discrimination sexual harassment, sexual harassment insult, harassment insult modesty, insult modesty female, modesty female maximum, female maximum punishment, maximum punishment first, punishment first act, modesty female Compulsory, female Compulsory retirement/Dismissal, Compulsory retirement/Dismissal service",49,Appendix H
Misconduct and Penalties,"How is any other offense or unlawful activity which is not listed but having adverse impact on company's discipline, business values / ethics /property/ revenue/environment classified?",It is classified as - administrative misconduct.,"PIA Chapter 13, PIA discipline and general conduct, PIA employee policy, Misconduct and Penalties, Any other offense or unlawful activity which is not listed but having adverse impact on company's discipline, business values / ethics /property/ revenue/environment, How is any other offense or unlawful activity which is not listed but having adverse impact on company's discipline, business values / ethics /property/ revenue/environment classified?, misconduct list, minor misconduct, major misconduct, gross misconduct, minimum punishment, maximum punishment, disciplinary penalty, Any, other, offense, unlawful, activity, which, not, listed, but, having, adverse, impact, company's, discipline, business, values, ethics, property/, revenue/environment, classified, administrative, misconduct, Any other, other offense, offense unlawful, unlawful activity, activity which, which not, not listed, listed but, but having, having adverse, adverse impact, impact company's, company's discipline, discipline business, business values, values ethics, ethics property/, property/ revenue/environment, revenue/environment any, revenue/environment classified, classified classified, classified administrative, administrative misconduct, Any other offense, other offense unlawful, offense unlawful activity, unlawful activity which, activity which not, which not listed, not listed but, listed but having, but having adverse, having adverse impact, adverse impact company's, impact company's discipline, company's discipline business, discipline business values, business values ethics, values ethics property/, ethics property/ revenue/environment",50,Appendix H
Misconduct and Penalties,"What is the minimum punishment for any other offense or unlawful activity which is not listed but having adverse impact on company's discipline, business values / ethics /property/ revenue/environment?",Commensurate to the nature of offense/misconduct,"PIA Chapter 13, PIA discipline and general conduct, PIA employee policy, Misconduct and Penalties, Any other offense or unlawful activity which is not listed but having adverse impact on company's discipline, business values / ethics /property/ revenue/environment, What is the minimum punishment for any other offense or unlawful activity which is not listed but having adverse impact on company's discipline, business values / ethics /property/ revenue/environment?, misconduct list, minor misconduct, major misconduct, gross misconduct, minimum punishment, maximum punishment, disciplinary penalty, Any, other, offense, unlawful, activity, which, not, listed, but, having, adverse, impact, company's, discipline, business, values, ethics, property/, revenue/environment, minimum, punishment, Commensurate, nature, offense/misconduct, Any other, other offense, offense unlawful, unlawful activity, activity which, which not, not listed, listed but, but having, having adverse, adverse impact, impact company's, company's discipline, discipline business, business values, values ethics, ethics property/, property/ revenue/environment, revenue/environment minimum, punishment any, revenue/environment Commensurate, Commensurate nature, nature offense/misconduct, Any other offense, other offense unlawful, offense unlawful activity, unlawful activity which, activity which not, which not listed, not listed but, listed but having, but having adverse, having adverse impact, adverse impact company's, impact company's discipline, company's discipline business, discipline business values, business values ethics",50,Appendix H
Misconduct and Penalties,"What is the maximum punishment for any other offense or unlawful activity which is not listed but having adverse impact on company's discipline, business values / ethics /property/ revenue/environment?",Commensurate to the nature of offense/misconduct,"PIA Chapter 13, PIA discipline and general conduct, PIA employee policy, Misconduct and Penalties, Any other offense or unlawful activity which is not listed but having adverse impact on company's discipline, business values / ethics /property/ revenue/environment, What is the maximum punishment for any other offense or unlawful activity which is not listed but having adverse impact on company's discipline, business values / ethics /property/ revenue/environment?, misconduct list, minor misconduct, major misconduct, gross misconduct, minimum punishment, maximum punishment, disciplinary penalty, Any, other, offense, unlawful, activity, which, not, listed, but, having, adverse, impact, company's, discipline, business, values, ethics, property/, revenue/environment, maximum, punishment, Commensurate, nature, offense/misconduct, Any other, other offense, offense unlawful, unlawful activity, activity which, which not, not listed, listed but, but having, having adverse, adverse impact, impact company's, company's discipline, discipline business, business values, values ethics, ethics property/, property/ revenue/environment, revenue/environment maximum, punishment any, revenue/environment Commensurate, Commensurate nature, nature offense/misconduct, Any other offense, other offense unlawful, offense unlawful activity, unlawful activity which, activity which not, which not listed, not listed but, listed but having, but having adverse, having adverse impact, adverse impact company's, impact company's discipline, company's discipline business, discipline business values, business values ethics",50,Appendix H
Misconduct and Penalties,"How is unauthorized disclosure of any information or unauthorized handing over documents, copies, thereof relating to the affairs and operations of the classified?",It is classified as major criminal misconduct.,"PIA Chapter 13, PIA discipline and general conduct, PIA employee policy, Misconduct and Penalties, Unauthorized disclosure of any information or unauthorized handing over documents, copies, thereof relating to the affairs and operations of the Company, its subsidiaries or associated companies to Electronic, Print & Social Media (WhatsApp, Face Book, Twitter etc.) or to any other outside person, agency / organization, How is unauthorized disclosure of any information or unauthorized handing over documents, copies, thereof relating to the affairs and operations of the classified?, misconduct list, minor misconduct, major misconduct, gross misconduct, minimum punishment, maximum punishment, disciplinary penalty, Unauthorized, disclosure, any, information, handing, over, documents, copies, thereof, relating, affairs, operations, subsidiaries, associated, companies, Electronic, Print, Social, Media, WhatsApp, Face, Book, Twitter, etc, other, outside, person, agency, organization, classified, major, criminal, misconduct, Unauthorized disclosure, disclosure any, any information, information unauthorized, unauthorized handing, handing over, over documents, documents copies, copies thereof, thereof relating, relating affairs, affairs operations, operations subsidiaries, subsidiaries associated, associated companies, companies Electronic, Electronic Print, Print Social, Social Media, Media WhatsApp, WhatsApp Face, Face Book, Book Twitter, Twitter etc, etc any, any other, other outside, outside person, person agency",50,Appendix H
Misconduct and Penalties,"What is the minimum punishment for unauthorized disclosure of any information or unauthorized handing over documents, copies, thereof relating to the affairs and operations of the?",Withholding of annual increment for a period of three (3) years OR recovery of the whole or any part of pecuniary loss caused to the Company,"PIA Chapter 13, PIA discipline and general conduct, PIA employee policy, Misconduct and Penalties, Unauthorized disclosure of any information or unauthorized handing over documents, copies, thereof relating to the affairs and operations of the Company, its subsidiaries or associated companies to Electronic, Print & Social Media (WhatsApp, Face Book, Twitter etc.) or to any other outside person, agency / organization, What is the minimum punishment for unauthorized disclosure of any information or unauthorized handing over documents, copies, thereof relating to the affairs and operations of the?, misconduct list, minor misconduct, major misconduct, gross misconduct, minimum punishment, maximum punishment, disciplinary penalty, Unauthorized, disclosure, any, information, handing, over, documents, copies, thereof, relating, affairs, operations, subsidiaries, associated, companies, Electronic, Print, Social, Media, WhatsApp, Face, Book, Twitter, etc, other, outside, person, agency, organization, minimum, punishment, Withholding, annual, increment, period, three, years, recovery, whole, part, pecuniary, loss, caused, Unauthorized disclosure, disclosure any, any information, information unauthorized, unauthorized handing, handing over, over documents, documents copies, copies thereof, thereof relating, relating affairs, affairs operations, operations subsidiaries, subsidiaries associated, associated companies, companies Electronic, Electronic Print, Print Social, Social Media",50,Appendix H
Misconduct and Penalties,"What is the maximum punishment for unauthorized disclosure of any information or unauthorized handing over documents, copies, thereof relating to the affairs and operations of the?",Compulsory retirement/Dismissal from service,"PIA Chapter 13, PIA discipline and general conduct, PIA employee policy, Misconduct and Penalties, Unauthorized disclosure of any information or unauthorized handing over documents, copies, thereof relating to the affairs and operations of the Company, its subsidiaries or associated companies to Electronic, Print & Social Media (WhatsApp, Face Book, Twitter etc.) or to any other outside person, agency / organization, What is the maximum punishment for unauthorized disclosure of any information or unauthorized handing over documents, copies, thereof relating to the affairs and operations of the?, misconduct list, minor misconduct, major misconduct, gross misconduct, minimum punishment, maximum punishment, disciplinary penalty, Unauthorized, disclosure, any, information, handing, over, documents, copies, thereof, relating, affairs, operations, subsidiaries, associated, companies, Electronic, Print, Social, Media, WhatsApp, Face, Book, Twitter, etc, other, outside, person, agency, organization, maximum, punishment, Compulsory, retirement/Dismissal, service, Unauthorized disclosure, disclosure any, any information, information unauthorized, unauthorized handing, handing over, over documents, documents copies, copies thereof, thereof relating, relating affairs, affairs operations, operations subsidiaries, subsidiaries associated, associated companies, companies Electronic, Electronic Print, Print Social, Social Media, Media WhatsApp, WhatsApp Face, Face Book, Book Twitter, Twitter etc, etc any, any other, other outside, outside person",50,Appendix H
Misconduct and Penalties,"How is acceptance of any gifts, gratifications, gratuities, rewards, loans or financial benefit received from an employee of the company or employee of classified?",It is classified as major criminal misconduct.,"PIA Chapter 13, PIA discipline and general conduct, PIA employee policy, Misconduct and Penalties, Acceptance of any gifts, gratifications, gratuities, rewards, loans or financial benefit received from an employee of the company or employee of a subsidiary or associate company or from any person who has or likely to have dealings with the Company including job applicants. This includes acceptance of gifts, gratifications, gratuities, rewards, loans or financial benefit received directly or indirectly on behalf of the employee by his / her family or on behalf of any person dependent on him / her for maintenance and under his / her care or control, How is acceptance of any gifts, gratifications, gratuities, rewards, loans or financial benefit received from an employee of the company or employee of classified?, misconduct list, minor misconduct, major misconduct, gross misconduct, minimum punishment, maximum punishment, disciplinary penalty, Acceptance, any, gifts, gratifications, gratuities, rewards, loans, financial, benefit, received, subsidiary, associate, person, who, has, likely, have, dealings, including, job, applicants, includes, directly, indirectly, behalf, family, dependent, him, maintenance, care, control, classified, major, criminal, misconduct, Acceptance any, any gifts, gifts gratifications, gratifications gratuities, gratuities rewards, rewards loans, loans financial, financial benefit, benefit received, received subsidiary, subsidiary associate, associate any, any person, person who, who has, has likely, likely have, have dealings, dealings including, including job, job applicants, applicants includes, includes acceptance, acceptance gifts, received directly, directly indirectly, indirectly behalf",50,Appendix H
Misconduct and Penalties,"What is the minimum punishment for acceptance of any gifts, gratifications, gratuities, rewards, loans or financial benefit received from an employee of the company or employee of?",Withholding of annual increment for a period of three (3) years,"PIA Chapter 13, PIA discipline and general conduct, PIA employee policy, Misconduct and Penalties, Acceptance of any gifts, gratifications, gratuities, rewards, loans or financial benefit received from an employee of the company or employee of a subsidiary or associate company or from any person who has or likely to have dealings with the Company including job applicants. This includes acceptance of gifts, gratifications, gratuities, rewards, loans or financial benefit received directly or indirectly on behalf of the employee by his / her family or on behalf of any person dependent on him / her for maintenance and under his / her care or control, What is the minimum punishment for acceptance of any gifts, gratifications, gratuities, rewards, loans or financial benefit received from an employee of the company or employee of?, misconduct list, minor misconduct, major misconduct, gross misconduct, minimum punishment, maximum punishment, disciplinary penalty, Acceptance, any, gifts, gratifications, gratuities, rewards, loans, financial, benefit, received, subsidiary, associate, person, who, has, likely, have, dealings, including, job, applicants, includes, directly, indirectly, behalf, family, dependent, him, maintenance, care, control, minimum, punishment, Withholding, annual, increment, period, three, years, Acceptance any, any gifts, gifts gratifications, gratifications gratuities, gratuities rewards, rewards loans, loans financial, financial benefit, benefit received, received subsidiary, subsidiary associate, associate any, any person, person who, who has, has likely, likely have, have dealings, dealings including, including job, job applicants, applicants includes, includes acceptance",50,Appendix H
Misconduct and Penalties,"What is the maximum punishment for acceptance of any gifts, gratifications, gratuities, rewards, loans or financial benefit received from an employee of the company or employee of?",Demotion/Reduction to a lower pay group and cadre for a period not exceeding 03 years,"PIA Chapter 13, PIA discipline and general conduct, PIA employee policy, Misconduct and Penalties, Acceptance of any gifts, gratifications, gratuities, rewards, loans or financial benefit received from an employee of the company or employee of a subsidiary or associate company or from any person who has or likely to have dealings with the Company including job applicants. This includes acceptance of gifts, gratifications, gratuities, rewards, loans or financial benefit received directly or indirectly on behalf of the employee by his / her family or on behalf of any person dependent on him / her for maintenance and under his / her care or control, What is the maximum punishment for acceptance of any gifts, gratifications, gratuities, rewards, loans or financial benefit received from an employee of the company or employee of?, misconduct list, minor misconduct, major misconduct, gross misconduct, minimum punishment, maximum punishment, disciplinary penalty, Acceptance, any, gifts, gratifications, gratuities, rewards, loans, financial, benefit, received, subsidiary, associate, person, who, has, likely, have, dealings, including, job, applicants, includes, directly, indirectly, behalf, family, dependent, him, maintenance, care, control, maximum, punishment, Demotion/Reduction, lower, pay, group, cadre, period, not, exceeding, years, Acceptance any, any gifts, gifts gratifications, gratifications gratuities, gratuities rewards, rewards loans, loans financial, financial benefit, benefit received, received subsidiary, subsidiary associate, associate any, any person, person who, who has, has likely, likely have, have dealings, dealings including, including job",50,Appendix H
Misconduct and Penalties,How is threatening or intimidating any employee within any establishment of the Company classified?,It is classified as major criminal misconduct.,"PIA Chapter 13, PIA discipline and general conduct, PIA employee policy, Misconduct and Penalties, Threatening or intimidating any employee within any establishment of the Company, How is threatening or intimidating any employee within any establishment of the Company classified?, misconduct list, minor misconduct, major misconduct, gross misconduct, minimum punishment, maximum punishment, disciplinary penalty, Threatening, intimidating, any, within, establishment, classified, major, criminal, misconduct, Threatening intimidating, intimidating any, any within, within any, any establishment, establishment threatening, establishment classified, classified classified, classified major, major criminal, criminal misconduct, Threatening intimidating any, intimidating any within, any within any, within any establishment, any establishment threatening, establishment threatening intimidating, any establishment classified, establishment classified classified, classified classified major, classified major criminal, major criminal misconduct",50,Appendix H
Misconduct and Penalties,What is the minimum punishment for threatening or intimidating any employee within any establishment of the Company?,Demotion/Reduction to a lower pay group and cadre for a period not exceeding 03 years,"PIA Chapter 13, PIA discipline and general conduct, PIA employee policy, Misconduct and Penalties, Threatening or intimidating any employee within any establishment of the Company, What is the minimum punishment for threatening or intimidating any employee within any establishment of the Company?, misconduct list, minor misconduct, major misconduct, gross misconduct, minimum punishment, maximum punishment, disciplinary penalty, Threatening, intimidating, any, within, establishment, minimum, punishment, Demotion/Reduction, lower, pay, group, cadre, period, not, exceeding, years, Threatening intimidating, intimidating any, any within, within any, any establishment, establishment minimum, punishment threatening, establishment Demotion/Reduction, Demotion/Reduction lower, lower pay, pay group, group cadre, cadre period, period not, not exceeding, exceeding years, Threatening intimidating any, intimidating any within, any within any, within any establishment, any establishment minimum, establishment minimum punishment, minimum punishment threatening, punishment threatening intimidating, any establishment Demotion/Reduction, establishment Demotion/Reduction lower, Demotion/Reduction lower pay, lower pay group, pay group cadre, group cadre period, cadre period not, period not exceeding, not exceeding years",50,Appendix H
Misconduct and Penalties,What is the maximum punishment for threatening or intimidating any employee within any establishment of the Company?,Compulsory retirement/Dismissal from service,"PIA Chapter 13, PIA discipline and general conduct, PIA employee policy, Misconduct and Penalties, Threatening or intimidating any employee within any establishment of the Company, What is the maximum punishment for threatening or intimidating any employee within any establishment of the Company?, misconduct list, minor misconduct, major misconduct, gross misconduct, minimum punishment, maximum punishment, disciplinary penalty, Threatening, intimidating, any, within, establishment, maximum, punishment, Compulsory, retirement/Dismissal, service, Threatening intimidating, intimidating any, any within, within any, any establishment, establishment maximum, punishment threatening, establishment Compulsory, Compulsory retirement/Dismissal, retirement/Dismissal service, Threatening intimidating any, intimidating any within, any within any, within any establishment, any establishment maximum, establishment maximum punishment, maximum punishment threatening, punishment threatening intimidating, any establishment Compulsory, establishment Compulsory retirement/Dismissal, Compulsory retirement/Dismissal service",50,Appendix H
Misconduct and Penalties,How is transferring official information into personal databases or carry hard copies of official information (otherwise than for official purposes) classified?,It is classified as major criminal misconduct.,"PIA Chapter 13, PIA discipline and general conduct, PIA employee policy, Misconduct and Penalties, Transferring official information into personal databases or carry hard copies of official information (otherwise than for official purposes) outside the office, without prior permission from your superior, or sharing the official email password to any irrelevant person., How is transferring official information into personal databases or carry hard copies of official information (otherwise than for official purposes) classified?, misconduct list, minor misconduct, major misconduct, gross misconduct, minimum punishment, maximum punishment, disciplinary penalty, Transferring, official, information, into, personal, databases, carry, hard, copies, otherwise, than, purposes, outside, office, without, prior, permission, your, superior, sharing, email, password, any, irrelevant, person, classified, major, criminal, misconduct, Transferring official, official information, information into, into personal, personal databases, databases carry, carry hard, hard copies, copies official, information otherwise, otherwise than, than official, official purposes, purposes outside, outside office, office without, without prior, prior permission, permission your, your superior, superior sharing, sharing official, official email, email password, password any, any irrelevant, irrelevant person, person transferring, purposes classified, classified classified, classified major, major criminal, criminal misconduct",51,Appendix H
Misconduct and Penalties,What is the minimum punishment for transferring official information into personal databases or carry hard copies of official information (otherwise than for official purposes)?,Withholding of annual increment for a period of three (3) years,"PIA Chapter 13, PIA discipline and general conduct, PIA employee policy, Misconduct and Penalties, Transferring official information into personal databases or carry hard copies of official information (otherwise than for official purposes) outside the office, without prior permission from your superior, or sharing the official email password to any irrelevant person., What is the minimum punishment for transferring official information into personal databases or carry hard copies of official information (otherwise than for official purposes)?, misconduct list, minor misconduct, major misconduct, gross misconduct, minimum punishment, maximum punishment, disciplinary penalty, Transferring, official, information, into, personal, databases, carry, hard, copies, otherwise, than, purposes, outside, office, without, prior, permission, your, superior, sharing, email, password, any, irrelevant, person, minimum, punishment, Withholding, annual, increment, period, three, years, Transferring official, official information, information into, into personal, personal databases, databases carry, carry hard, hard copies, copies official, information otherwise, otherwise than, than official, official purposes, purposes outside, outside office, office without, without prior, prior permission, permission your, your superior, superior sharing, sharing official, official email, email password, password any, any irrelevant, irrelevant person, person minimum, punishment transferring",51,Appendix H
Misconduct and Penalties,What is the maximum punishment for transferring official information into personal databases or carry hard copies of official information (otherwise than for official purposes)?,Demotion/Reduction to a lower pay group and cadre for a period not exceeding 03 years,"PIA Chapter 13, PIA discipline and general conduct, PIA employee policy, Misconduct and Penalties, Transferring official information into personal databases or carry hard copies of official information (otherwise than for official purposes) outside the office, without prior permission from your superior, or sharing the official email password to any irrelevant person., What is the maximum punishment for transferring official information into personal databases or carry hard copies of official information (otherwise than for official purposes)?, misconduct list, minor misconduct, major misconduct, gross misconduct, minimum punishment, maximum punishment, disciplinary penalty, Transferring, official, information, into, personal, databases, carry, hard, copies, otherwise, than, purposes, outside, office, without, prior, permission, your, superior, sharing, email, password, any, irrelevant, person, maximum, punishment, Demotion/Reduction, lower, pay, group, cadre, period, not, exceeding, years, Transferring official, official information, information into, into personal, personal databases, databases carry, carry hard, hard copies, copies official, information otherwise, otherwise than, than official, official purposes, purposes outside, outside office, office without, without prior, prior permission, permission your, your superior, superior sharing, sharing official, official email, email password, password any, any irrelevant",51,Appendix H
Misconduct and Penalties,How is collection or canvassing for the collection of any money or fund within the establishment of the Company for purposes not approved in writing by the competent authority; classified?,It is classified as gross criminal misconduct.,"PIA Chapter 13, PIA discipline and general conduct, PIA employee policy, Misconduct and Penalties, Collection or canvassing for the collection of any money or fund within the establishment of the Company for purposes not approved in writing by the competent authority, How is collection or canvassing for the collection of any money or fund within the establishment of the Company for purposes not approved in writing by the competent authority; classified?, misconduct list, minor misconduct, major misconduct, gross misconduct, minimum punishment, maximum punishment, disciplinary penalty, Collection, canvassing, any, money, fund, within, establishment, purposes, not, approved, writing, competent, authority, classified, gross, criminal, misconduct, Collection canvassing, canvassing collection, collection any, any money, money fund, fund within, within establishment, establishment purposes, purposes not, not approved, approved writing, writing competent, competent authority, authority collection, authority classified, classified classified, classified gross, gross criminal, criminal misconduct, Collection canvassing collection, canvassing collection any, collection any money, any money fund, money fund within, fund within establishment, within establishment purposes, establishment purposes not, purposes not approved, not approved writing, approved writing competent, writing competent authority, competent authority collection, authority collection canvassing, competent authority classified, authority classified classified, classified classified gross, classified gross criminal, gross criminal misconduct",51,Appendix H
Misconduct and Penalties,What is the minimum punishment for collection or canvassing for the collection of any money or fund within the establishment of the Company for purposes not approved in writing by the competent authority;?,Withholding of annual increment for a period of three (3) years,"PIA Chapter 13, PIA discipline and general conduct, PIA employee policy, Misconduct and Penalties, Collection or canvassing for the collection of any money or fund within the establishment of the Company for purposes not approved in writing by the competent authority, What is the minimum punishment for collection or canvassing for the collection of any money or fund within the establishment of the Company for purposes not approved in writing by the competent authority;?, misconduct list, minor misconduct, major misconduct, gross misconduct, minimum punishment, maximum punishment, disciplinary penalty, Collection, canvassing, any, money, fund, within, establishment, purposes, not, approved, writing, competent, authority, minimum, punishment, Withholding, annual, increment, period, three, years, Collection canvassing, canvassing collection, collection any, any money, money fund, fund within, within establishment, establishment purposes, purposes not, not approved, approved writing, writing competent, competent authority, authority minimum, punishment collection, authority Withholding, Withholding annual, annual increment, increment period, period three, three years, Collection canvassing collection, canvassing collection any, collection any money, any money fund, money fund within, fund within establishment, within establishment purposes, establishment purposes not, purposes not approved, not approved writing, approved writing competent, writing competent authority, competent authority minimum, authority minimum punishment, minimum punishment collection, punishment collection canvassing, competent authority Withholding, authority Withholding annual, Withholding annual increment, annual increment period",51,Appendix H
Misconduct and Penalties,What is the maximum punishment for collection or canvassing for the collection of any money or fund within the establishment of the Company for purposes not approved in writing by the competent authority;?,Demotion/Reduction to a lower pay group and cadre for a period not exceeding 03 years,"PIA Chapter 13, PIA discipline and general conduct, PIA employee policy, Misconduct and Penalties, Collection or canvassing for the collection of any money or fund within the establishment of the Company for purposes not approved in writing by the competent authority, What is the maximum punishment for collection or canvassing for the collection of any money or fund within the establishment of the Company for purposes not approved in writing by the competent authority;?, misconduct list, minor misconduct, major misconduct, gross misconduct, minimum punishment, maximum punishment, disciplinary penalty, Collection, canvassing, any, money, fund, within, establishment, purposes, not, approved, writing, competent, authority, maximum, punishment, Demotion/Reduction, lower, pay, group, cadre, period, exceeding, years, Collection canvassing, canvassing collection, collection any, any money, money fund, fund within, within establishment, establishment purposes, purposes not, not approved, approved writing, writing competent, competent authority, authority maximum, punishment collection, authority Demotion/Reduction, Demotion/Reduction lower, lower pay, pay group, group cadre, cadre period, period not, not exceeding, exceeding years, Collection canvassing collection, canvassing collection any, collection any money, any money fund, money fund within, fund within establishment, within establishment purposes, establishment purposes not, purposes not approved, not approved writing, approved writing competent, writing competent authority, competent authority maximum, authority maximum punishment, maximum punishment collection",51,Appendix H
Misconduct and Penalties,"How is sabotaging Company's property, equipment, tools, stores or any other articles classified?",It is classified as gross criminal misconduct.,"PIA Chapter 13, PIA discipline and general conduct, PIA employee policy, Misconduct and Penalties, Sabotaging Company's property, equipment, tools, stores or any other articles, How is sabotaging Company's property, equipment, tools, stores or any other articles classified?, misconduct list, minor misconduct, major misconduct, gross misconduct, minimum punishment, maximum punishment, disciplinary penalty, Sabotaging, Company's, property, equipment, tools, stores, any, other, articles, classified, gross, criminal, misconduct, Sabotaging Company's, Company's property, property equipment, equipment tools, tools stores, stores any, any other, other articles, articles sabotaging, articles classified, classified classified, classified gross, gross criminal, criminal misconduct, Sabotaging Company's property, Company's property equipment, property equipment tools, equipment tools stores, tools stores any, stores any other, any other articles, other articles sabotaging, articles sabotaging Company's, other articles classified, articles classified classified, classified classified gross, classified gross criminal, gross criminal misconduct",51,Appendix H
Misconduct and Penalties,"What is the minimum punishment for sabotaging Company's property, equipment, tools, stores or any other articles?",Demotion/Reduction to a lower pay group and cadre for a period not exceeding 03 years OR recovery of damaged equipment or tool,"PIA Chapter 13, PIA discipline and general conduct, PIA employee policy, Misconduct and Penalties, Sabotaging Company's property, equipment, tools, stores or any other articles, What is the minimum punishment for sabotaging Company's property, equipment, tools, stores or any other articles?, misconduct list, minor misconduct, major misconduct, gross misconduct, minimum punishment, maximum punishment, disciplinary penalty, Sabotaging, Company's, property, equipment, tools, stores, any, other, articles, minimum, punishment, Demotion/Reduction, lower, pay, group, cadre, period, not, exceeding, years, recovery, damaged, tool, Sabotaging Company's, Company's property, property equipment, equipment tools, tools stores, stores any, any other, other articles, articles minimum, punishment sabotaging, articles Demotion/Reduction, Demotion/Reduction lower, lower pay, pay group, group cadre, cadre period, period not, not exceeding, exceeding years, years recovery, recovery damaged, damaged equipment, equipment tool, Sabotaging Company's property, Company's property equipment, property equipment tools, equipment tools stores, tools stores any, stores any other, any other articles, other articles minimum, articles minimum punishment, minimum punishment sabotaging, punishment sabotaging Company's, other articles Demotion/Reduction, articles Demotion/Reduction lower, Demotion/Reduction lower pay, lower pay group, pay group cadre",51,Appendix H
Misconduct and Penalties,"What is the maximum punishment for sabotaging Company's property, equipment, tools, stores or any other articles?",Compulsory retirement/Dismissal from service,"PIA Chapter 13, PIA discipline and general conduct, PIA employee policy, Misconduct and Penalties, Sabotaging Company's property, equipment, tools, stores or any other articles, What is the maximum punishment for sabotaging Company's property, equipment, tools, stores or any other articles?, misconduct list, minor misconduct, major misconduct, gross misconduct, minimum punishment, maximum punishment, disciplinary penalty, Sabotaging, Company's, property, equipment, tools, stores, any, other, articles, maximum, punishment, Compulsory, retirement/Dismissal, service, Sabotaging Company's, Company's property, property equipment, equipment tools, tools stores, stores any, any other, other articles, articles maximum, punishment sabotaging, articles Compulsory, Compulsory retirement/Dismissal, retirement/Dismissal service, Sabotaging Company's property, Company's property equipment, property equipment tools, equipment tools stores, tools stores any, stores any other, any other articles, other articles maximum, articles maximum punishment, maximum punishment sabotaging, punishment sabotaging Company's, other articles Compulsory, articles Compulsory retirement/Dismissal, Compulsory retirement/Dismissal service",51,Appendix H
Misconduct and Penalties,How is use of pressure / influences for personal benefit classified?,It is classified as gross criminal misconduct.,"PIA Chapter 13, PIA discipline and general conduct, PIA employee policy, Misconduct and Penalties, Use of pressure / influences for personal benefit, How is use of pressure / influences for personal benefit classified?, misconduct list, minor misconduct, major misconduct, gross misconduct, minimum punishment, maximum punishment, disciplinary penalty, Use, pressure, influences, personal, benefit, classified, gross, criminal, misconduct, Use pressure, pressure influences, influences personal, personal benefit, benefit use, benefit classified, classified classified, classified gross, gross criminal, criminal misconduct, Use pressure influences, pressure influences personal, influences personal benefit, personal benefit use, benefit use pressure, personal benefit classified, benefit classified classified, classified classified gross, classified gross criminal, gross criminal misconduct",51,Appendix H
Misconduct and Penalties,What is the minimum punishment for use of pressure / influences for personal benefit?,Withholding of annual increment for a period of three (3) years,"PIA Chapter 13, PIA discipline and general conduct, PIA employee policy, Misconduct and Penalties, Use of pressure / influences for personal benefit, What is the minimum punishment for use of pressure / influences for personal benefit?, misconduct list, minor misconduct, major misconduct, gross misconduct, minimum punishment, maximum punishment, disciplinary penalty, Use, pressure, influences, personal, benefit, minimum, punishment, Withholding, annual, increment, period, three, years, Use pressure, pressure influences, influences personal, personal benefit, benefit minimum, punishment use, benefit Withholding, Withholding annual, annual increment, increment period, period three, three years, Use pressure influences, pressure influences personal, influences personal benefit, personal benefit minimum, benefit minimum punishment, minimum punishment use, punishment use pressure, personal benefit Withholding, benefit Withholding annual, Withholding annual increment, annual increment period, increment period three, period three years",51,Appendix H
Misconduct and Penalties,What is the maximum punishment for use of pressure / influences for personal benefit?,Demotion/Reduction to a lower pay group and cadre for a period not exceeding 03 years,"PIA Chapter 13, PIA discipline and general conduct, PIA employee policy, Misconduct and Penalties, Use of pressure / influences for personal benefit, What is the maximum punishment for use of pressure / influences for personal benefit?, misconduct list, minor misconduct, major misconduct, gross misconduct, minimum punishment, maximum punishment, disciplinary penalty, Use, pressure, influences, personal, benefit, maximum, punishment, Demotion/Reduction, lower, pay, group, cadre, period, not, exceeding, years, Use pressure, pressure influences, influences personal, personal benefit, benefit maximum, punishment use, benefit Demotion/Reduction, Demotion/Reduction lower, lower pay, pay group, group cadre, cadre period, period not, not exceeding, exceeding years, Use pressure influences, pressure influences personal, influences personal benefit, personal benefit maximum, benefit maximum punishment, maximum punishment use, punishment use pressure, personal benefit Demotion/Reduction, benefit Demotion/Reduction lower, Demotion/Reduction lower pay, lower pay group, pay group cadre, group cadre period, cadre period not, period not exceeding, not exceeding years",51,Appendix H
Misconduct and Penalties,"How is breach, disregard, disobedience or evasion of applicable laws, rules, regulations, orders, or instructions classified?",It is classified as gross criminal misconduct.,"PIA Chapter 13, PIA discipline and general conduct, PIA employee policy, Misconduct and Penalties, Breach, disregard, disobedience or evasion of applicable laws, rules, regulations, orders, or instructions, How is breach, disregard, disobedience or evasion of applicable laws, rules, regulations, orders, or instructions classified?, misconduct list, minor misconduct, major misconduct, gross misconduct, minimum punishment, maximum punishment, disciplinary penalty, Breach, disregard, disobedience, evasion, applicable, laws, rules, regulations, orders, instructions, classified, gross, criminal, misconduct, Breach disregard, disregard disobedience, disobedience evasion, evasion applicable, applicable laws, laws rules, rules regulations, regulations orders, orders instructions, instructions breach, instructions classified, classified classified, classified gross, gross criminal, criminal misconduct, Breach disregard disobedience, disregard disobedience evasion, disobedience evasion applicable, evasion applicable laws, applicable laws rules, laws rules regulations, rules regulations orders, regulations orders instructions, orders instructions breach, instructions breach disregard, orders instructions classified, instructions classified classified, classified classified gross, classified gross criminal, gross criminal misconduct",51,Appendix H
Misconduct and Penalties,"What is the minimum punishment for breach, disregard, disobedience or evasion of applicable laws, rules, regulations, orders, or instructions?",Withholding of annual increment for a period of three (3) years,"PIA Chapter 13, PIA discipline and general conduct, PIA employee policy, Misconduct and Penalties, Breach, disregard, disobedience or evasion of applicable laws, rules, regulations, orders, or instructions, What is the minimum punishment for breach, disregard, disobedience or evasion of applicable laws, rules, regulations, orders, or instructions?, misconduct list, minor misconduct, major misconduct, gross misconduct, minimum punishment, maximum punishment, disciplinary penalty, Breach, disregard, disobedience, evasion, applicable, laws, rules, regulations, orders, instructions, minimum, punishment, Withholding, annual, increment, period, three, years, Breach disregard, disregard disobedience, disobedience evasion, evasion applicable, applicable laws, laws rules, rules regulations, regulations orders, orders instructions, instructions minimum, punishment breach, instructions Withholding, Withholding annual, annual increment, increment period, period three, three years, Breach disregard disobedience, disregard disobedience evasion, disobedience evasion applicable, evasion applicable laws, applicable laws rules, laws rules regulations, rules regulations orders, regulations orders instructions, orders instructions minimum, instructions minimum punishment, minimum punishment breach, punishment breach disregard, orders instructions Withholding, instructions Withholding annual, Withholding annual increment, annual increment period, increment period three, period three years",51,Appendix H
Misconduct and Penalties,"What is the maximum punishment for breach, disregard, disobedience or evasion of applicable laws, rules, regulations, orders, or instructions?",Compulsory retirement/Dismissal from service,"PIA Chapter 13, PIA discipline and general conduct, PIA employee policy, Misconduct and Penalties, Breach, disregard, disobedience or evasion of applicable laws, rules, regulations, orders, or instructions, What is the maximum punishment for breach, disregard, disobedience or evasion of applicable laws, rules, regulations, orders, or instructions?, misconduct list, minor misconduct, major misconduct, gross misconduct, minimum punishment, maximum punishment, disciplinary penalty, Breach, disregard, disobedience, evasion, applicable, laws, rules, regulations, orders, instructions, maximum, punishment, Compulsory, retirement/Dismissal, service, Breach disregard, disregard disobedience, disobedience evasion, evasion applicable, applicable laws, laws rules, rules regulations, regulations orders, orders instructions, instructions maximum, punishment breach, instructions Compulsory, Compulsory retirement/Dismissal, retirement/Dismissal service, Breach disregard disobedience, disregard disobedience evasion, disobedience evasion applicable, evasion applicable laws, applicable laws rules, laws rules regulations, rules regulations orders, regulations orders instructions, orders instructions maximum, instructions maximum punishment, maximum punishment breach, punishment breach disregard, orders instructions Compulsory, instructions Compulsory retirement/Dismissal, Compulsory retirement/Dismissal service",51,Appendix H
Misconduct and Penalties,How is indulgence in alcohol or narcotics classified?,It is classified as gross criminal misconduct.,"PIA Chapter 13, PIA discipline and general conduct, PIA employee policy, Misconduct and Penalties, Indulgence in alcohol or narcotics, How is indulgence in alcohol or narcotics classified?, misconduct list, minor misconduct, major misconduct, gross misconduct, minimum punishment, maximum punishment, disciplinary penalty, Indulgence, alcohol, narcotics, classified, gross, criminal, misconduct, Indulgence alcohol, alcohol narcotics, narcotics indulgence, narcotics classified, classified classified, classified gross, gross criminal, criminal misconduct, Indulgence alcohol narcotics, alcohol narcotics indulgence, narcotics indulgence alcohol, alcohol narcotics classified, narcotics classified classified, classified classified gross, classified gross criminal, gross criminal misconduct",51,Appendix H
Misconduct and Penalties,What is the minimum punishment for indulgence in alcohol or narcotics?,Compulsory retirement/Termination from service,"PIA Chapter 13, PIA discipline and general conduct, PIA employee policy, Misconduct and Penalties, Indulgence in alcohol or narcotics, What is the minimum punishment for indulgence in alcohol or narcotics?, misconduct list, minor misconduct, major misconduct, gross misconduct, minimum punishment, maximum punishment, disciplinary penalty, Indulgence, alcohol, narcotics, minimum, punishment, Compulsory, retirement/Termination, service, Indulgence alcohol, alcohol narcotics, narcotics minimum, punishment indulgence, narcotics Compulsory, Compulsory retirement/Termination, retirement/Termination service, Indulgence alcohol narcotics, alcohol narcotics minimum, narcotics minimum punishment, minimum punishment indulgence, punishment indulgence alcohol, alcohol narcotics Compulsory, narcotics Compulsory retirement/Termination, Compulsory retirement/Termination service",51,Appendix H
Misconduct and Penalties,What is the maximum punishment for indulgence in alcohol or narcotics?,Compulsory retirement/Dismissal from service,"PIA Chapter 13, PIA discipline and general conduct, PIA employee policy, Misconduct and Penalties, Indulgence in alcohol or narcotics, What is the maximum punishment for indulgence in alcohol or narcotics?, misconduct list, minor misconduct, major misconduct, gross misconduct, minimum punishment, maximum punishment, disciplinary penalty, Indulgence, alcohol, narcotics, maximum, punishment, Compulsory, retirement/Dismissal, service, Indulgence alcohol, alcohol narcotics, narcotics maximum, punishment indulgence, narcotics Compulsory, Compulsory retirement/Dismissal, retirement/Dismissal service, Indulgence alcohol narcotics, alcohol narcotics maximum, narcotics maximum punishment, maximum punishment indulgence, punishment indulgence alcohol, alcohol narcotics Compulsory, narcotics Compulsory retirement/Dismissal, Compulsory retirement/Dismissal service",51,Appendix H
Misconduct and Penalties,"How is making false or misleading record, statements and information against the Company or any employee classified?",It is classified as gross criminal misconduct.,"PIA Chapter 13, PIA discipline and general conduct, PIA employee policy, Misconduct and Penalties, Making false or misleading record, statements and information against the Company or any employee, How is making false or misleading record, statements and information against the Company or any employee classified?, misconduct list, minor misconduct, major misconduct, gross misconduct, minimum punishment, maximum punishment, disciplinary penalty, Making, false, misleading, record, statements, information, against, any, classified, gross, criminal, misconduct, Making false, false misleading, misleading record, record statements, statements information, information against, against any, any making, any classified, classified classified, classified gross, gross criminal, criminal misconduct, Making false misleading, false misleading record, misleading record statements, record statements information, statements information against, information against any, against any making, any making false, against any classified, any classified classified, classified classified gross, classified gross criminal, gross criminal misconduct",51,Appendix H
Misconduct and Penalties,"What is the minimum punishment for making false or misleading record, statements and information against the Company or any employee?",Demotion/Reduction to a lower pay group and cadre for a period not exceeding 03 years,"PIA Chapter 13, PIA discipline and general conduct, PIA employee policy, Misconduct and Penalties, Making false or misleading record, statements and information against the Company or any employee, What is the minimum punishment for making false or misleading record, statements and information against the Company or any employee?, misconduct list, minor misconduct, major misconduct, gross misconduct, minimum punishment, maximum punishment, disciplinary penalty, Making, false, misleading, record, statements, information, against, any, minimum, punishment, Demotion/Reduction, lower, pay, group, cadre, period, not, exceeding, years, Making false, false misleading, misleading record, record statements, statements information, information against, against any, any minimum, punishment making, any Demotion/Reduction, Demotion/Reduction lower, lower pay, pay group, group cadre, cadre period, period not, not exceeding, exceeding years, Making false misleading, false misleading record, misleading record statements, record statements information, statements information against, information against any, against any minimum, any minimum punishment, minimum punishment making, punishment making false, against any Demotion/Reduction, any Demotion/Reduction lower, Demotion/Reduction lower pay, lower pay group, pay group cadre, group cadre period, cadre period not, period not exceeding, not exceeding years",51,Appendix H
Misconduct and Penalties,"What is the maximum punishment for making false or misleading record, statements and information against the Company or any employee?",Compulsory retirement/Dismissal from service,"PIA Chapter 13, PIA discipline and general conduct, PIA employee policy, Misconduct and Penalties, Making false or misleading record, statements and information against the Company or any employee, What is the maximum punishment for making false or misleading record, statements and information against the Company or any employee?, misconduct list, minor misconduct, major misconduct, gross misconduct, minimum punishment, maximum punishment, disciplinary penalty, Making, false, misleading, record, statements, information, against, any, maximum, punishment, Compulsory, retirement/Dismissal, service, Making false, false misleading, misleading record, record statements, statements information, information against, against any, any maximum, punishment making, any Compulsory, Compulsory retirement/Dismissal, retirement/Dismissal service, Making false misleading, false misleading record, misleading record statements, record statements information, statements information against, information against any, against any maximum, any maximum punishment, maximum punishment making, punishment making false, against any Compulsory, any Compulsory retirement/Dismissal, Compulsory retirement/Dismissal service",51,Appendix H
Misconduct and Penalties,"How is borrowing money from or in any way placing him / herself under a pecuniary obligation to any employee of the Company or any person, firm having classified?",It is classified as gross criminal misconduct.,"PIA Chapter 13, PIA discipline and general conduct, PIA employee policy, Misconduct and Penalties, Borrowing money from or in any way placing him / herself under a pecuniary obligation to any employee of the Company or any person, firm having or likely to have dealings with the Company, except a bank in the normal course of its business, How is borrowing money from or in any way placing him / herself under a pecuniary obligation to any employee of the Company or any person, firm having classified?, misconduct list, minor misconduct, major misconduct, gross misconduct, minimum punishment, maximum punishment, disciplinary penalty, Borrowing, money, any, way, placing, him, herself, pecuniary, obligation, person, firm, having, likely, have, dealings, except, bank, normal, course, business, classified, gross, criminal, misconduct, Borrowing money, money any, any way, way placing, placing him, him herself, herself pecuniary, pecuniary obligation, obligation any, any any, any person, person firm, firm having, having likely, likely have, have dealings, dealings except, except bank, bank normal, normal course, course business, business borrowing, having classified, classified classified, classified gross, gross criminal, criminal misconduct, Borrowing money any, money any way, any way placing, way placing him, placing him herself, him herself pecuniary, herself pecuniary obligation, pecuniary obligation any, obligation any any, any any person, any person firm",52,Appendix H
Misconduct and Penalties,"What is the minimum punishment for borrowing money from or in any way placing him / herself under a pecuniary obligation to any employee of the Company or any person, firm having?",Demotion/Reduction to a lower pay group and cadre for a period not exceeding 03 years OR recovery of damaged equipment or tool,"PIA Chapter 13, PIA discipline and general conduct, PIA employee policy, Misconduct and Penalties, Borrowing money from or in any way placing him / herself under a pecuniary obligation to any employee of the Company or any person, firm having or likely to have dealings with the Company, except a bank in the normal course of its business, What is the minimum punishment for borrowing money from or in any way placing him / herself under a pecuniary obligation to any employee of the Company or any person, firm having?, misconduct list, minor misconduct, major misconduct, gross misconduct, minimum punishment, maximum punishment, disciplinary penalty, Borrowing, money, any, way, placing, him, herself, pecuniary, obligation, person, firm, having, likely, have, dealings, except, bank, normal, course, business, minimum, punishment, Demotion/Reduction, lower, pay, group, cadre, period, not, exceeding, years, recovery, damaged, equipment, tool, Borrowing money, money any, any way, way placing, placing him, him herself, herself pecuniary, pecuniary obligation, obligation any, any any, any person, person firm, firm having, having likely, likely have, have dealings, dealings except, except bank, bank normal, normal course, course business, business minimum, punishment borrowing, having Demotion/Reduction, Demotion/Reduction lower, lower pay, pay group",52,Appendix H
Misconduct and Penalties,"What is the maximum punishment for borrowing money from or in any way placing him / herself under a pecuniary obligation to any employee of the Company or any person, firm having?",Compulsory retirement/Dismissal from service,"PIA Chapter 13, PIA discipline and general conduct, PIA employee policy, Misconduct and Penalties, Borrowing money from or in any way placing him / herself under a pecuniary obligation to any employee of the Company or any person, firm having or likely to have dealings with the Company, except a bank in the normal course of its business, What is the maximum punishment for borrowing money from or in any way placing him / herself under a pecuniary obligation to any employee of the Company or any person, firm having?, misconduct list, minor misconduct, major misconduct, gross misconduct, minimum punishment, maximum punishment, disciplinary penalty, Borrowing, money, any, way, placing, him, herself, pecuniary, obligation, person, firm, having, likely, have, dealings, except, bank, normal, course, business, maximum, punishment, Compulsory, retirement/Dismissal, service, Borrowing money, money any, any way, way placing, placing him, him herself, herself pecuniary, pecuniary obligation, obligation any, any any, any person, person firm, firm having, having likely, likely have, have dealings, dealings except, except bank, bank normal, normal course, course business, business maximum, punishment borrowing, having Compulsory, Compulsory retirement/Dismissal, retirement/Dismissal service, Borrowing money any, money any way, any way placing, way placing him, placing him herself, him herself pecuniary, herself pecuniary obligation, pecuniary obligation any, obligation any any, any any person, any person firm",52,Appendix H
Misconduct and Penalties,How is striking work or inciting others to strike work or go-slow classified?,It is classified as gross criminal misconduct.,"PIA Chapter 13, PIA discipline and general conduct, PIA employee policy, Misconduct and Penalties, Striking work or inciting others to strike work or go-slow, How is striking work or inciting others to strike work or go-slow classified?, misconduct list, minor misconduct, major misconduct, gross misconduct, minimum punishment, maximum punishment, disciplinary penalty, Striking, work, inciting, others, strike, go-slow, classified, gross, criminal, misconduct, Striking work, work inciting, inciting others, others strike, strike work, work go-slow, go-slow striking, go-slow classified, classified classified, classified gross, gross criminal, criminal misconduct, Striking work inciting, work inciting others, inciting others strike, others strike work, strike work go-slow, work go-slow striking, go-slow striking work, work go-slow classified, go-slow classified classified, classified classified gross, classified gross criminal, gross criminal misconduct",52,Appendix H
Misconduct and Penalties,What is the minimum punishment for striking work or inciting others to strike work or go-slow?,Demotion/Reduction to a lower pay group and cadre for a period not exceeding 03 years,"PIA Chapter 13, PIA discipline and general conduct, PIA employee policy, Misconduct and Penalties, Striking work or inciting others to strike work or go-slow, What is the minimum punishment for striking work or inciting others to strike work or go-slow?, misconduct list, minor misconduct, major misconduct, gross misconduct, minimum punishment, maximum punishment, disciplinary penalty, Striking, work, inciting, others, strike, go-slow, minimum, punishment, Demotion/Reduction, lower, pay, group, cadre, period, not, exceeding, years, Striking work, work inciting, inciting others, others strike, strike work, work go-slow, go-slow minimum, punishment striking, go-slow Demotion/Reduction, Demotion/Reduction lower, lower pay, pay group, group cadre, cadre period, period not, not exceeding, exceeding years, Striking work inciting, work inciting others, inciting others strike, others strike work, strike work go-slow, work go-slow minimum, go-slow minimum punishment, minimum punishment striking, punishment striking work, work go-slow Demotion/Reduction, go-slow Demotion/Reduction lower, Demotion/Reduction lower pay, lower pay group, pay group cadre, group cadre period, cadre period not, period not exceeding, not exceeding years",52,Appendix H
Misconduct and Penalties,What is the maximum punishment for striking work or inciting others to strike work or go-slow?,Compulsory retirement/Dismissal from service followed by criminal proceedings,"PIA Chapter 13, PIA discipline and general conduct, PIA employee policy, Misconduct and Penalties, Striking work or inciting others to strike work or go-slow, What is the maximum punishment for striking work or inciting others to strike work or go-slow?, misconduct list, minor misconduct, major misconduct, gross misconduct, minimum punishment, maximum punishment, disciplinary penalty, Striking, work, inciting, others, strike, go-slow, maximum, punishment, Compulsory, retirement/Dismissal, service, followed, criminal, proceedings, Striking work, work inciting, inciting others, others strike, strike work, work go-slow, go-slow maximum, punishment striking, go-slow Compulsory, Compulsory retirement/Dismissal, retirement/Dismissal service, service followed, followed criminal, criminal proceedings, Striking work inciting, work inciting others, inciting others strike, others strike work, strike work go-slow, work go-slow maximum, go-slow maximum punishment, maximum punishment striking, punishment striking work, work go-slow Compulsory, go-slow Compulsory retirement/Dismissal, Compulsory retirement/Dismissal service, retirement/Dismissal service followed, service followed criminal, followed criminal proceedings",52,Appendix H
Misconduct and Penalties,"How is breach of law and order or industrial peace, fighting, riotous or disorderly behaviour at any establishment of the Company or any act subversive of discipline or good conduct; classified?",It is classified as gross criminal misconduct.,"PIA Chapter 13, PIA discipline and general conduct, PIA employee policy, Misconduct and Penalties, Breach of law and order or industrial peace, fighting, riotous or disorderly behaviour at any establishment of the Company or any act subversive of discipline or good conduct, How is breach of law and order or industrial peace, fighting, riotous or disorderly behaviour at any establishment of the Company or any act subversive of discipline or good conduct; classified?, misconduct list, minor misconduct, major misconduct, gross misconduct, minimum punishment, maximum punishment, disciplinary penalty, Breach, law, order, industrial, peace, fighting, riotous, disorderly, behaviour, any, establishment, act, subversive, discipline, good, conduct, classified, gross, criminal, misconduct, Breach law, law order, order industrial, industrial peace, peace fighting, fighting riotous, riotous disorderly, disorderly behaviour, behaviour any, any establishment, establishment any, any act, act subversive, subversive discipline, discipline good, good conduct, conduct breach, conduct classified, classified classified, classified gross, gross criminal, criminal misconduct, Breach law order, law order industrial, order industrial peace, industrial peace fighting, peace fighting riotous, fighting riotous disorderly, riotous disorderly behaviour, disorderly behaviour any, behaviour any establishment, any establishment any, establishment any act, any act subversive, act subversive discipline, subversive discipline good, discipline good conduct, good conduct breach, conduct breach law, good conduct classified, conduct classified classified, classified classified gross",52,Appendix H
Misconduct and Penalties,"What is the minimum punishment for breach of law and order or industrial peace, fighting, riotous or disorderly behaviour at any establishment of the Company or any act subversive of discipline or good conduct;?",Demotion/Reduction to a lower pay group and cadre for a period not exceeding 03 years,"PIA Chapter 13, PIA discipline and general conduct, PIA employee policy, Misconduct and Penalties, Breach of law and order or industrial peace, fighting, riotous or disorderly behaviour at any establishment of the Company or any act subversive of discipline or good conduct, What is the minimum punishment for breach of law and order or industrial peace, fighting, riotous or disorderly behaviour at any establishment of the Company or any act subversive of discipline or good conduct;?, misconduct list, minor misconduct, major misconduct, gross misconduct, minimum punishment, maximum punishment, disciplinary penalty, Breach, law, order, industrial, peace, fighting, riotous, disorderly, behaviour, any, establishment, act, subversive, discipline, good, conduct, minimum, punishment, Demotion/Reduction, lower, pay, group, cadre, period, not, exceeding, years, Breach law, law order, order industrial, industrial peace, peace fighting, fighting riotous, riotous disorderly, disorderly behaviour, behaviour any, any establishment, establishment any, any act, act subversive, subversive discipline, discipline good, good conduct, conduct minimum, punishment breach, conduct Demotion/Reduction, Demotion/Reduction lower, lower pay, pay group, group cadre, cadre period, period not, not exceeding, exceeding years, Breach law order, law order industrial, order industrial peace, industrial peace fighting, peace fighting riotous, fighting riotous disorderly, riotous disorderly behaviour, disorderly behaviour any",52,Appendix H
Misconduct and Penalties,"What is the maximum punishment for breach of law and order or industrial peace, fighting, riotous or disorderly behaviour at any establishment of the Company or any act subversive of discipline or good conduct;?",Compulsory retirement/Dismissal from service,"PIA Chapter 13, PIA discipline and general conduct, PIA employee policy, Misconduct and Penalties, Breach of law and order or industrial peace, fighting, riotous or disorderly behaviour at any establishment of the Company or any act subversive of discipline or good conduct, What is the maximum punishment for breach of law and order or industrial peace, fighting, riotous or disorderly behaviour at any establishment of the Company or any act subversive of discipline or good conduct;?, misconduct list, minor misconduct, major misconduct, gross misconduct, minimum punishment, maximum punishment, disciplinary penalty, Breach, law, order, industrial, peace, fighting, riotous, disorderly, behaviour, any, establishment, act, subversive, discipline, good, conduct, maximum, punishment, Compulsory, retirement/Dismissal, service, Breach law, law order, order industrial, industrial peace, peace fighting, fighting riotous, riotous disorderly, disorderly behaviour, behaviour any, any establishment, establishment any, any act, act subversive, subversive discipline, discipline good, good conduct, conduct maximum, punishment breach, conduct Compulsory, Compulsory retirement/Dismissal, retirement/Dismissal service, Breach law order, law order industrial, order industrial peace, industrial peace fighting, peace fighting riotous, fighting riotous disorderly, riotous disorderly behaviour, disorderly behaviour any, behaviour any establishment, any establishment any, establishment any act, any act subversive, act subversive discipline, subversive discipline good, discipline good conduct, good conduct maximum, conduct maximum punishment, maximum punishment breach, punishment breach law, good conduct Compulsory",52,Appendix H
Misconduct and Penalties,"How is distribution or exhibition within the establishment of the Company of any newspapers, magazines, handbills, pamphlets, or posters containing any classified?",It is classified as gross criminal misconduct.,"PIA Chapter 13, PIA discipline and general conduct, PIA employee policy, Misconduct and Penalties, Distribution or exhibition within the establishment of the Company of any newspapers, magazines, handbills, pamphlets, or posters containing any material detrimental to the ideology or integrity of Pakistan, against sectarian or individual peace or against the Company, a provincial government or the federal government, How is distribution or exhibition within the establishment of the Company of any newspapers, magazines, handbills, pamphlets, or posters containing any classified?, misconduct list, minor misconduct, major misconduct, gross misconduct, minimum punishment, maximum punishment, disciplinary penalty, Distribution, exhibition, within, establishment, any, newspapers, magazines, handbills, pamphlets, posters, containing, material, detrimental, ideology, integrity, Pakistan, against, sectarian, individual, peace, provincial, government, federal, classified, gross, criminal, misconduct, Distribution exhibition, exhibition within, within establishment, establishment any, any newspapers, newspapers magazines, magazines handbills, handbills pamphlets, pamphlets posters, posters containing, containing any, any material, material detrimental, detrimental ideology, ideology integrity, integrity Pakistan, Pakistan against, against sectarian, sectarian individual, individual peace, peace against, against provincial, provincial government, government federal, federal government, government distribution, any classified, classified classified, classified gross, gross criminal, criminal misconduct, Distribution exhibition within, exhibition within establishment, within establishment any, establishment any newspapers",52,Appendix H
Misconduct and Penalties,"What is the minimum punishment for distribution or exhibition within the establishment of the Company of any newspapers, magazines, handbills, pamphlets, or posters containing any?",Demotion/Reduction to a lower pay group and cadre for a period not exceeding 03 years,"PIA Chapter 13, PIA discipline and general conduct, PIA employee policy, Misconduct and Penalties, Distribution or exhibition within the establishment of the Company of any newspapers, magazines, handbills, pamphlets, or posters containing any material detrimental to the ideology or integrity of Pakistan, against sectarian or individual peace or against the Company, a provincial government or the federal government, What is the minimum punishment for distribution or exhibition within the establishment of the Company of any newspapers, magazines, handbills, pamphlets, or posters containing any?, misconduct list, minor misconduct, major misconduct, gross misconduct, minimum punishment, maximum punishment, disciplinary penalty, Distribution, exhibition, within, establishment, any, newspapers, magazines, handbills, pamphlets, posters, containing, material, detrimental, ideology, integrity, Pakistan, against, sectarian, individual, peace, provincial, government, federal, minimum, punishment, Demotion/Reduction, lower, pay, group, cadre, period, not, exceeding, years, Distribution exhibition, exhibition within, within establishment, establishment any, any newspapers, newspapers magazines, magazines handbills, handbills pamphlets, pamphlets posters, posters containing, containing any, any material, material detrimental, detrimental ideology, ideology integrity, integrity Pakistan, Pakistan against, against sectarian, sectarian individual, individual peace, peace against, against provincial, provincial government, government federal, federal government, government minimum, punishment distribution, any Demotion/Reduction",52,Appendix H
Misconduct and Penalties,"What is the maximum punishment for distribution or exhibition within the establishment of the Company of any newspapers, magazines, handbills, pamphlets, or posters containing any?",Compulsory retirement/Dismissal from service followed by registration of case in ATC for criminal proceedings,"PIA Chapter 13, PIA discipline and general conduct, PIA employee policy, Misconduct and Penalties, Distribution or exhibition within the establishment of the Company of any newspapers, magazines, handbills, pamphlets, or posters containing any material detrimental to the ideology or integrity of Pakistan, against sectarian or individual peace or against the Company, a provincial government or the federal government, What is the maximum punishment for distribution or exhibition within the establishment of the Company of any newspapers, magazines, handbills, pamphlets, or posters containing any?, misconduct list, minor misconduct, major misconduct, gross misconduct, minimum punishment, maximum punishment, disciplinary penalty, Distribution, exhibition, within, establishment, any, newspapers, magazines, handbills, pamphlets, posters, containing, material, detrimental, ideology, integrity, Pakistan, against, sectarian, individual, peace, provincial, government, federal, maximum, punishment, Compulsory, retirement/Dismissal, service, followed, registration, case, ATC, criminal, proceedings, Distribution exhibition, exhibition within, within establishment, establishment any, any newspapers, newspapers magazines, magazines handbills, handbills pamphlets, pamphlets posters, posters containing, containing any, any material, material detrimental, detrimental ideology, ideology integrity, integrity Pakistan, Pakistan against, against sectarian, sectarian individual, individual peace, peace against, against provincial, provincial government, government federal, federal government, government maximum, punishment distribution, any Compulsory",52,Appendix H
Misconduct and Penalties,"How is malingering, slowing down of work, undue delay in the performance of duty, refusal or negligence to carry out a lawful and reasonable order of classified?",It is classified as gross criminal misconduct.,"PIA Chapter 13, PIA discipline and general conduct, PIA employee policy, Misconduct and Penalties, Malingering, slowing down of work, undue delay in the performance of duty, refusal or negligence to carry out a lawful and reasonable order of any superior employee, immediate officer or competent authority, How is malingering, slowing down of work, undue delay in the performance of duty, refusal or negligence to carry out a lawful and reasonable order of classified?, misconduct list, minor misconduct, major misconduct, gross misconduct, minimum punishment, maximum punishment, disciplinary penalty, Malingering, slowing, down, work, undue, delay, performance, duty, refusal, negligence, carry, out, lawful, reasonable, order, any, superior, immediate, officer, competent, authority, classified, gross, criminal, misconduct, Malingering slowing, slowing down, down work, work undue, undue delay, delay performance, performance duty, duty refusal, refusal negligence, negligence carry, carry out, out lawful, lawful reasonable, reasonable order, order any, any superior, superior immediate, immediate officer, officer competent, competent authority, authority malingering, order classified, classified classified, classified gross, gross criminal, criminal misconduct, Malingering slowing down, slowing down work, down work undue, work undue delay, undue delay performance, delay performance duty, performance duty refusal, duty refusal negligence, refusal negligence carry, negligence carry out, carry out lawful",52,Appendix H
Misconduct and Penalties,"What is the minimum punishment for malingering, slowing down of work, undue delay in the performance of duty, refusal or negligence to carry out a lawful and reasonable order of?",Demotion/Reduction to a lower pay group and cadre for a period not exceeding 03 years,"PIA Chapter 13, PIA discipline and general conduct, PIA employee policy, Misconduct and Penalties, Malingering, slowing down of work, undue delay in the performance of duty, refusal or negligence to carry out a lawful and reasonable order of any superior employee, immediate officer or competent authority, What is the minimum punishment for malingering, slowing down of work, undue delay in the performance of duty, refusal or negligence to carry out a lawful and reasonable order of?, misconduct list, minor misconduct, major misconduct, gross misconduct, minimum punishment, maximum punishment, disciplinary penalty, Malingering, slowing, down, work, undue, delay, performance, duty, refusal, negligence, carry, out, lawful, reasonable, order, any, superior, immediate, officer, competent, authority, minimum, punishment, Demotion/Reduction, lower, pay, group, cadre, period, not, exceeding, years, Malingering slowing, slowing down, down work, work undue, undue delay, delay performance, performance duty, duty refusal, refusal negligence, negligence carry, carry out, out lawful, lawful reasonable, reasonable order, order any, any superior, superior immediate, immediate officer, officer competent, competent authority, authority minimum, punishment malingering, order Demotion/Reduction, Demotion/Reduction lower, lower pay, pay group, group cadre, cadre period, period not, not exceeding",52,Appendix H
Misconduct and Penalties,"What is the maximum punishment for malingering, slowing down of work, undue delay in the performance of duty, refusal or negligence to carry out a lawful and reasonable order of?",Compulsory retirement/Dismissal from service,"PIA Chapter 13, PIA discipline and general conduct, PIA employee policy, Misconduct and Penalties, Malingering, slowing down of work, undue delay in the performance of duty, refusal or negligence to carry out a lawful and reasonable order of any superior employee, immediate officer or competent authority, What is the maximum punishment for malingering, slowing down of work, undue delay in the performance of duty, refusal or negligence to carry out a lawful and reasonable order of?, misconduct list, minor misconduct, major misconduct, gross misconduct, minimum punishment, maximum punishment, disciplinary penalty, Malingering, slowing, down, work, undue, delay, performance, duty, refusal, negligence, carry, out, lawful, reasonable, order, any, superior, immediate, officer, competent, authority, maximum, punishment, Compulsory, retirement/Dismissal, service, Malingering slowing, slowing down, down work, work undue, undue delay, delay performance, performance duty, duty refusal, refusal negligence, negligence carry, carry out, out lawful, lawful reasonable, reasonable order, order any, any superior, superior immediate, immediate officer, officer competent, competent authority, authority maximum, punishment malingering, order Compulsory, Compulsory retirement/Dismissal, retirement/Dismissal service, Malingering slowing down, slowing down work, down work undue, work undue delay, undue delay performance, delay performance duty, performance duty refusal, duty refusal negligence, refusal negligence carry, negligence carry out, carry out lawful",52,Appendix H
Misconduct and Penalties,How is any act of omission or commission which embarrasses the Company or the country or whereby the image of the Company or the country is adversely affected by any bad publicity classified?,It is classified as gross criminal misconduct.,"PIA Chapter 13, PIA discipline and general conduct, PIA employee policy, Misconduct and Penalties, Any act of omission or commission which embarrasses the Company or the country or whereby the image of the Company or the country is adversely affected by any bad publicity, How is any act of omission or commission which embarrasses the Company or the country or whereby the image of the Company or the country is adversely affected by any bad publicity classified?, misconduct list, minor misconduct, major misconduct, gross misconduct, minimum punishment, maximum punishment, disciplinary penalty, Any, act, omission, commission, which, embarrasses, country, whereby, image, adversely, affected, bad, publicity, classified, gross, criminal, misconduct, Any act, act omission, omission commission, commission which, which embarrasses, embarrasses country, country whereby, whereby image, image country, country adversely, adversely affected, affected any, any bad, bad publicity, publicity any, publicity classified, classified classified, classified gross, gross criminal, criminal misconduct, Any act omission, act omission commission, omission commission which, commission which embarrasses, which embarrasses country, embarrasses country whereby, country whereby image, whereby image country, image country adversely, country adversely affected, adversely affected any, affected any bad, any bad publicity, bad publicity any, publicity any act, bad publicity classified, publicity classified classified, classified classified gross, classified gross criminal, gross criminal misconduct",52,Appendix H
Misconduct and Penalties,What is the minimum punishment for any act of omission or commission which embarrasses the Company or the country or whereby the image of the Company or the country is adversely affected by any bad publicity?,Demotion/Reduction to a lower pay group and cadre for a period not exceeding 03 years,"PIA Chapter 13, PIA discipline and general conduct, PIA employee policy, Misconduct and Penalties, Any act of omission or commission which embarrasses the Company or the country or whereby the image of the Company or the country is adversely affected by any bad publicity, What is the minimum punishment for any act of omission or commission which embarrasses the Company or the country or whereby the image of the Company or the country is adversely affected by any bad publicity?, misconduct list, minor misconduct, major misconduct, gross misconduct, minimum punishment, maximum punishment, disciplinary penalty, Any, act, omission, commission, which, embarrasses, country, whereby, image, adversely, affected, bad, publicity, minimum, punishment, Demotion/Reduction, lower, pay, group, cadre, period, not, exceeding, years, Any act, act omission, omission commission, commission which, which embarrasses, embarrasses country, country whereby, whereby image, image country, country adversely, adversely affected, affected any, any bad, bad publicity, publicity minimum, punishment any, publicity Demotion/Reduction, Demotion/Reduction lower, lower pay, pay group, group cadre, cadre period, period not, not exceeding, exceeding years, Any act omission, act omission commission, omission commission which, commission which embarrasses, which embarrasses country, embarrasses country whereby, country whereby image, whereby image country, image country adversely, country adversely affected, adversely affected any, affected any bad, any bad publicity",52,Appendix H
Misconduct and Penalties,What is the maximum punishment for any act of omission or commission which embarrasses the Company or the country or whereby the image of the Company or the country is adversely affected by any bad publicity?,Compulsory retirement/Dismissal from service followed by legal proceedings,"PIA Chapter 13, PIA discipline and general conduct, PIA employee policy, Misconduct and Penalties, Any act of omission or commission which embarrasses the Company or the country or whereby the image of the Company or the country is adversely affected by any bad publicity, What is the maximum punishment for any act of omission or commission which embarrasses the Company or the country or whereby the image of the Company or the country is adversely affected by any bad publicity?, misconduct list, minor misconduct, major misconduct, gross misconduct, minimum punishment, maximum punishment, disciplinary penalty, Any, act, omission, commission, which, embarrasses, country, whereby, image, adversely, affected, bad, publicity, maximum, punishment, Compulsory, retirement/Dismissal, service, followed, legal, proceedings, Any act, act omission, omission commission, commission which, which embarrasses, embarrasses country, country whereby, whereby image, image country, country adversely, adversely affected, affected any, any bad, bad publicity, publicity maximum, punishment any, publicity Compulsory, Compulsory retirement/Dismissal, retirement/Dismissal service, service followed, followed legal, legal proceedings, Any act omission, act omission commission, omission commission which, commission which embarrasses, which embarrasses country, embarrasses country whereby, country whereby image, whereby image country, image country adversely, country adversely affected, adversely affected any, affected any bad, any bad publicity, bad publicity maximum, publicity maximum punishment, maximum punishment any, punishment any act, bad publicity Compulsory, publicity Compulsory retirement/Dismissal",52,Appendix H
Misconduct and Penalties,How is repeated (more than 1) act of discrimination or sexual harassment or insult to the modesty of a male / female employee at workplace classified?,It is classified as gross administrative / criminal misconduct.,"PIA Chapter 13, PIA discipline and general conduct, PIA employee policy, Misconduct and Penalties, Repeated (more than 1) act of discrimination or sexual harassment or insult to the modesty of a male / female employee at workplace, How is repeated (more than 1) act of discrimination or sexual harassment or insult to the modesty of a male / female employee at workplace classified?, misconduct list, minor misconduct, major misconduct, gross misconduct, minimum punishment, maximum punishment, disciplinary penalty, Repeated, more, than, act, discrimination, sexual, harassment, insult, modesty, male, female, workplace, classified, gross, administrative, criminal, misconduct, Repeated more, more than, than act, act discrimination, discrimination sexual, sexual harassment, harassment insult, insult modesty, modesty male, male female, female workplace, workplace repeated, workplace classified, classified classified, classified gross, gross administrative, administrative criminal, criminal misconduct, Repeated more than, more than act, than act discrimination, act discrimination sexual, discrimination sexual harassment, sexual harassment insult, harassment insult modesty, insult modesty male, modesty male female, male female workplace, female workplace repeated, workplace repeated more, female workplace classified, workplace classified classified, classified classified gross, classified gross administrative, gross administrative criminal, administrative criminal misconduct",53,Appendix H
Misconduct and Penalties,What is the minimum punishment for repeated (more than 1) act of discrimination or sexual harassment or insult to the modesty of a male / female employee at workplace?,Compulsory retirement/Dismissal from service,"PIA Chapter 13, PIA discipline and general conduct, PIA employee policy, Misconduct and Penalties, Repeated (more than 1) act of discrimination or sexual harassment or insult to the modesty of a male / female employee at workplace, What is the minimum punishment for repeated (more than 1) act of discrimination or sexual harassment or insult to the modesty of a male / female employee at workplace?, misconduct list, minor misconduct, major misconduct, gross misconduct, minimum punishment, maximum punishment, disciplinary penalty, Repeated, more, than, act, discrimination, sexual, harassment, insult, modesty, male, female, workplace, minimum, punishment, Compulsory, retirement/Dismissal, service, Repeated more, more than, than act, act discrimination, discrimination sexual, sexual harassment, harassment insult, insult modesty, modesty male, male female, female workplace, workplace minimum, punishment repeated, workplace Compulsory, Compulsory retirement/Dismissal, retirement/Dismissal service, Repeated more than, more than act, than act discrimination, act discrimination sexual, discrimination sexual harassment, sexual harassment insult, harassment insult modesty, insult modesty male, modesty male female, male female workplace, female workplace minimum, workplace minimum punishment, minimum punishment repeated, punishment repeated more, female workplace Compulsory, workplace Compulsory retirement/Dismissal, Compulsory retirement/Dismissal service",53,Appendix H
Misconduct and Penalties,What is the maximum punishment for repeated (more than 1) act of discrimination or sexual harassment or insult to the modesty of a male / female employee at workplace?,Compulsory retirement/Dismissal from service followed by criminal proceedings,"PIA Chapter 13, PIA discipline and general conduct, PIA employee policy, Misconduct and Penalties, Repeated (more than 1) act of discrimination or sexual harassment or insult to the modesty of a male / female employee at workplace, What is the maximum punishment for repeated (more than 1) act of discrimination or sexual harassment or insult to the modesty of a male / female employee at workplace?, misconduct list, minor misconduct, major misconduct, gross misconduct, minimum punishment, maximum punishment, disciplinary penalty, Repeated, more, than, act, discrimination, sexual, harassment, insult, modesty, male, female, workplace, maximum, punishment, Compulsory, retirement/Dismissal, service, followed, criminal, proceedings, Repeated more, more than, than act, act discrimination, discrimination sexual, sexual harassment, harassment insult, insult modesty, modesty male, male female, female workplace, workplace maximum, punishment repeated, workplace Compulsory, Compulsory retirement/Dismissal, retirement/Dismissal service, service followed, followed criminal, criminal proceedings, Repeated more than, more than act, than act discrimination, act discrimination sexual, discrimination sexual harassment, sexual harassment insult, harassment insult modesty, insult modesty male, modesty male female, male female workplace, female workplace maximum, workplace maximum punishment, maximum punishment repeated, punishment repeated more, female workplace Compulsory, workplace Compulsory retirement/Dismissal, Compulsory retirement/Dismissal service, retirement/Dismissal service followed, service followed criminal, followed criminal proceedings",53,Appendix H
Misconduct and Penalties,"How is transportation of illegal items such as narcotics, intoxicating materials classified?",It is classified as gross criminal misconduct.,"PIA Chapter 13, PIA discipline and general conduct, PIA employee policy, Misconduct and Penalties, Transportation of illegal items such as narcotics, intoxicating materials, How is transportation of illegal items such as narcotics, intoxicating materials classified?, misconduct list, minor misconduct, major misconduct, gross misconduct, minimum punishment, maximum punishment, disciplinary penalty, Transportation, illegal, items, such, narcotics, intoxicating, materials, classified, gross, criminal, misconduct, Transportation illegal, illegal items, items such, such narcotics, narcotics intoxicating, intoxicating materials, materials transportation, materials classified, classified classified, classified gross, gross criminal, criminal misconduct, Transportation illegal items, illegal items such, items such narcotics, such narcotics intoxicating, narcotics intoxicating materials, intoxicating materials transportation, materials transportation illegal, intoxicating materials classified, materials classified classified, classified classified gross, classified gross criminal, gross criminal misconduct",53,Appendix H
Misconduct and Penalties,"What is the minimum punishment for transportation of illegal items such as narcotics, intoxicating materials?",Dismissal from service,"PIA Chapter 13, PIA discipline and general conduct, PIA employee policy, Misconduct and Penalties, Transportation of illegal items such as narcotics, intoxicating materials, What is the minimum punishment for transportation of illegal items such as narcotics, intoxicating materials?, misconduct list, minor misconduct, major misconduct, gross misconduct, minimum punishment, maximum punishment, disciplinary penalty, Transportation, illegal, items, such, narcotics, intoxicating, materials, minimum, punishment, Dismissal, service, Transportation illegal, illegal items, items such, such narcotics, narcotics intoxicating, intoxicating materials, materials minimum, punishment transportation, materials Dismissal, Dismissal service, Transportation illegal items, illegal items such, items such narcotics, such narcotics intoxicating, narcotics intoxicating materials, intoxicating materials minimum, materials minimum punishment, minimum punishment transportation, punishment transportation illegal, intoxicating materials Dismissal, materials Dismissal service",53,Appendix H
Misconduct and Penalties,"What is the maximum punishment for transportation of illegal items such as narcotics, intoxicating materials?",Dismissal from service followed by criminal proceedings,"PIA Chapter 13, PIA discipline and general conduct, PIA employee policy, Misconduct and Penalties, Transportation of illegal items such as narcotics, intoxicating materials, What is the maximum punishment for transportation of illegal items such as narcotics, intoxicating materials?, misconduct list, minor misconduct, major misconduct, gross misconduct, minimum punishment, maximum punishment, disciplinary penalty, Transportation, illegal, items, such, narcotics, intoxicating, materials, maximum, punishment, Dismissal, service, followed, criminal, proceedings, Transportation illegal, illegal items, items such, such narcotics, narcotics intoxicating, intoxicating materials, materials maximum, punishment transportation, materials Dismissal, Dismissal service, service followed, followed criminal, criminal proceedings, Transportation illegal items, illegal items such, items such narcotics, such narcotics intoxicating, narcotics intoxicating materials, intoxicating materials maximum, materials maximum punishment, maximum punishment transportation, punishment transportation illegal, intoxicating materials Dismissal, materials Dismissal service, Dismissal service followed, service followed criminal, followed criminal proceedings",53,Appendix H
Misconduct and Penalties,"How is wilful omission or commission against the interests of, or resulting in loss to the Company classified?",It is classified as gross criminal misconduct.,"PIA Chapter 13, PIA discipline and general conduct, PIA employee policy, Misconduct and Penalties, Wilful omission or commission against the interests of, or resulting in loss to the Company, How is wilful omission or commission against the interests of, or resulting in loss to the Company classified?, misconduct list, minor misconduct, major misconduct, gross misconduct, minimum punishment, maximum punishment, disciplinary penalty, Wilful, omission, commission, against, interests, resulting, loss, classified, gross, criminal, misconduct, Wilful omission, omission commission, commission against, against interests, interests resulting, resulting loss, loss wilful, loss classified, classified classified, classified gross, gross criminal, criminal misconduct, Wilful omission commission, omission commission against, commission against interests, against interests resulting, interests resulting loss, resulting loss wilful, loss wilful omission, resulting loss classified, loss classified classified, classified classified gross, classified gross criminal, gross criminal misconduct",53,Appendix H
Misconduct and Penalties,"What is the minimum punishment for wilful omission or commission against the interests of, or resulting in loss to the Company?",Recovery of the loss caused to the Company followed by Compulsory retirement/Dismissal from service,"PIA Chapter 13, PIA discipline and general conduct, PIA employee policy, Misconduct and Penalties, Wilful omission or commission against the interests of, or resulting in loss to the Company, What is the minimum punishment for wilful omission or commission against the interests of, or resulting in loss to the Company?, misconduct list, minor misconduct, major misconduct, gross misconduct, minimum punishment, maximum punishment, disciplinary penalty, Wilful, omission, commission, against, interests, resulting, loss, minimum, punishment, Recovery, caused, followed, Compulsory, retirement/Dismissal, service, Wilful omission, omission commission, commission against, against interests, interests resulting, resulting loss, loss minimum, punishment wilful, loss Recovery, Recovery loss, loss caused, caused followed, followed Compulsory, Compulsory retirement/Dismissal, retirement/Dismissal service, Wilful omission commission, omission commission against, commission against interests, against interests resulting, interests resulting loss, resulting loss minimum, loss minimum punishment, minimum punishment wilful, punishment wilful omission, resulting loss Recovery, loss Recovery loss, Recovery loss caused, loss caused followed, caused followed Compulsory, followed Compulsory retirement/Dismissal, Compulsory retirement/Dismissal service",53,Appendix H
Misconduct and Penalties,"What is the maximum punishment for wilful omission or commission against the interests of, or resulting in loss to the Company?",Recovery of the loss caused to the Company followed by Compulsory retirement/Dismissal from service and criminal proceedings,"PIA Chapter 13, PIA discipline and general conduct, PIA employee policy, Misconduct and Penalties, Wilful omission or commission against the interests of, or resulting in loss to the Company, What is the maximum punishment for wilful omission or commission against the interests of, or resulting in loss to the Company?, misconduct list, minor misconduct, major misconduct, gross misconduct, minimum punishment, maximum punishment, disciplinary penalty, Wilful, omission, commission, against, interests, resulting, loss, maximum, punishment, Recovery, caused, followed, Compulsory, retirement/Dismissal, service, criminal, proceedings, Wilful omission, omission commission, commission against, against interests, interests resulting, resulting loss, loss maximum, punishment wilful, loss Recovery, Recovery loss, loss caused, caused followed, followed Compulsory, Compulsory retirement/Dismissal, retirement/Dismissal service, service criminal, criminal proceedings, Wilful omission commission, omission commission against, commission against interests, against interests resulting, interests resulting loss, resulting loss maximum, loss maximum punishment, maximum punishment wilful, punishment wilful omission, resulting loss Recovery, loss Recovery loss, Recovery loss caused, loss caused followed, caused followed Compulsory, followed Compulsory retirement/Dismissal, Compulsory retirement/Dismissal service, retirement/Dismissal service criminal, service criminal proceedings",53,Appendix H
Misconduct and Penalties,How is conviction for a criminal offence involving moral turpitude classified?,It is classified as gross criminal misconduct.,"PIA Chapter 13, PIA discipline and general conduct, PIA employee policy, Misconduct and Penalties, Conviction for a criminal offence involving moral turpitude, How is conviction for a criminal offence involving moral turpitude classified?, misconduct list, minor misconduct, major misconduct, gross misconduct, minimum punishment, maximum punishment, disciplinary penalty, Conviction, criminal, offence, involving, moral, turpitude, classified, gross, misconduct, Conviction criminal, criminal offence, offence involving, involving moral, moral turpitude, turpitude conviction, turpitude classified, classified classified, classified gross, gross criminal, criminal misconduct, Conviction criminal offence, criminal offence involving, offence involving moral, involving moral turpitude, moral turpitude conviction, turpitude conviction criminal, moral turpitude classified, turpitude classified classified, classified classified gross, classified gross criminal, gross criminal misconduct",53,Appendix H
Misconduct and Penalties,What is the minimum punishment for conviction for a criminal offence involving moral turpitude?,Compulsory retirement/Dismissal from service,"PIA Chapter 13, PIA discipline and general conduct, PIA employee policy, Misconduct and Penalties, Conviction for a criminal offence involving moral turpitude, What is the minimum punishment for conviction for a criminal offence involving moral turpitude?, misconduct list, minor misconduct, major misconduct, gross misconduct, minimum punishment, maximum punishment, disciplinary penalty, Conviction, criminal, offence, involving, moral, turpitude, minimum, punishment, Compulsory, retirement/Dismissal, service, Conviction criminal, criminal offence, offence involving, involving moral, moral turpitude, turpitude minimum, punishment conviction, turpitude Compulsory, Compulsory retirement/Dismissal, retirement/Dismissal service, Conviction criminal offence, criminal offence involving, offence involving moral, involving moral turpitude, moral turpitude minimum, turpitude minimum punishment, minimum punishment conviction, punishment conviction criminal, moral turpitude Compulsory, turpitude Compulsory retirement/Dismissal, Compulsory retirement/Dismissal service",53,Appendix H
Misconduct and Penalties,What is the maximum punishment for conviction for a criminal offence involving moral turpitude?,Compulsory retirement/Dismissal from service followed by criminal proceedings,"PIA Chapter 13, PIA discipline and general conduct, PIA employee policy, Misconduct and Penalties, Conviction for a criminal offence involving moral turpitude, What is the maximum punishment for conviction for a criminal offence involving moral turpitude?, misconduct list, minor misconduct, major misconduct, gross misconduct, minimum punishment, maximum punishment, disciplinary penalty, Conviction, criminal, offence, involving, moral, turpitude, maximum, punishment, Compulsory, retirement/Dismissal, service, followed, proceedings, Conviction criminal, criminal offence, offence involving, involving moral, moral turpitude, turpitude maximum, punishment conviction, turpitude Compulsory, Compulsory retirement/Dismissal, retirement/Dismissal service, service followed, followed criminal, criminal proceedings, Conviction criminal offence, criminal offence involving, offence involving moral, involving moral turpitude, moral turpitude maximum, turpitude maximum punishment, maximum punishment conviction, punishment conviction criminal, moral turpitude Compulsory, turpitude Compulsory retirement/Dismissal, Compulsory retirement/Dismissal service, retirement/Dismissal service followed, service followed criminal, followed criminal proceedings",53,Appendix H
Misconduct and Penalties,"How is wilful tampering with, theft or destruction of any records, documents and any property of the Company, its subsidiaries or associated companies or its customers; classified?",It is classified as gross criminal misconduct.,"PIA Chapter 13, PIA discipline and general conduct, PIA employee policy, Misconduct and Penalties, Wilful tampering with, theft or destruction of any records, documents and any property of the Company, its subsidiaries or associated companies or its customers, How is wilful tampering with, theft or destruction of any records, documents and any property of the Company, its subsidiaries or associated companies or its customers; classified?, misconduct list, minor misconduct, major misconduct, gross misconduct, minimum punishment, maximum punishment, disciplinary penalty, Wilful, tampering, theft, destruction, any, records, documents, property, subsidiaries, associated, companies, customers, classified, gross, criminal, misconduct, Wilful tampering, tampering theft, theft destruction, destruction any, any records, records documents, documents any, any property, property subsidiaries, subsidiaries associated, associated companies, companies customers, customers wilful, customers classified, classified classified, classified gross, gross criminal, criminal misconduct, Wilful tampering theft, tampering theft destruction, theft destruction any, destruction any records, any records documents, records documents any, documents any property, any property subsidiaries, property subsidiaries associated, subsidiaries associated companies, associated companies customers, companies customers wilful, customers wilful tampering, companies customers classified, customers classified classified, classified classified gross, classified gross criminal, gross criminal misconduct",53,Appendix H
Misconduct and Penalties,"What is the minimum punishment for wilful tampering with, theft or destruction of any records, documents and any property of the Company, its subsidiaries or associated companies or its customers;?",Demotion/Reduction to a lower pay group and cadre for a period not exceeding 03 years,"PIA Chapter 13, PIA discipline and general conduct, PIA employee policy, Misconduct and Penalties, Wilful tampering with, theft or destruction of any records, documents and any property of the Company, its subsidiaries or associated companies or its customers, What is the minimum punishment for wilful tampering with, theft or destruction of any records, documents and any property of the Company, its subsidiaries or associated companies or its customers;?, misconduct list, minor misconduct, major misconduct, gross misconduct, minimum punishment, maximum punishment, disciplinary penalty, Wilful, tampering, theft, destruction, any, records, documents, property, subsidiaries, associated, companies, customers, minimum, punishment, Demotion/Reduction, lower, pay, group, cadre, period, not, exceeding, years, Wilful tampering, tampering theft, theft destruction, destruction any, any records, records documents, documents any, any property, property subsidiaries, subsidiaries associated, associated companies, companies customers, customers minimum, punishment wilful, customers Demotion/Reduction, Demotion/Reduction lower, lower pay, pay group, group cadre, cadre period, period not, not exceeding, exceeding years, Wilful tampering theft, tampering theft destruction, theft destruction any, destruction any records, any records documents, records documents any, documents any property, any property subsidiaries, property subsidiaries associated, subsidiaries associated companies, associated companies customers, companies customers minimum, customers minimum punishment, minimum punishment wilful, punishment wilful tampering, companies customers Demotion/Reduction",53,Appendix H
Misconduct and Penalties,"What is the maximum punishment for wilful tampering with, theft or destruction of any records, documents and any property of the Company, its subsidiaries or associated companies or its customers;?",Compulsory retirement/Dismissal from service followed by criminal proceedings,"PIA Chapter 13, PIA discipline and general conduct, PIA employee policy, Misconduct and Penalties, Wilful tampering with, theft or destruction of any records, documents and any property of the Company, its subsidiaries or associated companies or its customers, What is the maximum punishment for wilful tampering with, theft or destruction of any records, documents and any property of the Company, its subsidiaries or associated companies or its customers;?, misconduct list, minor misconduct, major misconduct, gross misconduct, minimum punishment, maximum punishment, disciplinary penalty, Wilful, tampering, theft, destruction, any, records, documents, property, subsidiaries, associated, companies, customers, maximum, punishment, Compulsory, retirement/Dismissal, service, followed, criminal, proceedings, Wilful tampering, tampering theft, theft destruction, destruction any, any records, records documents, documents any, any property, property subsidiaries, subsidiaries associated, associated companies, companies customers, customers maximum, punishment wilful, customers Compulsory, Compulsory retirement/Dismissal, retirement/Dismissal service, service followed, followed criminal, criminal proceedings, Wilful tampering theft, tampering theft destruction, theft destruction any, destruction any records, any records documents, records documents any, documents any property, any property subsidiaries, property subsidiaries associated, subsidiaries associated companies, associated companies customers, companies customers maximum, customers maximum punishment, maximum punishment wilful, punishment wilful tampering, companies customers Compulsory, customers Compulsory retirement/Dismissal, Compulsory retirement/Dismissal service, retirement/Dismissal service followed, service followed criminal, followed criminal proceedings",53,Appendix H
Misconduct and Penalties,"How is theft, fraud or dishonesty in connection with any record, information, revenue document, business or property of the Company, any customer, agent or airline classified?",It is classified as gross criminal misconduct.,"PIA Chapter 13, PIA discipline and general conduct, PIA employee policy, Misconduct and Penalties, Theft, fraud or dishonesty in connection with any record, information, revenue document, business or property of the Company, any customer, agent or airline, How is theft, fraud or dishonesty in connection with any record, information, revenue document, business or property of the Company, any customer, agent or airline classified?, misconduct list, minor misconduct, major misconduct, gross misconduct, minimum punishment, maximum punishment, disciplinary penalty, Theft, fraud, dishonesty, connection, any, record, information, revenue, document, business, property, customer, agent, airline, classified, gross, criminal, misconduct, Theft fraud, fraud dishonesty, dishonesty connection, connection any, any record, record information, information revenue, revenue document, document business, business property, property any, any customer, customer agent, agent airline, airline theft, airline classified, classified classified, classified gross, gross criminal, criminal misconduct, Theft fraud dishonesty, fraud dishonesty connection, dishonesty connection any, connection any record, any record information, record information revenue, information revenue document, revenue document business, document business property, business property any, property any customer, any customer agent, customer agent airline, agent airline theft, airline theft fraud, agent airline classified, airline classified classified, classified classified gross, classified gross criminal, gross criminal misconduct",53,Appendix H
Misconduct and Penalties,"What is the minimum punishment for theft, fraud or dishonesty in connection with any record, information, revenue document, business or property of the Company, any customer, agent or airline?",Demotion/Reduction to a lower pay group and cadre for a period not exceeding 03 years,"PIA Chapter 13, PIA discipline and general conduct, PIA employee policy, Misconduct and Penalties, Theft, fraud or dishonesty in connection with any record, information, revenue document, business or property of the Company, any customer, agent or airline, What is the minimum punishment for theft, fraud or dishonesty in connection with any record, information, revenue document, business or property of the Company, any customer, agent or airline?, misconduct list, minor misconduct, major misconduct, gross misconduct, minimum punishment, maximum punishment, disciplinary penalty, Theft, fraud, dishonesty, connection, any, record, information, revenue, document, business, property, customer, agent, airline, minimum, punishment, Demotion/Reduction, lower, pay, group, cadre, period, not, exceeding, years, Theft fraud, fraud dishonesty, dishonesty connection, connection any, any record, record information, information revenue, revenue document, document business, business property, property any, any customer, customer agent, agent airline, airline minimum, punishment theft, airline Demotion/Reduction, Demotion/Reduction lower, lower pay, pay group, group cadre, cadre period, period not, not exceeding, exceeding years, Theft fraud dishonesty, fraud dishonesty connection, dishonesty connection any, connection any record, any record information, record information revenue, information revenue document, revenue document business, document business property, business property any, property any customer, any customer agent",53,Appendix H
Misconduct and Penalties,"What is the maximum punishment for theft, fraud or dishonesty in connection with any record, information, revenue document, business or property of the Company, any customer, agent or airline?",Compulsory retirement/Dismissal from service and recovery of the whole or any part of pecuniary loss caused to the Company,"PIA Chapter 13, PIA discipline and general conduct, PIA employee policy, Misconduct and Penalties, Theft, fraud or dishonesty in connection with any record, information, revenue document, business or property of the Company, any customer, agent or airline, What is the maximum punishment for theft, fraud or dishonesty in connection with any record, information, revenue document, business or property of the Company, any customer, agent or airline?, misconduct list, minor misconduct, major misconduct, gross misconduct, minimum punishment, maximum punishment, disciplinary penalty, Theft, fraud, dishonesty, connection, any, record, information, revenue, document, business, property, customer, agent, airline, maximum, punishment, Compulsory, retirement/Dismissal, service, recovery, whole, part, pecuniary, loss, caused, Theft fraud, fraud dishonesty, dishonesty connection, connection any, any record, record information, information revenue, revenue document, document business, business property, property any, any customer, customer agent, agent airline, airline maximum, punishment theft, airline Compulsory, Compulsory retirement/Dismissal, retirement/Dismissal service, service recovery, recovery whole, whole any, any part, part pecuniary, pecuniary loss, loss caused, Theft fraud dishonesty, fraud dishonesty connection, dishonesty connection any, connection any record, any record information, record information revenue, information revenue document, revenue document business, document business property, business property any, property any customer",53,Appendix H
Misconduct and Penalties,"How is causing damage or loss to any property, business or operations of the Company, or causing loss or damage to the property of any customer classified?",It is classified as gross criminal misconduct.,"PIA Chapter 13, PIA discipline and general conduct, PIA employee policy, Misconduct and Penalties, Causing damage or loss to any property, business or operations of the Company, or causing loss or damage to the property of any customer, How is causing damage or loss to any property, business or operations of the Company, or causing loss or damage to the property of any customer classified?, misconduct list, minor misconduct, major misconduct, gross misconduct, minimum punishment, maximum punishment, disciplinary penalty, Causing, damage, loss, any, property, business, operations, customer, classified, gross, criminal, misconduct, Causing damage, damage loss, loss any, any property, property business, business operations, operations causing, causing loss, loss damage, damage property, property any, any customer, customer causing, customer classified, classified classified, classified gross, gross criminal, criminal misconduct, Causing damage loss, damage loss any, loss any property, any property business, property business operations, business operations causing, operations causing loss, causing loss damage, loss damage property, damage property any, property any customer, any customer causing, customer causing damage, any customer classified, customer classified classified, classified classified gross, classified gross criminal, gross criminal misconduct",53,Appendix H
Misconduct and Penalties,"What is the minimum punishment for causing damage or loss to any property, business or operations of the Company, or causing loss or damage to the property of any customer?",Demotion/Reduction to a lower pay group and cadre for a period not exceeding 03 years,"PIA Chapter 13, PIA discipline and general conduct, PIA employee policy, Misconduct and Penalties, Causing damage or loss to any property, business or operations of the Company, or causing loss or damage to the property of any customer, What is the minimum punishment for causing damage or loss to any property, business or operations of the Company, or causing loss or damage to the property of any customer?, misconduct list, minor misconduct, major misconduct, gross misconduct, minimum punishment, maximum punishment, disciplinary penalty, Causing, damage, loss, any, property, business, operations, customer, minimum, punishment, Demotion/Reduction, lower, pay, group, cadre, period, not, exceeding, years, Causing damage, damage loss, loss any, any property, property business, business operations, operations causing, causing loss, loss damage, damage property, property any, any customer, customer minimum, punishment causing, customer Demotion/Reduction, Demotion/Reduction lower, lower pay, pay group, group cadre, cadre period, period not, not exceeding, exceeding years, Causing damage loss, damage loss any, loss any property, any property business, property business operations, business operations causing, operations causing loss, causing loss damage, loss damage property, damage property any, property any customer, any customer minimum, customer minimum punishment, minimum punishment causing, punishment causing damage, any customer Demotion/Reduction, customer Demotion/Reduction lower, Demotion/Reduction lower pay, lower pay group, pay group cadre",53,Appendix H
Misconduct and Penalties,"What is the maximum punishment for causing damage or loss to any property, business or operations of the Company, or causing loss or damage to the property of any customer?",Compulsory retirement/Dismissal from service followed by recovery of the whole or any part of pecuniary loss and criminal proceedings,"PIA Chapter 13, PIA discipline and general conduct, PIA employee policy, Misconduct and Penalties, Causing damage or loss to any property, business or operations of the Company, or causing loss or damage to the property of any customer, What is the maximum punishment for causing damage or loss to any property, business or operations of the Company, or causing loss or damage to the property of any customer?, misconduct list, minor misconduct, major misconduct, gross misconduct, minimum punishment, maximum punishment, disciplinary penalty, Causing, damage, loss, any, property, business, operations, customer, maximum, punishment, Compulsory, retirement/Dismissal, service, followed, recovery, whole, part, pecuniary, criminal, proceedings, Causing damage, damage loss, loss any, any property, property business, business operations, operations causing, causing loss, loss damage, damage property, property any, any customer, customer maximum, punishment causing, customer Compulsory, Compulsory retirement/Dismissal, retirement/Dismissal service, service followed, followed recovery, recovery whole, whole any, any part, part pecuniary, pecuniary loss, loss criminal, criminal proceedings, Causing damage loss, damage loss any, loss any property, any property business, property business operations, business operations causing, operations causing loss, causing loss damage, loss damage property, damage property any, property any customer, any customer maximum, customer maximum punishment, maximum punishment causing, punishment causing damage, any customer Compulsory",53,Appendix H
Misconduct and Penalties,How is taking or giving bribes or any illegal gratification classified?,It is classified as gross criminal misconduct.,"PIA Chapter 13, PIA discipline and general conduct, PIA employee policy, Misconduct and Penalties, Taking or giving bribes or any illegal gratification, How is taking or giving bribes or any illegal gratification classified?, misconduct list, minor misconduct, major misconduct, gross misconduct, minimum punishment, maximum punishment, disciplinary penalty, Taking, giving, bribes, any, illegal, gratification, classified, gross, criminal, misconduct, Taking giving, giving bribes, bribes any, any illegal, illegal gratification, gratification taking, gratification classified, classified classified, classified gross, gross criminal, criminal misconduct, Taking giving bribes, giving bribes any, bribes any illegal, any illegal gratification, illegal gratification taking, gratification taking giving, illegal gratification classified, gratification classified classified, classified classified gross, classified gross criminal, gross criminal misconduct",53,Appendix H
Misconduct and Penalties,What is the minimum punishment for taking or giving bribes or any illegal gratification?,Demotion/Reduction to a lower pay group and cadre for a period not exceeding 03 years,"PIA Chapter 13, PIA discipline and general conduct, PIA employee policy, Misconduct and Penalties, Taking or giving bribes or any illegal gratification, What is the minimum punishment for taking or giving bribes or any illegal gratification?, misconduct list, minor misconduct, major misconduct, gross misconduct, minimum punishment, maximum punishment, disciplinary penalty, Taking, giving, bribes, any, illegal, gratification, minimum, punishment, Demotion/Reduction, lower, pay, group, cadre, period, not, exceeding, years, Taking giving, giving bribes, bribes any, any illegal, illegal gratification, gratification minimum, punishment taking, gratification Demotion/Reduction, Demotion/Reduction lower, lower pay, pay group, group cadre, cadre period, period not, not exceeding, exceeding years, Taking giving bribes, giving bribes any, bribes any illegal, any illegal gratification, illegal gratification minimum, gratification minimum punishment, minimum punishment taking, punishment taking giving, illegal gratification Demotion/Reduction, gratification Demotion/Reduction lower, Demotion/Reduction lower pay, lower pay group, pay group cadre, group cadre period, cadre period not, period not exceeding, not exceeding years",53,Appendix H
Misconduct and Penalties,What is the maximum punishment for taking or giving bribes or any illegal gratification?,Compulsory retirement/Dismissal from service followed by criminal proceedings,"PIA Chapter 13, PIA discipline and general conduct, PIA employee policy, Misconduct and Penalties, Taking or giving bribes or any illegal gratification, What is the maximum punishment for taking or giving bribes or any illegal gratification?, misconduct list, minor misconduct, major misconduct, gross misconduct, minimum punishment, maximum punishment, disciplinary penalty, Taking, giving, bribes, any, illegal, gratification, maximum, punishment, Compulsory, retirement/Dismissal, service, followed, criminal, proceedings, Taking giving, giving bribes, bribes any, any illegal, illegal gratification, gratification maximum, punishment taking, gratification Compulsory, Compulsory retirement/Dismissal, retirement/Dismissal service, service followed, followed criminal, criminal proceedings, Taking giving bribes, giving bribes any, bribes any illegal, any illegal gratification, illegal gratification maximum, gratification maximum punishment, maximum punishment taking, punishment taking giving, illegal gratification Compulsory, gratification Compulsory retirement/Dismissal, Compulsory retirement/Dismissal service, retirement/Dismissal service followed, service followed criminal, followed criminal proceedings",53,Appendix H
Misconduct and Penalties,How is taking part or suspected of being engaged in subversive or other offences against civil aviation or reasonability suspected of being associated with others engaged in subversive activities. classified?,It is classified as gross criminal misconduct.,"PIA Chapter 13, PIA discipline and general conduct, PIA employee policy, Misconduct and Penalties, Taking part or suspected of being engaged in subversive or other offences against civil aviation or reasonability suspected of being associated with others engaged in subversive activities., How is taking part or suspected of being engaged in subversive or other offences against civil aviation or reasonability suspected of being associated with others engaged in subversive activities. classified?, misconduct list, minor misconduct, major misconduct, gross misconduct, minimum punishment, maximum punishment, disciplinary penalty, Taking, part, suspected, engaged, subversive, other, offences, against, civil, aviation, reasonability, associated, others, activities, classified, gross, criminal, misconduct, Taking part, part suspected, suspected engaged, engaged subversive, subversive other, other offences, offences against, against civil, civil aviation, aviation reasonability, reasonability suspected, suspected associated, associated others, others engaged, subversive activities, activities taking, activities classified, classified classified, classified gross, gross criminal, criminal misconduct, Taking part suspected, part suspected engaged, suspected engaged subversive, engaged subversive other, subversive other offences, other offences against, offences against civil, against civil aviation, civil aviation reasonability, aviation reasonability suspected, reasonability suspected associated, suspected associated others, associated others engaged, others engaged subversive, engaged subversive activities, subversive activities taking, activities taking part, subversive activities classified, activities classified classified, classified classified gross, classified gross criminal, gross criminal misconduct",54,Appendix H
Misconduct and Penalties,What is the minimum punishment for taking part or suspected of being engaged in subversive or other offences against civil aviation or reasonability suspected of being associated?,Compulsory retirement/Dismissal from service and recovery of the whole or any part of pecuniary loss caused to the Company,"PIA Chapter 13, PIA discipline and general conduct, PIA employee policy, Misconduct and Penalties, Taking part or suspected of being engaged in subversive or other offences against civil aviation or reasonability suspected of being associated with others engaged in subversive activities., What is the minimum punishment for taking part or suspected of being engaged in subversive or other offences against civil aviation or reasonability suspected of being associated?, misconduct list, minor misconduct, major misconduct, gross misconduct, minimum punishment, maximum punishment, disciplinary penalty, Taking, part, suspected, engaged, subversive, other, offences, against, civil, aviation, reasonability, associated, others, activities, minimum, punishment, Compulsory, retirement/Dismissal, service, recovery, whole, any, pecuniary, loss, caused, Taking part, part suspected, suspected engaged, engaged subversive, subversive other, other offences, offences against, against civil, civil aviation, aviation reasonability, reasonability suspected, suspected associated, associated others, others engaged, subversive activities, activities minimum, punishment taking, associated Compulsory, Compulsory retirement/Dismissal, retirement/Dismissal service, service recovery, recovery whole, whole any, any part, part pecuniary, pecuniary loss, loss caused, Taking part suspected, part suspected engaged, suspected engaged subversive, engaged subversive other, subversive other offences, other offences against, offences against civil, against civil aviation, civil aviation reasonability, aviation reasonability suspected",54,Appendix H
Misconduct and Penalties,What is the maximum punishment for taking part or suspected of being engaged in subversive or other offences against civil aviation or reasonability suspected of being associated?,Compulsory retirement/Dismissal from service followed by criminal proceedings,"PIA Chapter 13, PIA discipline and general conduct, PIA employee policy, Misconduct and Penalties, Taking part or suspected of being engaged in subversive or other offences against civil aviation or reasonability suspected of being associated with others engaged in subversive activities., What is the maximum punishment for taking part or suspected of being engaged in subversive or other offences against civil aviation or reasonability suspected of being associated?, misconduct list, minor misconduct, major misconduct, gross misconduct, minimum punishment, maximum punishment, disciplinary penalty, Taking, part, suspected, engaged, subversive, other, offences, against, civil, aviation, reasonability, associated, others, activities, maximum, punishment, Compulsory, retirement/Dismissal, service, followed, criminal, proceedings, Taking part, part suspected, suspected engaged, engaged subversive, subversive other, other offences, offences against, against civil, civil aviation, aviation reasonability, reasonability suspected, suspected associated, associated others, others engaged, subversive activities, activities maximum, punishment taking, associated Compulsory, Compulsory retirement/Dismissal, retirement/Dismissal service, service followed, followed criminal, criminal proceedings, Taking part suspected, part suspected engaged, suspected engaged subversive, engaged subversive other, subversive other offences, other offences against, offences against civil, against civil aviation, civil aviation reasonability, aviation reasonability suspected, reasonability suspected associated, suspected associated others, associated others engaged, others engaged subversive, engaged subversive activities, subversive activities maximum, activities maximum punishment",54,Appendix H
Misconduct and Penalties,How is taking part or suspected of being engaged in subversive or other offences against civil aviation or reasonability suspected of being associated classified?,It is classified as gross criminal misconduct.,"PIA Chapter 13, PIA discipline and general conduct, PIA employee policy, Misconduct and Penalties, Taking part or suspected of being engaged in subversive or other offences against civil aviation or reasonability suspected of being associated with others engaged in hijacking or other offences against civil aviation., How is taking part or suspected of being engaged in subversive or other offences against civil aviation or reasonability suspected of being associated classified?, misconduct list, minor misconduct, major misconduct, gross misconduct, minimum punishment, maximum punishment, disciplinary penalty, Taking, part, suspected, engaged, subversive, other, offences, against, civil, aviation, reasonability, associated, others, hijacking, classified, gross, criminal, misconduct, Taking part, part suspected, suspected engaged, engaged subversive, subversive other, other offences, offences against, against civil, civil aviation, aviation reasonability, reasonability suspected, suspected associated, associated others, others engaged, engaged hijacking, hijacking other, aviation taking, associated classified, classified classified, classified gross, gross criminal, criminal misconduct, Taking part suspected, part suspected engaged, suspected engaged subversive, engaged subversive other, subversive other offences, other offences against, offences against civil, against civil aviation, civil aviation reasonability, aviation reasonability suspected, reasonability suspected associated, suspected associated others, associated others engaged, others engaged hijacking, engaged hijacking other, hijacking other offences, civil aviation taking, aviation taking part, suspected associated classified, associated classified classified, classified classified gross, classified gross criminal",54,Appendix H
Misconduct and Penalties,"How is withholding any information about any conspiracy or plan of hijacking or any offence against civil aviation or criminal activity, including smuggling; classified?",It is classified as gross criminal misconduct.,"PIA Chapter 13, PIA discipline and general conduct, PIA employee policy, Misconduct and Penalties, Withholding any information about any conspiracy or plan of hijacking or any offence against civil aviation or criminal activity, including smuggling, How is withholding any information about any conspiracy or plan of hijacking or any offence against civil aviation or criminal activity, including smuggling; classified?, misconduct list, minor misconduct, major misconduct, gross misconduct, minimum punishment, maximum punishment, disciplinary penalty, Withholding, any, information, conspiracy, plan, hijacking, offence, against, civil, aviation, criminal, activity, including, smuggling, classified, gross, misconduct, Withholding any, any information, information any, any conspiracy, conspiracy plan, plan hijacking, hijacking any, any offence, offence against, against civil, civil aviation, aviation criminal, criminal activity, activity including, including smuggling, smuggling withholding, smuggling classified, classified classified, classified gross, gross criminal, criminal misconduct, Withholding any information, any information any, information any conspiracy, any conspiracy plan, conspiracy plan hijacking, plan hijacking any, hijacking any offence, any offence against, offence against civil, against civil aviation, civil aviation criminal, aviation criminal activity, criminal activity including, activity including smuggling, including smuggling withholding, smuggling withholding any, including smuggling classified, smuggling classified classified, classified classified gross, classified gross criminal, gross criminal misconduct",54,Appendix H
Misconduct and Penalties,"What is the minimum punishment for withholding any information about any conspiracy or plan of hijacking or any offence against civil aviation or criminal activity, including smuggling;?",Compulsory retirement/Dismissal from service,"PIA Chapter 13, PIA discipline and general conduct, PIA employee policy, Misconduct and Penalties, Withholding any information about any conspiracy or plan of hijacking or any offence against civil aviation or criminal activity, including smuggling, What is the minimum punishment for withholding any information about any conspiracy or plan of hijacking or any offence against civil aviation or criminal activity, including smuggling;?, misconduct list, minor misconduct, major misconduct, gross misconduct, minimum punishment, maximum punishment, disciplinary penalty, Withholding, any, information, conspiracy, plan, hijacking, offence, against, civil, aviation, criminal, activity, including, smuggling, minimum, punishment, Compulsory, retirement/Dismissal, service, Withholding any, any information, information any, any conspiracy, conspiracy plan, plan hijacking, hijacking any, any offence, offence against, against civil, civil aviation, aviation criminal, criminal activity, activity including, including smuggling, smuggling minimum, punishment withholding, smuggling Compulsory, Compulsory retirement/Dismissal, retirement/Dismissal service, Withholding any information, any information any, information any conspiracy, any conspiracy plan, conspiracy plan hijacking, plan hijacking any, hijacking any offence, any offence against, offence against civil, against civil aviation, civil aviation criminal, aviation criminal activity, criminal activity including, activity including smuggling, including smuggling minimum, smuggling minimum punishment, minimum punishment withholding, punishment withholding any, including smuggling Compulsory, smuggling Compulsory retirement/Dismissal, Compulsory retirement/Dismissal service",54,Appendix H
Misconduct and Penalties,"What is the maximum punishment for withholding any information about any conspiracy or plan of hijacking or any offence against civil aviation or criminal activity, including smuggling;?",Compulsory retirement/Dismissal from service followed by criminal proceedings,"PIA Chapter 13, PIA discipline and general conduct, PIA employee policy, Misconduct and Penalties, Withholding any information about any conspiracy or plan of hijacking or any offence against civil aviation or criminal activity, including smuggling, What is the maximum punishment for withholding any information about any conspiracy or plan of hijacking or any offence against civil aviation or criminal activity, including smuggling;?, misconduct list, minor misconduct, major misconduct, gross misconduct, minimum punishment, maximum punishment, disciplinary penalty, Withholding, any, information, conspiracy, plan, hijacking, offence, against, civil, aviation, criminal, activity, including, smuggling, maximum, punishment, Compulsory, retirement/Dismissal, service, followed, proceedings, Withholding any, any information, information any, any conspiracy, conspiracy plan, plan hijacking, hijacking any, any offence, offence against, against civil, civil aviation, aviation criminal, criminal activity, activity including, including smuggling, smuggling maximum, punishment withholding, smuggling Compulsory, Compulsory retirement/Dismissal, retirement/Dismissal service, service followed, followed criminal, criminal proceedings, Withholding any information, any information any, information any conspiracy, any conspiracy plan, conspiracy plan hijacking, plan hijacking any, hijacking any offence, any offence against, offence against civil, against civil aviation, civil aviation criminal, aviation criminal activity, criminal activity including, activity including smuggling, including smuggling maximum, smuggling maximum punishment, maximum punishment withholding, punishment withholding any",54,Appendix H
Misconduct and Penalties,How is gambling or being involved in any illegal or immoral act of omission or commission within the establishments of the Company; classified?,It is classified as gross criminal misconduct.,"PIA Chapter 13, PIA discipline and general conduct, PIA employee policy, Misconduct and Penalties, Gambling or being involved in any illegal or immoral act of omission or commission within the establishments of the Company, How is gambling or being involved in any illegal or immoral act of omission or commission within the establishments of the Company; classified?, misconduct list, minor misconduct, major misconduct, gross misconduct, minimum punishment, maximum punishment, disciplinary penalty, Gambling, involved, any, illegal, immoral, act, omission, commission, within, establishments, classified, gross, criminal, misconduct, Gambling involved, involved any, any illegal, illegal immoral, immoral act, act omission, omission commission, commission within, within establishments, establishments gambling, establishments classified, classified classified, classified gross, gross criminal, criminal misconduct, Gambling involved any, involved any illegal, any illegal immoral, illegal immoral act, immoral act omission, act omission commission, omission commission within, commission within establishments, within establishments gambling, establishments gambling involved, within establishments classified, establishments classified classified, classified classified gross, classified gross criminal, gross criminal misconduct",54,Appendix H
Misconduct and Penalties,What is the minimum punishment for gambling or being involved in any illegal or immoral act of omission or commission within the establishments of the Company;?,Compulsory retirement/Dismissal from service,"PIA Chapter 13, PIA discipline and general conduct, PIA employee policy, Misconduct and Penalties, Gambling or being involved in any illegal or immoral act of omission or commission within the establishments of the Company, What is the minimum punishment for gambling or being involved in any illegal or immoral act of omission or commission within the establishments of the Company;?, misconduct list, minor misconduct, major misconduct, gross misconduct, minimum punishment, maximum punishment, disciplinary penalty, Gambling, involved, any, illegal, immoral, act, omission, commission, within, establishments, minimum, punishment, Compulsory, retirement/Dismissal, service, Gambling involved, involved any, any illegal, illegal immoral, immoral act, act omission, omission commission, commission within, within establishments, establishments minimum, punishment gambling, establishments Compulsory, Compulsory retirement/Dismissal, retirement/Dismissal service, Gambling involved any, involved any illegal, any illegal immoral, illegal immoral act, immoral act omission, act omission commission, omission commission within, commission within establishments, within establishments minimum, establishments minimum punishment, minimum punishment gambling, punishment gambling involved, within establishments Compulsory, establishments Compulsory retirement/Dismissal, Compulsory retirement/Dismissal service",54,Appendix H
Misconduct and Penalties,What is the maximum punishment for gambling or being involved in any illegal or immoral act of omission or commission within the establishments of the Company;?,Compulsory retirement/Dismissal from service followed by criminal proceedings,"PIA Chapter 13, PIA discipline and general conduct, PIA employee policy, Misconduct and Penalties, Gambling or being involved in any illegal or immoral act of omission or commission within the establishments of the Company, What is the maximum punishment for gambling or being involved in any illegal or immoral act of omission or commission within the establishments of the Company;?, misconduct list, minor misconduct, major misconduct, gross misconduct, minimum punishment, maximum punishment, disciplinary penalty, Gambling, involved, any, illegal, immoral, act, omission, commission, within, establishments, maximum, punishment, Compulsory, retirement/Dismissal, service, followed, criminal, proceedings, Gambling involved, involved any, any illegal, illegal immoral, immoral act, act omission, omission commission, commission within, within establishments, establishments maximum, punishment gambling, establishments Compulsory, Compulsory retirement/Dismissal, retirement/Dismissal service, service followed, followed criminal, criminal proceedings, Gambling involved any, involved any illegal, any illegal immoral, illegal immoral act, immoral act omission, act omission commission, omission commission within, commission within establishments, within establishments maximum, establishments maximum punishment, maximum punishment gambling, punishment gambling involved, within establishments Compulsory, establishments Compulsory retirement/Dismissal, Compulsory retirement/Dismissal service, retirement/Dismissal service followed, service followed criminal, followed criminal proceedings",54,Appendix H
Misconduct and Penalties,How is theft of any other employee's property within any establishment of the Company classified?,It is classified as gross criminal misconduct.,"PIA Chapter 13, PIA discipline and general conduct, PIA employee policy, Misconduct and Penalties, Theft of any other employee's property within any establishment of the Company, How is theft of any other employee's property within any establishment of the Company classified?, misconduct list, minor misconduct, major misconduct, gross misconduct, minimum punishment, maximum punishment, disciplinary penalty, Theft, any, other, employee's, property, within, establishment, classified, gross, criminal, misconduct, Theft any, any other, other employee's, employee's property, property within, within any, any establishment, establishment theft, establishment classified, classified classified, classified gross, gross criminal, criminal misconduct, Theft any other, any other employee's, other employee's property, employee's property within, property within any, within any establishment, any establishment theft, establishment theft any, any establishment classified, establishment classified classified, classified classified gross, classified gross criminal, gross criminal misconduct",54,Appendix H
Misconduct and Penalties,What is the minimum punishment for theft of any other employee's property within any establishment of the Company?,Compulsory retirement/Dismissal from service,"PIA Chapter 13, PIA discipline and general conduct, PIA employee policy, Misconduct and Penalties, Theft of any other employee's property within any establishment of the Company, What is the minimum punishment for theft of any other employee's property within any establishment of the Company?, misconduct list, minor misconduct, major misconduct, gross misconduct, minimum punishment, maximum punishment, disciplinary penalty, Theft, any, other, employee's, property, within, establishment, minimum, punishment, Compulsory, retirement/Dismissal, service, Theft any, any other, other employee's, employee's property, property within, within any, any establishment, establishment minimum, punishment theft, establishment Compulsory, Compulsory retirement/Dismissal, retirement/Dismissal service, Theft any other, any other employee's, other employee's property, employee's property within, property within any, within any establishment, any establishment minimum, establishment minimum punishment, minimum punishment theft, punishment theft any, any establishment Compulsory, establishment Compulsory retirement/Dismissal, Compulsory retirement/Dismissal service",54,Appendix H
Misconduct and Penalties,What is the maximum punishment for theft of any other employee's property within any establishment of the Company?,Compulsory retirement/Dismissal from service followed by criminal proceedings,"PIA Chapter 13, PIA discipline and general conduct, PIA employee policy, Misconduct and Penalties, Theft of any other employee's property within any establishment of the Company, What is the maximum punishment for theft of any other employee's property within any establishment of the Company?, misconduct list, minor misconduct, major misconduct, gross misconduct, minimum punishment, maximum punishment, disciplinary penalty, Theft, any, other, employee's, property, within, establishment, maximum, punishment, Compulsory, retirement/Dismissal, service, followed, criminal, proceedings, Theft any, any other, other employee's, employee's property, property within, within any, any establishment, establishment maximum, punishment theft, establishment Compulsory, Compulsory retirement/Dismissal, retirement/Dismissal service, service followed, followed criminal, criminal proceedings, Theft any other, any other employee's, other employee's property, employee's property within, property within any, within any establishment, any establishment maximum, establishment maximum punishment, maximum punishment theft, punishment theft any, any establishment Compulsory, establishment Compulsory retirement/Dismissal, Compulsory retirement/Dismissal service, retirement/Dismissal service followed, service followed criminal, followed criminal proceedings",54,Appendix H
Misconduct and Penalties,"How is giving false information regarding name, age, father's name, educational or professional qualifications, previous service or experience or classified?",It is classified as gross criminal misconduct.,"PIA Chapter 13, PIA discipline and general conduct, PIA employee policy, Misconduct and Penalties, Giving false information regarding name, age, father's name, educational or professional qualifications, previous service or experience or anything relating to the record of service at the time of joining the service of the Company or at any other time during the service of the Company, How is giving false information regarding name, age, father's name, educational or professional qualifications, previous service or experience or classified?, misconduct list, minor misconduct, major misconduct, gross misconduct, minimum punishment, maximum punishment, disciplinary penalty, Giving, false, information, name, age, father's, educational, professional, qualifications, previous, service, experience, anything, relating, record, time, joining, any, other, during, classified, gross, criminal, misconduct, Giving false, false information, information name, name age, age father's, father's name, name educational, educational professional, professional qualifications, qualifications previous, previous service, service experience, experience anything, anything relating, relating record, record service, service time, time joining, joining service, service any, any other, other time, time during, during service, service giving, experience classified, classified classified, classified gross, gross criminal, criminal misconduct, Giving false information, false information name, information name age, name age father's, age father's name, father's name educational, name educational professional, educational professional qualifications",54,Appendix H
Misconduct and Penalties,"What is the minimum punishment for giving false information regarding name, age, father's name, educational or professional qualifications, previous service or experience or?",Compulsory retirement/Dismissal from service,"PIA Chapter 13, PIA discipline and general conduct, PIA employee policy, Misconduct and Penalties, Giving false information regarding name, age, father's name, educational or professional qualifications, previous service or experience or anything relating to the record of service at the time of joining the service of the Company or at any other time during the service of the Company, What is the minimum punishment for giving false information regarding name, age, father's name, educational or professional qualifications, previous service or experience or?, misconduct list, minor misconduct, major misconduct, gross misconduct, minimum punishment, maximum punishment, disciplinary penalty, Giving, false, information, name, age, father's, educational, professional, qualifications, previous, service, experience, anything, relating, record, time, joining, any, other, during, minimum, punishment, Compulsory, retirement/Dismissal, Giving false, false information, information name, name age, age father's, father's name, name educational, educational professional, professional qualifications, qualifications previous, previous service, service experience, experience anything, anything relating, relating record, record service, service time, time joining, joining service, service any, any other, other time, time during, during service, service minimum, punishment giving, experience Compulsory, Compulsory retirement/Dismissal, retirement/Dismissal service, Giving false information, false information name, information name age, name age father's, age father's name, father's name educational, name educational professional, educational professional qualifications, professional qualifications previous",54,Appendix H
Misconduct and Penalties,"What is the maximum punishment for giving false information regarding name, age, father's name, educational or professional qualifications, previous service or experience or?",Compulsory retirement/Dismissal from service followed by criminal proceedings,"PIA Chapter 13, PIA discipline and general conduct, PIA employee policy, Misconduct and Penalties, Giving false information regarding name, age, father's name, educational or professional qualifications, previous service or experience or anything relating to the record of service at the time of joining the service of the Company or at any other time during the service of the Company, What is the maximum punishment for giving false information regarding name, age, father's name, educational or professional qualifications, previous service or experience or?, misconduct list, minor misconduct, major misconduct, gross misconduct, minimum punishment, maximum punishment, disciplinary penalty, Giving, false, information, name, age, father's, educational, professional, qualifications, previous, service, experience, anything, relating, record, time, joining, any, other, during, maximum, punishment, Compulsory, retirement/Dismissal, followed, criminal, proceedings, Giving false, false information, information name, name age, age father's, father's name, name educational, educational professional, professional qualifications, qualifications previous, previous service, service experience, experience anything, anything relating, relating record, record service, service time, time joining, joining service, service any, any other, other time, time during, during service, service maximum, punishment giving, experience Compulsory, Compulsory retirement/Dismissal, retirement/Dismissal service, service followed, followed criminal, criminal proceedings, Giving false information, false information name, information name age",54,Appendix H
Misconduct and Penalties,How is smuggling or suspected of being engaged in smuggling or reasonably suspected of being associated with others engaged in smuggling; classified?,It is classified as gross criminal misconduct.,"PIA Chapter 13, PIA discipline and general conduct, PIA employee policy, Misconduct and Penalties, Smuggling or suspected of being engaged in smuggling or reasonably suspected of being associated with others engaged in smuggling, How is smuggling or suspected of being engaged in smuggling or reasonably suspected of being associated with others engaged in smuggling; classified?, misconduct list, minor misconduct, major misconduct, gross misconduct, minimum punishment, maximum punishment, disciplinary penalty, Smuggling, suspected, engaged, reasonably, associated, others, classified, gross, criminal, misconduct, Smuggling suspected, suspected engaged, engaged smuggling, smuggling reasonably, reasonably suspected, suspected associated, associated others, others engaged, smuggling smuggling, smuggling classified, classified classified, classified gross, gross criminal, criminal misconduct, Smuggling suspected engaged, suspected engaged smuggling, engaged smuggling reasonably, smuggling reasonably suspected, reasonably suspected associated, suspected associated others, associated others engaged, others engaged smuggling, engaged smuggling smuggling, smuggling smuggling suspected, engaged smuggling classified, smuggling classified classified, classified classified gross, classified gross criminal, gross criminal misconduct",55,Appendix H
Misconduct and Penalties,What is the minimum punishment for smuggling or suspected of being engaged in smuggling or reasonably suspected of being associated with others engaged in smuggling;?,Compulsory retirement/Dismissal from service,"PIA Chapter 13, PIA discipline and general conduct, PIA employee policy, Misconduct and Penalties, Smuggling or suspected of being engaged in smuggling or reasonably suspected of being associated with others engaged in smuggling, What is the minimum punishment for smuggling or suspected of being engaged in smuggling or reasonably suspected of being associated with others engaged in smuggling;?, misconduct list, minor misconduct, major misconduct, gross misconduct, minimum punishment, maximum punishment, disciplinary penalty, Smuggling, suspected, engaged, reasonably, associated, others, minimum, punishment, Compulsory, retirement/Dismissal, service, Smuggling suspected, suspected engaged, engaged smuggling, smuggling reasonably, reasonably suspected, suspected associated, associated others, others engaged, smuggling minimum, punishment smuggling, smuggling Compulsory, Compulsory retirement/Dismissal, retirement/Dismissal service, Smuggling suspected engaged, suspected engaged smuggling, engaged smuggling reasonably, smuggling reasonably suspected, reasonably suspected associated, suspected associated others, associated others engaged, others engaged smuggling, engaged smuggling minimum, smuggling minimum punishment, minimum punishment smuggling, punishment smuggling suspected, engaged smuggling Compulsory, smuggling Compulsory retirement/Dismissal, Compulsory retirement/Dismissal service",55,Appendix H
Misconduct and Penalties,What is the maximum punishment for smuggling or suspected of being engaged in smuggling or reasonably suspected of being associated with others engaged in smuggling;?,Compulsory retirement/Dismissal from service followed by criminal proceedings,"PIA Chapter 13, PIA discipline and general conduct, PIA employee policy, Misconduct and Penalties, Smuggling or suspected of being engaged in smuggling or reasonably suspected of being associated with others engaged in smuggling, What is the maximum punishment for smuggling or suspected of being engaged in smuggling or reasonably suspected of being associated with others engaged in smuggling;?, misconduct list, minor misconduct, major misconduct, gross misconduct, minimum punishment, maximum punishment, disciplinary penalty, Smuggling, suspected, engaged, reasonably, associated, others, maximum, punishment, Compulsory, retirement/Dismissal, service, followed, criminal, proceedings, Smuggling suspected, suspected engaged, engaged smuggling, smuggling reasonably, reasonably suspected, suspected associated, associated others, others engaged, smuggling maximum, punishment smuggling, smuggling Compulsory, Compulsory retirement/Dismissal, retirement/Dismissal service, service followed, followed criminal, criminal proceedings, Smuggling suspected engaged, suspected engaged smuggling, engaged smuggling reasonably, smuggling reasonably suspected, reasonably suspected associated, suspected associated others, associated others engaged, others engaged smuggling, engaged smuggling maximum, smuggling maximum punishment, maximum punishment smuggling, punishment smuggling suspected, engaged smuggling Compulsory, smuggling Compulsory retirement/Dismissal, Compulsory retirement/Dismissal service, retirement/Dismissal service followed, service followed criminal, followed criminal proceedings",55,Appendix H
Misconduct and Penalties,How is criminal conviction in or outside Pakistan classified?,It is classified as gross criminal misconduct.,"PIA Chapter 13, PIA discipline and general conduct, PIA employee policy, Misconduct and Penalties, Criminal conviction in or outside Pakistan, How is criminal conviction in or outside Pakistan classified?, misconduct list, minor misconduct, major misconduct, gross misconduct, minimum punishment, maximum punishment, disciplinary penalty, Criminal, conviction, outside, Pakistan, classified, gross, misconduct, Criminal conviction, conviction outside, outside Pakistan, Pakistan criminal, Pakistan classified, classified classified, classified gross, gross criminal, criminal misconduct, Criminal conviction outside, conviction outside Pakistan, outside Pakistan criminal, Pakistan criminal conviction, outside Pakistan classified, Pakistan classified classified, classified classified gross, classified gross criminal, gross criminal misconduct",55,Appendix H
Misconduct and Penalties,What is the minimum punishment for criminal conviction in or outside Pakistan?,Compulsory retirement/Dismissal from service,"PIA Chapter 13, PIA discipline and general conduct, PIA employee policy, Misconduct and Penalties, Criminal conviction in or outside Pakistan, What is the minimum punishment for criminal conviction in or outside Pakistan?, misconduct list, minor misconduct, major misconduct, gross misconduct, minimum punishment, maximum punishment, disciplinary penalty, Criminal, conviction, outside, Pakistan, minimum, punishment, Compulsory, retirement/Dismissal, service, Criminal conviction, conviction outside, outside Pakistan, Pakistan minimum, punishment criminal, Pakistan Compulsory, Compulsory retirement/Dismissal, retirement/Dismissal service, Criminal conviction outside, conviction outside Pakistan, outside Pakistan minimum, Pakistan minimum punishment, minimum punishment criminal, punishment criminal conviction, outside Pakistan Compulsory, Pakistan Compulsory retirement/Dismissal, Compulsory retirement/Dismissal service",55,Appendix H
Misconduct and Penalties,What is the maximum punishment for criminal conviction in or outside Pakistan?,Compulsory retirement/Dismissal from service,"PIA Chapter 13, PIA discipline and general conduct, PIA employee policy, Misconduct and Penalties, Criminal conviction in or outside Pakistan, What is the maximum punishment for criminal conviction in or outside Pakistan?, misconduct list, minor misconduct, major misconduct, gross misconduct, minimum punishment, maximum punishment, disciplinary penalty, Criminal, conviction, outside, Pakistan, maximum, punishment, Compulsory, retirement/Dismissal, service, Criminal conviction, conviction outside, outside Pakistan, Pakistan maximum, punishment criminal, Pakistan Compulsory, Compulsory retirement/Dismissal, retirement/Dismissal service, Criminal conviction outside, conviction outside Pakistan, outside Pakistan maximum, Pakistan maximum punishment, maximum punishment criminal, punishment criminal conviction, outside Pakistan Compulsory, Pakistan Compulsory retirement/Dismissal, Compulsory retirement/Dismissal service",55,Appendix H
Misconduct and Penalties,"How is any other criminal offense which is not listed but having adverse impact on company's discipline, business values / ethics /property/ revenue/environment classified?",It is classified as - - misconduct.,"PIA Chapter 13, PIA discipline and general conduct, PIA employee policy, Misconduct and Penalties, Any other criminal offense which is not listed but having adverse impact on company's discipline, business values / ethics /property/ revenue/environment, How is any other criminal offense which is not listed but having adverse impact on company's discipline, business values / ethics /property/ revenue/environment classified?, misconduct list, minor misconduct, major misconduct, gross misconduct, minimum punishment, maximum punishment, disciplinary penalty, Any, other, criminal, offense, which, not, listed, but, having, adverse, impact, company's, discipline, business, values, ethics, property/, revenue/environment, classified, misconduct, Any other, other criminal, criminal offense, offense which, which not, not listed, listed but, but having, having adverse, adverse impact, impact company's, company's discipline, discipline business, business values, values ethics, ethics property/, property/ revenue/environment, revenue/environment any, revenue/environment classified, classified classified, classified misconduct, Any other criminal, other criminal offense, criminal offense which, offense which not, which not listed, not listed but, listed but having, but having adverse, having adverse impact, adverse impact company's, impact company's discipline, company's discipline business, discipline business values, business values ethics, values ethics property/, ethics property/ revenue/environment, property/ revenue/environment any, revenue/environment any other, property/ revenue/environment classified, revenue/environment classified classified, classified classified misconduct",55,Appendix H
Misconduct and Penalties,"What is the minimum punishment for any other criminal offense which is not listed but having adverse impact on company's discipline, business values / ethics /property/ revenue/environment?",Commensurate to the nature of offense/misconduct,"PIA Chapter 13, PIA discipline and general conduct, PIA employee policy, Misconduct and Penalties, Any other criminal offense which is not listed but having adverse impact on company's discipline, business values / ethics /property/ revenue/environment, What is the minimum punishment for any other criminal offense which is not listed but having adverse impact on company's discipline, business values / ethics /property/ revenue/environment?, misconduct list, minor misconduct, major misconduct, gross misconduct, minimum punishment, maximum punishment, disciplinary penalty, Any, other, criminal, offense, which, not, listed, but, having, adverse, impact, company's, discipline, business, values, ethics, property/, revenue/environment, minimum, punishment, Commensurate, nature, offense/misconduct, Any other, other criminal, criminal offense, offense which, which not, not listed, listed but, but having, having adverse, adverse impact, impact company's, company's discipline, discipline business, business values, values ethics, ethics property/, property/ revenue/environment, revenue/environment minimum, punishment any, revenue/environment Commensurate, Commensurate nature, nature offense/misconduct, Any other criminal, other criminal offense, criminal offense which, offense which not, which not listed, not listed but, listed but having, but having adverse, having adverse impact, adverse impact company's, impact company's discipline, company's discipline business, discipline business values, business values ethics, values ethics property/, ethics property/ revenue/environment, property/ revenue/environment minimum",55,Appendix H
Misconduct and Penalties,"What is the maximum punishment for any other criminal offense which is not listed but having adverse impact on company's discipline, business values / ethics /property/ revenue/environment?",Commensurate to the nature of offense/misconduct,"PIA Chapter 13, PIA discipline and general conduct, PIA employee policy, Misconduct and Penalties, Any other criminal offense which is not listed but having adverse impact on company's discipline, business values / ethics /property/ revenue/environment, What is the maximum punishment for any other criminal offense which is not listed but having adverse impact on company's discipline, business values / ethics /property/ revenue/environment?, misconduct list, minor misconduct, major misconduct, gross misconduct, minimum punishment, maximum punishment, disciplinary penalty, Any, other, criminal, offense, which, not, listed, but, having, adverse, impact, company's, discipline, business, values, ethics, property/, revenue/environment, maximum, punishment, Commensurate, nature, offense/misconduct, Any other, other criminal, criminal offense, offense which, which not, not listed, listed but, but having, having adverse, adverse impact, impact company's, company's discipline, discipline business, business values, values ethics, ethics property/, property/ revenue/environment, revenue/environment maximum, punishment any, revenue/environment Commensurate, Commensurate nature, nature offense/misconduct, Any other criminal, other criminal offense, criminal offense which, offense which not, which not listed, not listed but, listed but having, but having adverse, having adverse impact, adverse impact company's, impact company's discipline, company's discipline business, discipline business values, business values ethics, values ethics property/, ethics property/ revenue/environment, property/ revenue/environment maximum",55,Appendix H
