Category,Question,Answer,Keywords
Policy,Who can approve a discounted PIA ticket for an employee?,The competent authority can approve it.,"PIA passage policy, PIA employee ticket, staff travel benefit, Policy, Rebated passage policy, Who can approve a discounted PIA ticket for an employee, The competent authority can approve it, approve, discounted, competent, authority, approve discounted, discounted competent, competent authority, authority approve, approve discounted competent, discounted competent authority, competent authority approve"
Policy,Do employees automatically get discounted PIA tickets?,No. The competent authority decides.,"PIA passage policy, PIA employee ticket, staff travel benefit, Policy, Rebated passage policy, Do employees automatically get discounted PIA tickets, No. The competent authority decides, automatically, get, discounted, competent, authority, decides, automatically get, get discounted, discounted competent, competent authority, authority decides, automatically get discounted, get discounted competent, discounted competent authority, competent authority decides"
Policy,Are discounted PIA tickets a guaranteed employee right?,"No. It is a privilege, not a guaranteed right.","PIA passage policy, PIA employee ticket, staff travel benefit, Policy, Rebated passage policy, Are discounted PIA tickets a guaranteed employee right, No. It is a privilege, not a guaranteed right, discounted, guaranteed, right, privilege, not, discounted guaranteed, guaranteed right, right privilege, privilege not, not guaranteed, discounted guaranteed right, guaranteed right privilege, right privilege not, privilege not guaranteed, not guaranteed right"
Policy,Who can use the discounted tickets approved by the PIA Board?,An employee and his or her family may receive the rebated tickets approved by the Board from time to time.,"PIA passage policy, PIA employee ticket, staff travel benefit, Policy, Rebated passage policy, Who can use the discounted tickets approved by the PIA Board, An employee and his or her family may receive the rebated tickets approved by the Board from time to time, use, discounted, approved, board, his, her, family, may, receive, rebated, time, use discounted, discounted approved, approved board, board his, his her, her family, family may, may receive, receive rebated, rebated approved, board time, time time, use discounted approved, discounted approved board, approved board his, board his her, his her family, her family may, family may receive, may receive rebated, receive rebated approved, rebated approved board, approved board time, board time time"
Policy,Who decides the ticket entitlement for employees and their families?,The PIA Board decides the entitlement.,"PIA passage policy, PIA employee ticket, staff travel benefit, Policy, Rebated passage policy, Who decides the ticket entitlement for employees and their families, The PIA Board decides the entitlement, decides, entitlement, families, board, decides entitlement, entitlement families, families board, board decides, decides entitlement families, entitlement families board, families board decides, board decides entitlement"
Definitions,Who is included as a spouse in the definition of family?,The employee's husband or wife is included.,"PIA passage policy, PIA employee ticket, staff travel benefit, Definitions, Family, Who is included as a spouse in the definition of family, The employee's husband or wife is included, included, spouse, definition, husband, wife, included spouse, spouse definition, definition family, family husband, husband wife, wife included, included spouse definition, spouse definition family, definition family husband, family husband wife, husband wife included"
Definitions,What conditions must a son meet to be included in the employee's family?,"A son must be unemployed, unmarried and not more than 27 years of age.","PIA passage policy, PIA employee ticket, staff travel benefit, Definitions, Family, What conditions must a son meet to be included in the employee's family, A son must be unemployed, unmarried and not more than 27 years of age, conditions, must, son, meet, included, unemployed, unmarried, not, more, than, years, age, conditions must, must son, son meet, meet included, included family, family son, son must, must unemployed, unemployed unmarried, unmarried not, not more, more than, than years, years age, conditions must son, must son meet, son meet included, meet included family, included family son, family son must, son must unemployed, must unemployed unmarried, unemployed unmarried not, unmarried not more, not more than, more than years, than years age"
Definitions,Which daughters are included in the definition of family?,"Unemployed daughters who are unmarried, widowed or divorced are included.","PIA passage policy, PIA employee ticket, staff travel benefit, Definitions, Family, Which daughters are included in the definition of family, Unemployed daughters who are unmarried, widowed or divorced are included, daughters, included, definition, unemployed, unmarried, widowed, divorced, daughters included, included definition, definition family, family unemployed, unemployed daughters, daughters unmarried, unmarried widowed, widowed divorced, divorced included, daughters included definition, included definition family, definition family unemployed, family unemployed daughters, unemployed daughters unmarried, daughters unmarried widowed, unmarried widowed divorced, widowed divorced included"
Definitions,Are special children included in the definition of family?,"Yes. Special children of any age are included, subject to certification by General Manager Medical.","PIA passage policy, PIA employee ticket, staff travel benefit, Definitions, Family, Are special children included in the definition of family, Yes. Special children of any age are included, subject to certification by General Manager Medical, special, children, included, definition, yes, any, age, subject, certification, general, manager, medical, special children, children included, included definition, definition family, family yes, yes special, children any, any age, age included, included subject, subject certification, certification general, general manager, manager medical, special children included, children included definition, included definition family, definition family yes, family yes special, yes special children, special children any, children any age, any age included, age included subject, included subject certification, subject certification general, certification general manager, general manager medical"
Definitions,Does the family definition apply to locally engaged employees at foreign stations?,"Yes, except that special children are excluded from this application.","PIA passage policy, PIA employee ticket, staff travel benefit, Definitions, Family, Does the family definition apply to locally engaged employees at foreign stations, Yes, except that special children are excluded from this application, definition, apply, locally, engaged, foreign, stations, yes, except, special, children, excluded, application, family definition, definition apply, apply locally, locally engaged, engaged foreign, foreign stations, stations yes, yes except, except special, special children, children excluded, excluded application, family definition apply, definition apply locally, apply locally engaged, locally engaged foreign, engaged foreign stations, foreign stations yes, stations yes except, yes except special, except special children, special children excluded, children excluded application"
Definitions,Who is counted as family for PIA ticket benefits?,"Husband or wife; unemployed and unmarried sons up to age 27; unemployed unmarried, widowed or divorced daughters of any age; and certified special children of any age.","PIA passage policy, PIA employee ticket, staff travel benefit, Definitions, Family, Who is counted as family for PIA ticket benefits, Husband or wife; unemployed and unmarried sons up to age 27; unemployed unmarried, widowed or divorced daughters of any age; and certified special children of any age, counted, benefits, husband, wife, unemployed, unmarried, sons, age, widowed, divorced, daughters, any, certified, special, children, counted family, family benefits, benefits husband, husband wife, wife unemployed, unemployed unmarried, unmarried sons, sons age, age unemployed, unmarried widowed, widowed divorced, divorced daughters, daughters any, any age, age certified, certified special, special children, children any, counted family benefits, family benefits husband, benefits husband wife, husband wife unemployed, wife unemployed unmarried, unemployed unmarried sons, unmarried sons age, sons age unemployed, age unemployed unmarried, unemployed unmarried widowed, unmarried widowed divorced, widowed divorced daughters, divorced daughters any, daughters any age, any age certified, age certified special, certified special children, special children any, children any age"
Definitions,How many adopted children can receive ticket benefit during an employee's service?,One adopted child may receive the facility.,"PIA passage policy, PIA employee ticket, staff travel benefit, Definitions, Adopted child, How many adopted children can receive ticket benefit during an employee's service, One adopted child may receive the facility, many, adopted, children, receive, benefit, during, service, one, child, may, facility, many adopted, adopted children, children receive, receive benefit, benefit during, during service, service one, one adopted, child may, may receive, receive facility, many adopted children, adopted children receive, children receive benefit, receive benefit during, benefit during service, during service one, service one adopted, one adopted child, adopted child may, child may receive, may receive facility"
Definitions,How long must an employee have been married before an adopted child can be considered?,At least five years.,"PIA passage policy, PIA employee ticket, staff travel benefit, Definitions, Adopted child, How long must an employee have been married before an adopted child can be considered, At least five years, long, must, have, been, married, before, adopted, child, considered, least, five, years, long must, must have, have been, been married, married before, before adopted, child considered, considered least, least five, five years, long must have, must have been, have been married, been married before, married before adopted, before adopted child, adopted child considered, child considered least, considered least five, least five years"
Definitions,What condition regarding the employee's own children applies to adoption ticket benefit?,The employee must have no legitimate or stepchildren.,"PIA passage policy, PIA employee ticket, staff travel benefit, Definitions, Adopted child, What condition regarding the employee's own children applies to adoption ticket benefit, The employee must have no legitimate or stepchildren, condition, regarding, own, children, applies, adoption, benefit, must, have, legitimate, stepchildren, condition regarding, regarding own, own children, children applies, applies adoption, adoption benefit, benefit must, must have, have legitimate, legitimate stepchildren, condition regarding own, regarding own children, own children applies, children applies adoption, applies adoption benefit, adoption benefit must, benefit must have, must have legitimate, have legitimate stepchildren"
Definitions,What is the normal maximum age of a child at the time of adoption?,Five years.,"PIA passage policy, PIA employee ticket, staff travel benefit, Definitions, Adopted child, What is the normal maximum age of a child at the time of adoption, Five years, normal, maximum, age, child, time, adoption, five, years, normal maximum, maximum age, age child, child time, time adoption, adoption five, normal maximum age, maximum age child, age child time, child time adoption, time adoption five, adoption five years"
Definitions,Can the five-year adoption age limit be relaxed?,"Yes, but only in exceptional cases.","PIA passage policy, PIA employee ticket, staff travel benefit, Definitions, Adopted child, Can the five-year adoption age limit be relaxed, Yes, but only in exceptional cases, five-year, adoption, age, limit, relaxed, yes, but, only, exceptional, cases, five-year adoption, adoption age, age limit, limit relaxed, relaxed yes, yes but, but only, only exceptional, exceptional cases, five-year adoption age, adoption age limit, age limit relaxed, limit relaxed yes, relaxed yes but, yes but only, but only exceptional, only exceptional cases"
Definitions,"If both husband and wife are PIA employees, how many adopted children can be considered for medical and ticket facilities?",Only one adopted child.,"PIA passage policy, PIA employee ticket, staff travel benefit, Definitions, Adopted child, If both husband and wife are PIA employees, how many adopted children can be considered for medical and ticket facilities, Only one adopted child, both, husband, wife, many, adopted, children, considered, medical, facilities, only, one, child, both husband, husband wife, wife many, many adopted, adopted children, children considered, considered medical, medical facilities, facilities only, only one, one adopted, both husband wife, husband wife many, wife many adopted, many adopted children, adopted children considered, children considered medical, considered medical facilities, medical facilities only, facilities only one, only one adopted, one adopted child"
Definitions,What evidence is required for an adopted child to be considered?,Documentary proof and compliance with legal requirements are required.,"PIA passage policy, PIA employee ticket, staff travel benefit, Definitions, Adopted child, What evidence is required for an adopted child to be considered, Documentary proof and compliance with legal requirements are required, evidence, required, adopted, child, considered, documentary, proof, compliance, legal, requirements, evidence required, required adopted, child considered, considered documentary, documentary proof, proof compliance, compliance legal, legal requirements, requirements required, evidence required adopted, required adopted child, adopted child considered, child considered documentary, considered documentary proof, documentary proof compliance, proof compliance legal, compliance legal requirements, legal requirements required"
Definitions,Who scrutinizes and processes the documents for an adopted child?,The concerned HR Business Manager or HR Manager.,"PIA passage policy, PIA employee ticket, staff travel benefit, Definitions, Adopted child, Who scrutinizes and processes the documents for an adopted child, The concerned HR Business Manager or HR Manager, scrutinizes, processes, documents, adopted, child, concerned, business, manager, scrutinizes processes, processes documents, documents adopted, child concerned, concerned business, business manager, manager manager, scrutinizes processes documents, processes documents adopted, documents adopted child, adopted child concerned, child concerned business, concerned business manager, business manager manager"
Definitions,Can an adopted child remain a family member after the couple later has a biological child?,"Yes, subject to the employee's specific request and undertaking.","PIA passage policy, PIA employee ticket, staff travel benefit, Definitions, Adopted child, Can an adopted child remain a family member after the couple later has a biological child, Yes, subject to the employee's specific request and undertaking, adopted, child, remain, family, member, after, couple, later, has, biological, yes, subject, specific, request, undertaking, child remain, remain family, family member, member after, after couple, couple later, later has, has biological, biological child, child yes, yes subject, subject specific, specific request, request undertaking, adopted child remain, child remain family, remain family member, family member after, member after couple, after couple later, couple later has, later has biological, has biological child, biological child yes, child yes subject, yes subject specific, subject specific request, specific request undertaking"
Definitions,Through which department are adopted-child cases processed and recommended?,Through the HR Department.,"PIA passage policy, PIA employee ticket, staff travel benefit, Definitions, Adopted child, Through which department are adopted-child cases processed and recommended, Through the HR Department, through, department, adopted-child, cases, processed, recommended, through department, department adopted-child, adopted-child cases, cases processed, processed recommended, recommended through, through department adopted-child, department adopted-child cases, adopted-child cases processed, cases processed recommended, processed recommended through, recommended through department"
Definitions,Who is the competent authority to approve adoption cases for ticket and medical facilities?,The Chief HR Officer (CHRO).,"PIA passage policy, PIA employee ticket, staff travel benefit, Definitions, Adopted child, Who is the competent authority to approve adoption cases for ticket and medical facilities, The Chief HR Officer (CHRO), competent, authority, approve, adoption, cases, medical, facilities, chief, officer, chro, competent authority, authority approve, approve adoption, adoption cases, cases medical, medical facilities, facilities chief, chief officer, officer chro, competent authority approve, authority approve adoption, approve adoption cases, adoption cases medical, cases medical facilities, medical facilities chief, facilities chief officer, chief officer chro"
Definitions,What are the core conditions for granting ticket benefit to an adopted child?,One child only; employee married at least five years with no legitimate or stepchildren; child normally not over five at adoption; documentary and legal proof; HR processing; and CHRO approval.,"PIA passage policy, PIA employee ticket, staff travel benefit, Definitions, Adopted child, What are the core conditions for granting ticket benefit to an adopted child, One child only; employee married at least five years with no legitimate or stepchildren; child normally not over five at adoption; documentary and legal proof; HR processing; and CHRO approval, core, conditions, granting, benefit, adopted, child, one, only, married, least, five, years, legitimate, stepchildren, normally, not, over, adoption, documentary, legal, proof, processing, chro, approval, core conditions, conditions granting, granting benefit, benefit adopted, child one, one child, child only, only married, married least, least five, five years, years legitimate, legitimate stepchildren, stepchildren child, child normally, normally not, not over, over five, five adoption, adoption documentary, documentary legal, legal proof, proof processing, processing chro, chro approval, core conditions granting, conditions granting benefit, granting benefit adopted, benefit adopted child, adopted child one, child one child, one child only, child only married, only married least, married least five, least five years, five years legitimate, years legitimate stepchildren, legitimate stepchildren child, stepchildren child normally, child normally not, normally not over, not over five, over five adoption, five adoption documentary, adoption documentary legal, documentary legal proof, legal proof processing, proof processing chro"
Definitions,Who are treated as dependent parents under the ticket policy?,Parents who are not engaged in gainful employment or business.,"PIA passage policy, PIA employee ticket, staff travel benefit, Definitions, Dependent parents, Who are treated as dependent parents under the ticket policy, Parents who are not engaged in gainful employment or business, treated, dependent, parents, policy, not, engaged, gainful, employment, business, treated dependent, parents policy, policy parents, parents not, not engaged, engaged gainful, gainful employment, employment business, treated dependent parents, dependent parents policy, parents policy parents, policy parents not, parents not engaged, not engaged gainful, engaged gainful employment, gainful employment business"
Definitions,Can retired parents receiving only a pension be treated as dependent parents?,Yes.,"PIA passage policy, PIA employee ticket, staff travel benefit, Definitions, Dependent parents, Can retired parents receiving only a pension be treated as dependent parents, Yes, retired, parents, receiving, only, pension, treated, dependent, retired parents, parents receiving, receiving only, only pension, pension treated, treated dependent, parents yes, retired parents receiving, parents receiving only, receiving only pension, only pension treated, pension treated dependent, treated dependent parents, dependent parents yes"
Rationalization of Passage Policy,Which employees are covered by the revised ticket policy?,"Regular, contractual, deputationist, local and Pakistan-based foreign-station employees, retired employees and deceased employees' families, including cockpit crew and aircraft engineers.","PIA passage policy, PIA employee ticket, staff travel benefit, Rationalization of Passage Policy, Scope and effective date, Which employees are covered by the revised ticket policy, Regular, contractual, deputationist, local and Pakistan-based foreign-station employees, retired employees and deceased employees' families, including cockpit crew and aircraft engineers, covered, revised, policy, regular, contractual, deputationist, local, pakistan-based, foreign-station, retired, deceased, families, including, cockpit, crew, aircraft, engineers, covered revised, revised policy, policy regular, regular contractual, contractual deputationist, deputationist local, local pakistan-based, pakistan-based foreign-station, foreign-station retired, retired deceased, deceased families, families including, including cockpit, cockpit crew, crew aircraft, aircraft engineers, covered revised policy, revised policy regular, policy regular contractual, regular contractual deputationist, contractual deputationist local, deputationist local pakistan-based, local pakistan-based foreign-station, pakistan-based foreign-station retired, foreign-station retired deceased, retired deceased families, deceased families including, families including cockpit, including cockpit crew, cockpit crew aircraft, crew aircraft engineers"
Rationalization of Passage Policy,From what date did the revised ticket entitlement rules become applicable?,1 February 2022.,"PIA passage policy, PIA employee ticket, staff travel benefit, Rationalization of Passage Policy, Scope and effective date, From what date did the revised ticket entitlement rules become applicable, 1 February 2022, date, did, revised, entitlement, rules, become, applicable, february, 2022, date did, did revised, revised entitlement, entitlement rules, rules become, become applicable, applicable february, february 2022, date did revised, did revised entitlement, revised entitlement rules, entitlement rules become, rules become applicable, become applicable february, applicable february 2022"
Rationalization of Passage Policy,Until what date could employees use their previous ticket entitlement?,Up to 31 January 2022.,"PIA passage policy, PIA employee ticket, staff travel benefit, Rationalization of Passage Policy, Scope and effective date, Until what date could employees use their previous ticket entitlement, Up to 31 January 2022, until, date, could, use, previous, entitlement, january, 2022, until date, date could, could use, use previous, previous entitlement, entitlement january, january 2022, until date could, date could use, could use previous, use previous entitlement, previous entitlement january, entitlement january 2022"
Rationalization of Passage Policy,What happened to previous ticket entitlements after 31 January 2022?,They expired.,"PIA passage policy, PIA employee ticket, staff travel benefit, Rationalization of Passage Policy, Scope and effective date, What happened to previous ticket entitlements after 31 January 2022, They expired, happened, previous, entitlements, after, january, 2022, expired, happened previous, previous entitlements, entitlements after, after january, january 2022, 2022 expired, happened previous entitlements, previous entitlements after, entitlements after january, after january 2022, january 2022 expired"
Rationalization of Passage Policy,Is ticket treated as an employee right under the rationalized policy?,No. It is treated as a privilege under prescribed rules.,"PIA passage policy, PIA employee ticket, staff travel benefit, Rationalization of Passage Policy, Scope and effective date, Is ticket treated as an employee right under the rationalized policy, No. It is treated as a privilege under prescribed rules, treated, right, rationalized, policy, privilege, prescribed, rules, treated right, right rationalized, rationalized policy, policy treated, treated privilege, privilege prescribed, prescribed rules, treated right rationalized, right rationalized policy, rationalized policy treated, policy treated privilege, treated privilege prescribed, privilege prescribed rules"
Employee Passage Entitlement,What tickets does a married regular employee get during probation?,Free Sublo: 0; ID90: 1; confirmed ID50: 0.,"PIA passage policy, PIA employee ticket, staff travel benefit, Employee Passage Entitlement, Serving regular married employees, What tickets does a married regular employee get during probation, Free Sublo: 0; ID90: 1; confirmed ID50: 0, ticket entitlement, Free Sublo, ID90, NS-1, ID50, confirmed ticket, annual employee tickets, married, regular, get, during, probation, free, sublo, confirmed, married regular, regular get, get during, during probation, probation free, sublo id90, id90 confirmed, confirmed id50, married regular get, regular get during, get during probation, during probation free, probation free sublo, free sublo id90, sublo id90 confirmed, id90 confirmed id50"
Employee Passage Entitlement,What tickets does a married regular employee get after probation with up to 10 years of service?,Free Sublo: 10; ID90: 10; confirmed ID50: 5.,"PIA passage policy, PIA employee ticket, staff travel benefit, Employee Passage Entitlement, Serving regular married employees, What tickets does a married regular employee get after probation with up to 10 years of service, Free Sublo: 10; ID90: 10; confirmed ID50: 5, ticket entitlement, Free Sublo, ID90, NS-1, ID50, confirmed ticket, annual employee tickets, married, regular, get, after, probation, years, service, free, sublo, confirmed, married regular, regular get, get after, after probation, probation years, years service, service free, sublo id90, id90 confirmed, confirmed id50, married regular get, regular get after, get after probation, after probation years, probation years service, years service free, service free sublo, free sublo id90, sublo id90 confirmed, id90 confirmed id50"
Employee Passage Entitlement,What tickets does a married regular employee get after more than 10 years of service?,Free Sublo: 20; ID90: 15; confirmed ID50: 10.,"PIA passage policy, PIA employee ticket, staff travel benefit, Employee Passage Entitlement, Serving regular married employees, What tickets does a married regular employee get after more than 10 years of service, Free Sublo: 20; ID90: 15; confirmed ID50: 10, ticket entitlement, Free Sublo, ID90, NS-1, ID50, confirmed ticket, annual employee tickets, married, regular, get, after, more, than, years, service, free, sublo, confirmed, married regular, regular get, get after, after more, more than, than years, years service, service free, sublo id90, id90 confirmed, confirmed id50, married regular get, regular get after, get after more, after more than, more than years, than years service, years service free, service free sublo, free sublo id90, sublo id90 confirmed, id90 confirmed id50"
Employee Passage Entitlement,What tickets does an unmarried regular employee get during probation?,Free Sublo: 0; ID90: 1; confirmed ID50: 0.,"PIA passage policy, PIA employee ticket, staff travel benefit, Employee Passage Entitlement, Serving regular unmarried employees, What tickets does an unmarried regular employee get during probation, Free Sublo: 0; ID90: 1; confirmed ID50: 0, ticket entitlement, Free Sublo, ID90, NS-1, ID50, confirmed ticket, annual employee tickets, unmarried, regular, get, during, probation, free, sublo, confirmed, unmarried regular, regular get, get during, during probation, probation free, sublo id90, id90 confirmed, confirmed id50, unmarried regular get, regular get during, get during probation, during probation free, probation free sublo, free sublo id90, sublo id90 confirmed, id90 confirmed id50"
Employee Passage Entitlement,What tickets does an unmarried regular employee get after probation with up to 10 years of service?,Free Sublo: 5; ID90: 5; confirmed ID50: 3.,"PIA passage policy, PIA employee ticket, staff travel benefit, Employee Passage Entitlement, Serving regular unmarried employees, What tickets does an unmarried regular employee get after probation with up to 10 years of service, Free Sublo: 5; ID90: 5; confirmed ID50: 3, ticket entitlement, Free Sublo, ID90, NS-1, ID50, confirmed ticket, annual employee tickets, unmarried, regular, get, after, probation, years, service, free, sublo, confirmed, unmarried regular, regular get, get after, after probation, probation years, years service, service free, sublo id90, id90 confirmed, confirmed id50, unmarried regular get, regular get after, get after probation, after probation years, probation years service, years service free, service free sublo, free sublo id90, sublo id90 confirmed, id90 confirmed id50"
Employee Passage Entitlement,What tickets does an unmarried regular employee get after more than 10 years of service?,Free Sublo: 10; ID90: 8; confirmed ID50: 5.,"PIA passage policy, PIA employee ticket, staff travel benefit, Employee Passage Entitlement, Serving regular unmarried employees, What tickets does an unmarried regular employee get after more than 10 years of service, Free Sublo: 10; ID90: 8; confirmed ID50: 5, ticket entitlement, Free Sublo, ID90, NS-1, ID50, confirmed ticket, annual employee tickets, unmarried, regular, get, after, more, than, years, service, free, sublo, confirmed, unmarried regular, regular get, get after, after more, more than, than years, years service, service free, sublo id90, id90 confirmed, confirmed id50, unmarried regular get, regular get after, get after more, after more than, more than years, than years service, years service free, service free sublo, free sublo id90, sublo id90 confirmed, id90 confirmed id50"
Employee Passage Entitlement,Are Management Trainee Officers included in the serving regular employee ticket entitlement table?,Yes.,"PIA passage policy, PIA employee ticket, staff travel benefit, Employee Passage Entitlement, Serving regular employees, Are Management Trainee Officers included in the serving regular employee ticket entitlement table, Yes, ticket entitlement, Free Sublo, ID90, NS-1, ID50, confirmed ticket, annual employee tickets, management, trainee, officers, included, serving, regular, entitlement, table, management trainee, trainee officers, officers included, included serving, serving regular, regular entitlement, entitlement table, table yes, management trainee officers, trainee officers included, officers included serving, included serving regular, serving regular entitlement, regular entitlement table, entitlement table yes"
Employee Passage Entitlement,Are Trainee Engineers included in the serving regular employee ticket entitlement table?,Yes.,"PIA passage policy, PIA employee ticket, staff travel benefit, Employee Passage Entitlement, Serving regular employees, Are Trainee Engineers included in the serving regular employee ticket entitlement table, Yes, ticket entitlement, Free Sublo, ID90, NS-1, ID50, confirmed ticket, annual employee tickets, trainee, engineers, included, serving, regular, entitlement, table, trainee engineers, engineers included, included serving, serving regular, regular entitlement, entitlement table, table yes, trainee engineers included, engineers included serving, included serving regular, serving regular entitlement, regular entitlement table, entitlement table yes"
Employee Passage Entitlement,What tickets does a married contractual or deputationist employee in PG I to VIII get?,Free Sublo: 10; ID90: 10; confirmed ID50: 5.,"PIA passage policy, PIA employee ticket, staff travel benefit, Employee Passage Entitlement, Serving contractual and deputationist employees, What tickets does a married contractual or deputationist employee in PG I to VIII get, Free Sublo: 10; ID90: 10; confirmed ID50: 5, ticket entitlement, Free Sublo, ID90, NS-1, ID50, confirmed ticket, annual employee tickets, married, contractual, deputationist, viii, get, free, sublo, confirmed, married contractual, contractual deputationist, deputationist viii, viii get, get free, sublo id90, id90 confirmed, confirmed id50, married contractual deputationist, contractual deputationist viii, deputationist viii get, viii get free, get free sublo, free sublo id90, sublo id90 confirmed, id90 confirmed id50"
Employee Passage Entitlement,What tickets does a married contractual or deputationist employee in PG IX and above get?,Free Sublo: 20; ID90: 15; confirmed ID50: 10.,"PIA passage policy, PIA employee ticket, staff travel benefit, Employee Passage Entitlement, Serving contractual and deputationist employees, What tickets does a married contractual or deputationist employee in PG IX and above get, Free Sublo: 20; ID90: 15; confirmed ID50: 10, ticket entitlement, Free Sublo, ID90, NS-1, ID50, confirmed ticket, annual employee tickets, married, contractual, deputationist, above, get, free, sublo, confirmed, married contractual, contractual deputationist, deputationist above, above get, get free, sublo id90, id90 confirmed, confirmed id50, married contractual deputationist, contractual deputationist above, deputationist above get, above get free, get free sublo, free sublo id90, sublo id90 confirmed, id90 confirmed id50"
Employee Passage Entitlement,What tickets does an unmarried or single contractual or deputationist employee in PG I to VIII get?,Free Sublo: 5; ID90: 5; confirmed ID50: 3.,"PIA passage policy, PIA employee ticket, staff travel benefit, Employee Passage Entitlement, Serving contractual and deputationist employees, What tickets does an unmarried or single contractual or deputationist employee in PG I to VIII get, Free Sublo: 5; ID90: 5; confirmed ID50: 3, ticket entitlement, Free Sublo, ID90, NS-1, ID50, confirmed ticket, annual employee tickets, unmarried, single, contractual, deputationist, viii, get, free, sublo, confirmed, unmarried single, single contractual, contractual deputationist, deputationist viii, viii get, get free, sublo id90, id90 confirmed, confirmed id50, unmarried single contractual, single contractual deputationist, contractual deputationist viii, deputationist viii get, viii get free, get free sublo, free sublo id90, sublo id90 confirmed, id90 confirmed id50"
Employee Passage Entitlement,What tickets does an unmarried or single contractual or deputationist employee in PG IX and above get?,Free Sublo: 10; ID90: 8; confirmed ID50: 5.,"PIA passage policy, PIA employee ticket, staff travel benefit, Employee Passage Entitlement, Serving contractual and deputationist employees, What tickets does an unmarried or single contractual or deputationist employee in PG IX and above get, Free Sublo: 10; ID90: 8; confirmed ID50: 5, ticket entitlement, Free Sublo, ID90, NS-1, ID50, confirmed ticket, annual employee tickets, unmarried, single, contractual, deputationist, above, get, free, sublo, confirmed, unmarried single, single contractual, contractual deputationist, deputationist above, above get, get free, sublo id90, id90 confirmed, confirmed id50, unmarried single contractual, single contractual deputationist, contractual deputationist above, deputationist above get, above get free, get free sublo, free sublo id90, sublo id90 confirmed, id90 confirmed id50"
Employee Passage Entitlement,What tickets does an eligible retired employee get?,8 Free Sublo tickets and 4 ID90 tickets; no ID50 entitlement is listed.,"PIA passage policy, PIA employee ticket, staff travel benefit, Employee Passage Entitlement, Retired employees, widows and widowers, What tickets does an eligible retired employee get, 8 Free Sublo tickets and 4 ID90 tickets; no ID50 entitlement is listed, ticket entitlement, Free Sublo, ID90, NS-1, ID50, confirmed ticket, annual employee tickets, eligible, retired, get, free, sublo, entitlement, listed, eligible retired, retired get, get free, sublo id90, id90 id50, id50 entitlement, entitlement listed, eligible retired get, retired get free, get free sublo, free sublo id90, sublo id90 id50, id90 id50 entitlement, id50 entitlement listed"
Employee Passage Entitlement,What tickets does an eligible widow or widower get?,4 Free Sublo tickets and 2 ID90 tickets; no ID50 entitlement is listed.,"PIA passage policy, PIA employee ticket, staff travel benefit, Employee Passage Entitlement, Retired employees, widows and widowers, What tickets does an eligible widow or widower get, 4 Free Sublo tickets and 2 ID90 tickets; no ID50 entitlement is listed, ticket entitlement, Free Sublo, ID90, NS-1, ID50, confirmed ticket, annual employee tickets, eligible, widow, widower, get, free, sublo, entitlement, listed, eligible widow, widow widower, widower get, get free, sublo id90, id90 id50, id50 entitlement, entitlement listed, eligible widow widower, widow widower get, widower get free, get free sublo, free sublo id90, sublo id90 id50, id90 id50 entitlement, id50 entitlement listed"
Employee Passage Entitlement,What minimum pensionable service criterion applies to the retired ticket entitlement?,At least 10 years of pensionable service.,"PIA passage policy, PIA employee ticket, staff travel benefit, Employee Passage Entitlement, Retired employees, widows and widowers, What minimum pensionable service criterion applies to the retired ticket entitlement, At least 10 years of pensionable service, ticket entitlement, Free Sublo, ID90, NS-1, ID50, confirmed ticket, annual employee tickets, minimum, pensionable, service, criterion, applies, retired, entitlement, least, years, minimum pensionable, pensionable service, service criterion, criterion applies, applies retired, retired entitlement, entitlement least, least years, years pensionable, minimum pensionable service, pensionable service criterion, service criterion applies, criterion applies retired, applies retired entitlement, retired entitlement least, entitlement least years, least years pensionable, years pensionable service"
Employee Passage Entitlement,Are employees separated under VGHS included if they were previously allowed ticket benefit?,"Yes, provided the stated pensionable service criterion is met.","PIA passage policy, PIA employee ticket, staff travel benefit, Employee Passage Entitlement, Retired employees, widows and widowers, Are employees separated under VGHS included if they were previously allowed ticket benefit, Yes, provided the stated pensionable service criterion is met, ticket entitlement, Free Sublo, ID90, NS-1, ID50, confirmed ticket, annual employee tickets, separated, vghs, included, were, previously, allowed, benefit, yes, provided, stated, pensionable, service, criterion, met, separated vghs, vghs included, included were, were previously, previously allowed, allowed benefit, benefit yes, yes provided, provided stated, stated pensionable, pensionable service, service criterion, criterion met, separated vghs included, vghs included were, included were previously, were previously allowed, previously allowed benefit, allowed benefit yes, benefit yes provided, yes provided stated, provided stated pensionable, stated pensionable service, pensionable service criterion, service criterion met"
Employee Passage Entitlement,What class of travel applies to retired employees and widows or widowers under this entitlement table?,Economy class.,"PIA passage policy, PIA employee ticket, staff travel benefit, Employee Passage Entitlement, Retired employees, widows and widowers, What class of travel applies to retired employees and widows or widowers under this entitlement table, Economy class, ticket entitlement, Free Sublo, ID90, NS-1, ID50, confirmed ticket, annual employee tickets, class, travel, applies, retired, widows, widowers, entitlement, table, economy, class travel, travel applies, applies retired, retired widows, widows widowers, widowers entitlement, entitlement table, table economy, class travel applies, travel applies retired, applies retired widows, retired widows widowers, widows widowers entitlement, widowers entitlement table, entitlement table economy, table economy class"
Employee Passage Entitlement,What alternative is available instead of using Free Sublo tickets for retired employees and widows or widowers?,They may surrender the Free Sublo entitlement and obtain 50% rebated confirmed tickets.,"PIA passage policy, PIA employee ticket, staff travel benefit, Employee Passage Entitlement, Retired employees, widows and widowers, What alternative is available instead of using Free Sublo tickets for retired employees and widows or widowers, They may surrender the Free Sublo entitlement and obtain 50% rebated confirmed tickets, ticket entitlement, Free Sublo, ID90, NS-1, ID50, confirmed ticket, annual employee tickets, alternative, available, instead, using, free, sublo, retired, widows, widowers, may, surrender, entitlement, obtain, rebated, confirmed, alternative available, available instead, instead using, using free, sublo retired, retired widows, widows widowers, widowers may, may surrender, surrender free, sublo entitlement, entitlement obtain, obtain rebated, rebated confirmed, alternative available instead, available instead using, instead using free, using free sublo, free sublo retired, sublo retired widows, retired widows widowers, widows widowers may, widowers may surrender, may surrender free, surrender free sublo, free sublo entitlement, sublo entitlement obtain, entitlement obtain rebated, obtain rebated confirmed"
Employee Passage Entitlement,On what basis are the 50% rebated confirmed tickets aresued after surrender of Free Sublo entitlement?,On a confirmed basis at par with revenue tickets.,"PIA passage policy, PIA employee ticket, staff travel benefit, Employee Passage Entitlement, Retired employees, widows and widowers, On what basis are the 50% rebated confirmed tickets aresued after surrender of Free Sublo entitlement, On a confirmed basis at par with revenue tickets, ticket entitlement, Free Sublo, ID90, NS-1, ID50, confirmed ticket, annual employee tickets, basis, rebated, confirmed, aresued, after, surrender, free, sublo, entitlement, par, revenue, basis rebated, rebated confirmed, confirmed aresued, aresued after, after surrender, surrender free, sublo entitlement, entitlement confirmed, confirmed basis, basis par, par revenue, basis rebated confirmed, rebated confirmed aresued, confirmed aresued after, aresued after surrender, after surrender free, surrender free sublo, free sublo entitlement, sublo entitlement confirmed, entitlement confirmed basis, confirmed basis par, basis par revenue"
Employee Passage Entitlement,Can the surrender option for 50% confirmed tickets be used on domestic routes?,Yes.,"PIA passage policy, PIA employee ticket, staff travel benefit, Employee Passage Entitlement, Retired employees, widows and widowers, Can the surrender option for 50% confirmed tickets be used on domestic routes, Yes, ticket entitlement, Free Sublo, ID90, NS-1, ID50, confirmed ticket, annual employee tickets, surrender, option, confirmed, used, domestic, routes, surrender option, option confirmed, confirmed used, used domestic, domestic routes, routes yes, surrender option confirmed, option confirmed used, confirmed used domestic, used domestic routes, domestic routes yes"
Employee Passage Entitlement,Can the surrender option for 50% confirmed tickets be used on international routes?,Yes.,"PIA passage policy, PIA employee ticket, staff travel benefit, Employee Passage Entitlement, Retired employees, widows and widowers, Can the surrender option for 50% confirmed tickets be used on international routes, Yes, ticket entitlement, Free Sublo, ID90, NS-1, ID50, confirmed ticket, annual employee tickets, surrender, option, confirmed, used, international, routes, surrender option, option confirmed, confirmed used, used international, international routes, routes yes, surrender option confirmed, option confirmed used, confirmed used international, used international routes, international routes yes"
Employee Passage Entitlement,For how long is ticket benefit available where service is at least 10 but less than 20 years?,"For 10 years from death during service or after retirement, as applicable.","PIA passage policy, PIA employee ticket, staff travel benefit, Employee Passage Entitlement, Retired employees, widows and widowers, For how long is ticket benefit available where service is at least 10 but less than 20 years, For 10 years from death during service or after retirement, as applicable, ticket entitlement, Free Sublo, ID90, NS-1, ID50, confirmed ticket, annual employee tickets, long, benefit, available, service, least, but, less, than, years, death, during, after, retirement, applicable, long benefit, benefit available, available service, service least, least but, but less, less than, than years, years years, years death, death during, during service, service after, after retirement, retirement applicable, long benefit available, benefit available service, available service least, service least but, least but less, but less than, less than years, than years years, years years death, years death during, death during service, during service after, service after retirement, after retirement applicable"
Employee Passage Entitlement,For how long is ticket benefit available where service is 20 years or more?,For life.,"PIA passage policy, PIA employee ticket, staff travel benefit, Employee Passage Entitlement, Retired employees, widows and widowers, For how long is ticket benefit available where service is 20 years or more, For life, ticket entitlement, Free Sublo, ID90, NS-1, ID50, confirmed ticket, annual employee tickets, long, benefit, available, service, years, more, life, long benefit, benefit available, available service, service years, years more, more life, long benefit available, benefit available service, available service years, service years more, years more life"
Employee Passage Entitlement,Which service bracket gives lifetime ticket benefit to retired employees or eligible widows/widowers?,20 years or more.,"PIA passage policy, PIA employee ticket, staff travel benefit, Employee Passage Entitlement, Retired employees, widows and widowers, Which service bracket gives lifetime ticket benefit to retired employees or eligible widows/widowers, 20 years or more, ticket entitlement, Free Sublo, ID90, NS-1, ID50, confirmed ticket, annual employee tickets, service, bracket, gives, lifetime, benefit, retired, eligible, widows, widowers, years, more, service bracket, bracket gives, gives lifetime, lifetime benefit, benefit retired, retired eligible, eligible widows, widows widowers, widowers years, years more, service bracket gives, bracket gives lifetime, gives lifetime benefit, lifetime benefit retired, benefit retired eligible, retired eligible widows, eligible widows widowers, widows widowers years, widowers years more"
Employee Passage Entitlement,What tickets does a local employee at a foreign station get after probation with up to 10 years of service?,Free Sublo: 5; ID90: 5; confirmed ID50: 5.,"PIA passage policy, PIA employee ticket, staff travel benefit, Employee Passage Entitlement, Local employees at foreign stations, What tickets does a local employee at a foreign station get after probation with up to 10 years of service, Free Sublo: 5; ID90: 5; confirmed ID50: 5, ticket entitlement, Free Sublo, ID90, NS-1, ID50, confirmed ticket, annual employee tickets, local, foreign, station, get, after, probation, years, service, free, sublo, confirmed, local foreign, foreign station, station get, get after, after probation, probation years, years service, service free, sublo id90, id90 confirmed, confirmed id50, local foreign station, foreign station get, station get after, get after probation, after probation years, probation years service, years service free, service free sublo, free sublo id90, sublo id90 confirmed, id90 confirmed id50"
Employee Passage Entitlement,What tickets does a local employee at a foreign station get after more than 10 years of service?,Free Sublo: 10; ID90: 10; confirmed ID50: 10.,"PIA passage policy, PIA employee ticket, staff travel benefit, Employee Passage Entitlement, Local employees at foreign stations, What tickets does a local employee at a foreign station get after more than 10 years of service, Free Sublo: 10; ID90: 10; confirmed ID50: 10, ticket entitlement, Free Sublo, ID90, NS-1, ID50, confirmed ticket, annual employee tickets, local, foreign, station, get, after, more, than, years, service, free, sublo, confirmed, local foreign, foreign station, station get, get after, after more, more than, than years, years service, service free, sublo id90, id90 confirmed, confirmed id50, local foreign station, foreign station get, station get after, get after more, after more than, more than years, than years service, years service free, service free sublo, free sublo id90, sublo id90 confirmed, id90 confirmed id50"
Employee Passage Entitlement,What class of travel applies to local employees at foreign stations?,Economy class.,"PIA passage policy, PIA employee ticket, staff travel benefit, Employee Passage Entitlement, Local employees at foreign stations, What class of travel applies to local employees at foreign stations, Economy class, ticket entitlement, Free Sublo, ID90, NS-1, ID50, confirmed ticket, annual employee tickets, class, travel, applies, local, foreign, stations, economy, class travel, travel applies, applies local, local foreign, foreign stations, stations economy, class travel applies, travel applies local, applies local foreign, local foreign stations, foreign stations economy, stations economy class"
Employee Passage Entitlement,What class of travel applies to serving employees in PG I to IX or equivalent?,Economy class.,"PIA passage policy, PIA employee ticket, staff travel benefit, Employee Passage Entitlement, Class of travel, What class of travel applies to serving employees in PG I to IX or equivalent, Economy class, ticket entitlement, Free Sublo, ID90, NS-1, ID50, confirmed ticket, annual employee tickets, class, travel, applies, serving, equivalent, economy, class travel, travel applies, applies serving, serving equivalent, equivalent economy, class travel applies, travel applies serving, applies serving equivalent, serving equivalent economy, equivalent economy class"
Employee Passage Entitlement,What class of travel applies to PG X and Special or equivalent employees?,Executive Economy.,"PIA passage policy, PIA employee ticket, staff travel benefit, Employee Passage Entitlement, Class of travel, What class of travel applies to PG X and Special or equivalent employees, Executive Economy, ticket entitlement, Free Sublo, ID90, NS-1, ID50, confirmed ticket, annual employee tickets, class, travel, applies, special, equivalent, executive, economy, class travel, travel applies, applies special, special equivalent, equivalent executive, class travel applies, travel applies special, applies special equivalent, special equivalent executive, equivalent executive economy"
Employee Passage Entitlement,What tickets does a cadet pilot get?,Free Sublo: 1; ID90: 1.,"PIA passage policy, PIA employee ticket, staff travel benefit, Employee Passage Entitlement, Trainee entitlements, What tickets does a cadet pilot get, Free Sublo: 1; ID90: 1, ticket entitlement, Free Sublo, ID90, NS-1, ID50, confirmed ticket, annual employee tickets, cadet, pilot, get, free, sublo, cadet pilot, pilot get, get free, sublo id90, cadet pilot get, pilot get free, get free sublo, free sublo id90"
Employee Passage Entitlement,What tickets does an apprentice mechanic get?,Free Sublo: 1; ID90: 1.,"PIA passage policy, PIA employee ticket, staff travel benefit, Employee Passage Entitlement, Trainee entitlements, What tickets does an apprentice mechanic get, Free Sublo: 1; ID90: 1, ticket entitlement, Free Sublo, ID90, NS-1, ID50, confirmed ticket, annual employee tickets, apprentice, mechanic, get, free, sublo, apprentice mechanic, mechanic get, get free, sublo id90, apprentice mechanic get, mechanic get free, get free sublo, free sublo id90"
Employee Passage Entitlement,What tickets does an ACCA or CA intern get?,Free Sublo: 1; ID90: none.,"PIA passage policy, PIA employee ticket, staff travel benefit, Employee Passage Entitlement, Trainee entitlements, What tickets does an ACCA or CA intern get, Free Sublo: 1; ID90: none, ticket entitlement, Free Sublo, ID90, NS-1, ID50, confirmed ticket, annual employee tickets, acca, intern, get, free, sublo, none, acca intern, intern get, get free, sublo id90, id90 none, acca intern get, intern get free, get free sublo, free sublo id90, sublo id90 none"
Employee Passage Entitlement,Are trainee ticket entitlement available for international travel?,No. They are only for domestic travel.,"PIA passage policy, PIA employee ticket, staff travel benefit, Employee Passage Entitlement, Trainee entitlements, Are trainee ticket entitlement available for international travel, No. They are only for domestic travel, ticket entitlement, Free Sublo, ID90, NS-1, ID50, confirmed ticket, annual employee tickets, trainee, entitlement, available, international, travel, only, domestic, trainee entitlement, entitlement available, available international, international travel, travel only, only domestic, domestic travel, trainee entitlement available, entitlement available international, available international travel, international travel only, travel only domestic, only domestic travel"
Employee Passage Entitlement,What class of travel applies to trainee tickets?,Economy class.,"PIA passage policy, PIA employee ticket, staff travel benefit, Employee Passage Entitlement, Trainee entitlements, What class of travel applies to trainee tickets, Economy class, ticket entitlement, Free Sublo, ID90, NS-1, ID50, confirmed ticket, annual employee tickets, class, travel, applies, trainee, economy, class travel, travel applies, applies trainee, trainee economy, class travel applies, travel applies trainee, applies trainee economy, trainee economy class"
Employee Passage Entitlement,What condition applies to Apprentice Mechanics for ticket entitlement?,They must have a P Number.,"PIA passage policy, PIA employee ticket, staff travel benefit, Employee Passage Entitlement, Trainee entitlements, What condition applies to Apprentice Mechanics for ticket entitlement, They must have a P Number, ticket entitlement, Free Sublo, ID90, NS-1, ID50, confirmed ticket, annual employee tickets, condition, applies, apprentice, mechanics, entitlement, must, have, number, condition applies, applies apprentice, apprentice mechanics, mechanics entitlement, entitlement must, must have, have number, condition applies apprentice, applies apprentice mechanics, apprentice mechanics entitlement, mechanics entitlement must, entitlement must have, must have number"
Employee Passage Entitlement,Are Management Trainee Officers included in the trainee entitlement table?,No. They are expressly excluded and covered with regular employees.,"PIA passage policy, PIA employee ticket, staff travel benefit, Employee Passage Entitlement, Trainee entitlements, Are Management Trainee Officers included in the trainee entitlement table, No. They are expressly excluded and covered with regular employees, ticket entitlement, Free Sublo, ID90, NS-1, ID50, confirmed ticket, annual employee tickets, management, trainee, officers, included, entitlement, table, expressly, excluded, covered, regular, management trainee, trainee officers, officers included, included trainee, trainee entitlement, entitlement table, table expressly, expressly excluded, excluded covered, covered regular, management trainee officers, trainee officers included, officers included trainee, included trainee entitlement, trainee entitlement table, entitlement table expressly, table expressly excluded, expressly excluded covered, excluded covered regular"
Employee Passage Entitlement,Are Trainee Engineers included in the trainee entitlement table?,No. They are expressly excluded and covered with regular employees.,"PIA passage policy, PIA employee ticket, staff travel benefit, Employee Passage Entitlement, Trainee entitlements, Are Trainee Engineers included in the trainee entitlement table, No. They are expressly excluded and covered with regular employees, ticket entitlement, Free Sublo, ID90, NS-1, ID50, confirmed ticket, annual employee tickets, trainee, engineers, included, entitlement, table, expressly, excluded, covered, regular, trainee engineers, engineers included, included trainee, trainee entitlement, entitlement table, table expressly, expressly excluded, excluded covered, covered regular, trainee engineers included, engineers included trainee, included trainee entitlement, trainee entitlement table, entitlement table expressly, table expressly excluded, expressly excluded covered, excluded covered regular"
Admissibility,Which employee categories allow employees to use the ticket benefit for themselves?,Serving employees; Retired employees; Contractual employees; Deputationists; Local employees; Trainees.,"PIA passage policy, PIA employee ticket, staff travel benefit, Admissibility, Family-member eligibility matrix, Which employee categories allow employees to use the ticket benefit for themselves, Serving employees; Retired employees; Contractual employees; Deputationists; Local employees; Trainees, eligible family member, dependent eligibility, spouse ticket, parent ticket, child ticket, categories, allow, use, benefit, themselves, serving, retired, contractual, deputationists, local, trainees, categories allow, allow use, use benefit, benefit themselves, themselves serving, serving retired, retired contractual, contractual deputationists, deputationists local, local trainees, categories allow use, allow use benefit, use benefit themselves, benefit themselves serving, themselves serving retired, serving retired contractual, retired contractual deputationists, contractual deputationists local, deputationists local trainees"
Admissibility,Which employee category does not allow the ticket benefit for the employee themselves?,Deceased employees' families.,"PIA passage policy, PIA employee ticket, staff travel benefit, Admissibility, Family-member eligibility matrix, Which employee category does not allow the ticket benefit for the employee themselves, Deceased employees' families, eligible family member, dependent eligibility, spouse ticket, parent ticket, child ticket, category, not, allow, benefit, themselves, deceased, families, category not, not allow, allow benefit, benefit themselves, themselves deceased, deceased families, category not allow, not allow benefit, allow benefit themselves, benefit themselves deceased, themselves deceased families"
Admissibility,Which employee categories allow an employee's spouse to use the ticket benefit?,Serving employees; Retired employees; Deceased employees' families; Contractual employees; Deputationists; Local employees.,"PIA passage policy, PIA employee ticket, staff travel benefit, Admissibility, Family-member eligibility matrix, Which employee categories allow an employee's spouse to use the ticket benefit, Serving employees; Retired employees; Deceased employees' families; Contractual employees; Deputationists; Local employees, eligible family member, dependent eligibility, spouse ticket, parent ticket, child ticket, categories, allow, spouse, use, benefit, serving, retired, deceased, families, contractual, deputationists, local, categories allow, allow spouse, spouse use, use benefit, benefit serving, serving retired, retired deceased, deceased families, families contractual, contractual deputationists, deputationists local, categories allow spouse, allow spouse use, spouse use benefit, use benefit serving, benefit serving retired, serving retired deceased, retired deceased families, deceased families contractual, families contractual deputationists, contractual deputationists local"
Admissibility,Which employee category does not allow an employee's spouse to use the ticket benefit?,Trainees.,"PIA passage policy, PIA employee ticket, staff travel benefit, Admissibility, Family-member eligibility matrix, Which employee category does not allow an employee's spouse to use the ticket benefit, Trainees, eligible family member, dependent eligibility, spouse ticket, parent ticket, child ticket, category, not, allow, spouse, use, benefit, category not, not allow, allow spouse, spouse use, use benefit, benefit trainees, category not allow, not allow spouse, allow spouse use, spouse use benefit, use benefit trainees"
Admissibility,Which employee categories allow an employee's parents to use the ticket benefit?,Serving employees; Contractual employees; Deputationists.,"PIA passage policy, PIA employee ticket, staff travel benefit, Admissibility, Family-member eligibility matrix, Which employee categories allow an employee's parents to use the ticket benefit, Serving employees; Contractual employees; Deputationists, eligible family member, dependent eligibility, spouse ticket, parent ticket, child ticket, categories, allow, parents, use, benefit, serving, contractual, deputationists, categories allow, allow parents, parents use, use benefit, benefit serving, serving contractual, contractual deputationists, categories allow parents, allow parents use, parents use benefit, use benefit serving, benefit serving contractual, serving contractual deputationists"
Admissibility,Which employee categories do not allow an employee's parents to use the ticket benefit?,Retired employees; Deceased employees' families; Local employees; Trainees.,"PIA passage policy, PIA employee ticket, staff travel benefit, Admissibility, Family-member eligibility matrix, Which employee categories do not allow an employee's parents to use the ticket benefit, Retired employees; Deceased employees' families; Local employees; Trainees, eligible family member, dependent eligibility, spouse ticket, parent ticket, child ticket, categories, not, allow, parents, use, benefit, retired, deceased, families, local, trainees, categories not, not allow, allow parents, parents use, use benefit, benefit retired, retired deceased, deceased families, families local, local trainees, categories not allow, not allow parents, allow parents use, parents use benefit, use benefit retired, benefit retired deceased, retired deceased families, deceased families local, families local trainees"
Admissibility,Which employee categories allow dependent sons up to age 27 to use the ticket benefit?,Serving employees; Retired employees; Deceased employees' families; Contractual employees; Deputationists.,"PIA passage policy, PIA employee ticket, staff travel benefit, Admissibility, Family-member eligibility matrix, Which employee categories allow dependent sons up to age 27 to use the ticket benefit, Serving employees; Retired employees; Deceased employees' families; Contractual employees; Deputationists, eligible family member, dependent eligibility, spouse ticket, parent ticket, child ticket, categories, allow, dependent, sons, age, use, benefit, serving, retired, deceased, families, contractual, deputationists, categories allow, allow dependent, dependent sons, sons age, age use, use benefit, benefit serving, serving retired, retired deceased, deceased families, families contractual, contractual deputationists, categories allow dependent, allow dependent sons, dependent sons age, sons age use, age use benefit, use benefit serving, benefit serving retired, serving retired deceased, retired deceased families, deceased families contractual, families contractual deputationists"
Admissibility,Which employee categories do not allow dependent sons up to age 27 to use the ticket benefit?,Local employees; Trainees.,"PIA passage policy, PIA employee ticket, staff travel benefit, Admissibility, Family-member eligibility matrix, Which employee categories do not allow dependent sons up to age 27 to use the ticket benefit, Local employees; Trainees, eligible family member, dependent eligibility, spouse ticket, parent ticket, child ticket, categories, not, allow, dependent, sons, age, use, benefit, local, trainees, categories not, not allow, allow dependent, dependent sons, sons age, age use, use benefit, benefit local, local trainees, categories not allow, not allow dependent, allow dependent sons, dependent sons age, sons age use, age use benefit, use benefit local, benefit local trainees"
Admissibility,"Which employee categories allow dependent unmarried, divorced or widowed daughters to use the ticket benefit?",Serving employees; Retired employees; Deceased employees' families; Contractual employees; Deputationists.,"PIA passage policy, PIA employee ticket, staff travel benefit, Admissibility, Family-member eligibility matrix, Which employee categories allow dependent unmarried, divorced or widowed daughters to use the ticket benefit, Serving employees; Retired employees; Deceased employees' families; Contractual employees; Deputationists, eligible family member, dependent eligibility, spouse ticket, parent ticket, child ticket, categories, allow, dependent, unmarried, divorced, widowed, daughters, use, benefit, serving, retired, deceased, families, contractual, deputationists, categories allow, allow dependent, dependent unmarried, unmarried divorced, divorced widowed, widowed daughters, daughters use, use benefit, benefit serving, serving retired, retired deceased, deceased families, families contractual, contractual deputationists, categories allow dependent, allow dependent unmarried, dependent unmarried divorced, unmarried divorced widowed, divorced widowed daughters, widowed daughters use, daughters use benefit, use benefit serving, benefit serving retired, serving retired deceased, retired deceased families, deceased families contractual, families contractual deputationists"
Admissibility,"Which employee categories do not allow dependent unmarried, divorced or widowed daughters to use the ticket benefit?",Local employees; Trainees.,"PIA passage policy, PIA employee ticket, staff travel benefit, Admissibility, Family-member eligibility matrix, Which employee categories do not allow dependent unmarried, divorced or widowed daughters to use the ticket benefit, Local employees; Trainees, eligible family member, dependent eligibility, spouse ticket, parent ticket, child ticket, categories, not, allow, dependent, unmarried, divorced, widowed, daughters, use, benefit, local, trainees, categories not, not allow, allow dependent, dependent unmarried, unmarried divorced, divorced widowed, widowed daughters, daughters use, use benefit, benefit local, local trainees, categories not allow, not allow dependent, allow dependent unmarried, dependent unmarried divorced, unmarried divorced widowed, divorced widowed daughters, widowed daughters use, daughters use benefit, use benefit local, benefit local trainees"
Admissibility,Which employee categories allow special children of any age to use the ticket benefit?,Serving employees; Retired employees; Deceased employees' families; Contractual employees; Deputationists.,"PIA passage policy, PIA employee ticket, staff travel benefit, Admissibility, Family-member eligibility matrix, Which employee categories allow special children of any age to use the ticket benefit, Serving employees; Retired employees; Deceased employees' families; Contractual employees; Deputationists, eligible family member, dependent eligibility, spouse ticket, parent ticket, child ticket, categories, allow, special, children, any, age, use, benefit, serving, retired, deceased, families, contractual, deputationists, categories allow, allow special, special children, children any, any age, age use, use benefit, benefit serving, serving retired, retired deceased, deceased families, families contractual, contractual deputationists, categories allow special, allow special children, special children any, children any age, any age use, age use benefit, use benefit serving, benefit serving retired, serving retired deceased, retired deceased families, deceased families contractual, families contractual deputationists"
Admissibility,Which employee categories do not allow special children to use the ticket benefit?,Local employees; Trainees.,"PIA passage policy, PIA employee ticket, staff travel benefit, Admissibility, Family-member eligibility matrix, Which employee categories do not allow special children to use the ticket benefit, Local employees; Trainees, eligible family member, dependent eligibility, spouse ticket, parent ticket, child ticket, categories, not, allow, special, children, use, benefit, local, trainees, categories not, not allow, allow special, special children, children use, use benefit, benefit local, local trainees, categories not allow, not allow special, allow special children, special children use, children use benefit, use benefit local, benefit local trainees"
Admissibility,Which employee category allows an adopted child to use the ticket benefit?,Serving employees.,"PIA passage policy, PIA employee ticket, staff travel benefit, Admissibility, Family-member eligibility matrix, Which employee category allows an adopted child to use the ticket benefit, Serving employees, eligible family member, dependent eligibility, spouse ticket, parent ticket, child ticket, category, allows, adopted, child, use, benefit, serving, category allows, allows adopted, adopted child, child use, use benefit, benefit serving, category allows adopted, allows adopted child, adopted child use, child use benefit, use benefit serving"
Admissibility,Which employee categories do not allow an adopted child to use the ticket benefit?,Retired employees; Deceased employees' families; Contractual employees; Deputationists; Local employees; Trainees.,"PIA passage policy, PIA employee ticket, staff travel benefit, Admissibility, Family-member eligibility matrix, Which employee categories do not allow an adopted child to use the ticket benefit, Retired employees; Deceased employees' families; Contractual employees; Deputationists; Local employees; Trainees, eligible family member, dependent eligibility, spouse ticket, parent ticket, child ticket, categories, not, allow, adopted, child, use, benefit, retired, deceased, families, contractual, deputationists, local, trainees, categories not, not allow, allow adopted, adopted child, child use, use benefit, benefit retired, retired deceased, deceased families, families contractual, contractual deputationists, deputationists local, local trainees, categories not allow, not allow adopted, allow adopted child, adopted child use, child use benefit, use benefit retired, benefit retired deceased, retired deceased families, deceased families contractual, families contractual deputationists, contractual deputationists local, deputationists local trainees"
Admissibility,What certification is required for special children to receive ticket benefit?,A certificate from GM Medical Services of PIA in accordance with the rules.,"PIA passage policy, PIA employee ticket, staff travel benefit, Admissibility, Special children, What certification is required for special children to receive ticket benefit, A certificate from GM Medical Services of PIA in accordance with the rules, eligible family member, dependent eligibility, spouse ticket, parent ticket, child ticket, certification, required, special, children, receive, benefit, certificate, medical, services, accordance, rules, certification required, required special, children receive, receive benefit, benefit certificate, certificate medical, medical services, services accordance, accordance rules, certification required special, required special children, special children receive, children receive benefit, receive benefit certificate, benefit certificate medical, certificate medical services, medical services accordance, services accordance rules"
Admissibility,What condition applies to ticket benefit for an adopted child?,It is subject to fulfillment of the adoption conditions laid down in PIACL rules.,"PIA passage policy, PIA employee ticket, staff travel benefit, Admissibility, Adopted child, What condition applies to ticket benefit for an adopted child, It is subject to fulfillment of the adoption conditions laid down in PIACL rules, eligible family member, dependent eligibility, spouse ticket, parent ticket, child ticket, condition, applies, benefit, adopted, child, subject, fulfillment, adoption, conditions, laid, down, piacl, rules, condition applies, applies benefit, benefit adopted, child subject, subject fulfillment, fulfillment adoption, adoption conditions, conditions laid, laid down, down piacl, piacl rules, condition applies benefit, applies benefit adopted, benefit adopted child, adopted child subject, child subject fulfillment, subject fulfillment adoption, fulfillment adoption conditions, adoption conditions laid, conditions laid down, laid down piacl, down piacl rules"
Terms and Conditions,Is an employee ticket one-way or round-trip?,Each ticket is a round trip.,"PIA passage policy, PIA employee ticket, staff travel benefit, Terms and Conditions, Nature of passage, Is an employee ticket one-way or round-trip, Each ticket is a round trip, ticket validity, ERP ticket, taxes, airport charges, seat confirmation, one-way, round-trip, each, round, trip, one-way round-trip, round-trip each, each round, round trip, one-way round-trip each, round-trip each round, each round trip"
Terms and Conditions,Who can use an employee's ticket benefit?,The eligible employee categories and their available family members.,"PIA passage policy, PIA employee ticket, staff travel benefit, Terms and Conditions, Nature of passage, Who can use an employee's ticket benefit, The eligible employee categories and their available family members, ticket validity, ERP ticket, taxes, airport charges, seat confirmation, use, benefit, eligible, categories, available, family, members, use benefit, benefit eligible, eligible categories, categories available, available family, family members, use benefit eligible, benefit eligible categories, eligible categories available, categories available family, available family members"
Terms and Conditions,Can employee tickets be used for domestic travel?,Yes.,"PIA passage policy, PIA employee ticket, staff travel benefit, Terms and Conditions, Nature of passage, Can employee tickets be used for domestic travel, Yes, ticket validity, ERP ticket, taxes, airport charges, seat confirmation, used, domestic, travel, used domestic, domestic travel, travel yes, used domestic travel, domestic travel yes"
Terms and Conditions,Can employee tickets be used for international travel?,"Yes, except for trainees or where otherwise specified.","PIA passage policy, PIA employee ticket, staff travel benefit, Terms and Conditions, Nature of passage, Can employee tickets be used for international travel, Yes, except for trainees or where otherwise specified, ticket validity, ERP ticket, taxes, airport charges, seat confirmation, used, international, travel, yes, except, trainees, otherwise, specified, used international, international travel, travel yes, yes except, except trainees, trainees otherwise, otherwise specified, used international travel, international travel yes, travel yes except, yes except trainees, except trainees otherwise, trainees otherwise specified"
Terms and Conditions,Can trainees use their tickets for international travel?,Trainee tickets are restricted to domestic travel unless otherwise specified.,"PIA passage policy, PIA employee ticket, staff travel benefit, Terms and Conditions, Nature of passage, Can trainees use their tickets for international travel, Trainee tickets are restricted to domestic travel unless otherwise specified, ticket validity, ERP ticket, taxes, airport charges, seat confirmation, trainees, use, international, travel, trainee, restricted, domestic, unless, otherwise, specified, trainees use, use international, international travel, travel trainee, trainee restricted, restricted domestic, domestic travel, travel unless, unless otherwise, otherwise specified, trainees use international, use international travel, international travel trainee, travel trainee restricted, trainee restricted domestic, restricted domestic travel, domestic travel unless, travel unless otherwise, unless otherwise specified"
Terms and Conditions,Do employees have to pay taxes and airport charges on their tickets?,Yes.,"PIA passage policy, PIA employee ticket, staff travel benefit, Terms and Conditions, Taxes and airport charges, Do employees have to pay taxes and airport charges on their tickets, Yes, ticket validity, ERP ticket, taxes, airport charges, seat confirmation, have, pay, airport, charges, have pay, pay taxes, taxes airport, charges yes, have pay taxes, pay taxes airport, taxes airport charges, airport charges yes"
Terms and Conditions,How is the ID90 discount calculated?,The base fare of V-RBD.,"PIA passage policy, PIA employee ticket, staff travel benefit, Terms and Conditions, Industry discount fares, How is the ID90 discount calculated, The base fare of V-RBD, ticket validity, ERP ticket, taxes, airport charges, seat confirmation, id90, discount, calculated, base, fare, v-rbd, id90 discount, discount calculated, calculated base, base fare, fare v-rbd, id90 discount calculated, discount calculated base, calculated base fare, base fare v-rbd"
Terms and Conditions,How is the ID50 discount calculated?,The base fare of the available RBD.,"PIA passage policy, PIA employee ticket, staff travel benefit, Terms and Conditions, Industry discount fares, How is the ID50 discount calculated, The base fare of the available RBD, ticket validity, ERP ticket, taxes, airport charges, seat confirmation, id50, discount, calculated, base, fare, available, rbd, id50 discount, discount calculated, calculated base, base fare, fare available, available rbd, id50 discount calculated, discount calculated base, calculated base fare, base fare available, fare available rbd"
Terms and Conditions,When does the normal ticket entitlement year begin?,1 January of each calendar year.,"PIA passage policy, PIA employee ticket, staff travel benefit, Terms and Conditions, Entitlement year, When does the normal ticket entitlement year begin, 1 January of each calendar year, ticket validity, ERP ticket, taxes, airport charges, seat confirmation, normal, entitlement, year, begin, january, each, calendar, normal entitlement, year begin, begin january, january each, each calendar, calendar year, normal entitlement year, entitlement year begin, year begin january, begin january each, january each calendar, each calendar year"
Terms and Conditions,When does the normal ticket entitlement year end?,31 December.,"PIA passage policy, PIA employee ticket, staff travel benefit, Terms and Conditions, Entitlement year, When does the normal ticket entitlement year end, 31 December, ticket validity, ERP ticket, taxes, airport charges, seat confirmation, normal, entitlement, year, end, december, normal entitlement, year end, end december, normal entitlement year, entitlement year end, year end december"
Terms and Conditions,What happens to unused tickets at the end of the year?,It lapses.,"PIA passage policy, PIA employee ticket, staff travel benefit, Terms and Conditions, Entitlement year, What happens to unused tickets at the end of the year, It lapses, ticket validity, ERP ticket, taxes, airport charges, seat confirmation, happens, unused, end, year, lapses, happens unused, unused end, end year, year lapses, happens unused end, unused end year, end year lapses"
Terms and Conditions,When does the entitlement year begin for a deputationist?,From the date of joining PIACL.,"PIA passage policy, PIA employee ticket, staff travel benefit, Terms and Conditions, Entitlement year, When does the entitlement year begin for a deputationist, From the date of joining PIACL, ticket validity, ERP ticket, taxes, airport charges, seat confirmation, entitlement, year, begin, deputationist, date, joining, piacl, year begin, begin deputationist, deputationist date, date joining, joining piacl, entitlement year begin, year begin deputationist, begin deputationist date, deputationist date joining, date joining piacl"
Terms and Conditions,When does the entitlement year begin for a contractual employee?,From the date of joining PIACL.,"PIA passage policy, PIA employee ticket, staff travel benefit, Terms and Conditions, Entitlement year, When does the entitlement year begin for a contractual employee, From the date of joining PIACL, ticket validity, ERP ticket, taxes, airport charges, seat confirmation, entitlement, year, begin, contractual, date, joining, piacl, year begin, begin contractual, contractual date, date joining, joining piacl, entitlement year begin, year begin contractual, begin contractual date, contractual date joining, date joining piacl"
Terms and Conditions,Until when is a ticket authority valid for ticket issuance?,Until 31 December of the relevant calendar year.,"PIA passage policy, PIA employee ticket, staff travel benefit, Terms and Conditions, Validity and lapse, Until when is a ticket authority valid for ticket issuance, Until 31 December of the relevant calendar year, ticket validity, ERP ticket, taxes, airport charges, seat confirmation, until, authority, valid, issuance, december, relevant, calendar, year, until authority, authority valid, valid issuance, issuance until, until december, december relevant, relevant calendar, calendar year, until authority valid, authority valid issuance, valid issuance until, issuance until december, until december relevant, december relevant calendar, relevant calendar year"
Terms and Conditions,Are unticketed or expired ticket authorities credited back to employee entitlement?,No.,"PIA passage policy, PIA employee ticket, staff travel benefit, Terms and Conditions, Validity and lapse, Are unticketed or expired ticket authorities credited back to employee entitlement, No, ticket validity, ERP ticket, taxes, airport charges, seat confirmation, unticketed, expired, authorities, credited, back, entitlement, unticketed expired, expired authorities, authorities credited, credited back, back entitlement, unticketed expired authorities, expired authorities credited, authorities credited back, credited back entitlement"
Terms and Conditions,Can unused tickets be saved for a later year?,No.,"PIA passage policy, PIA employee ticket, staff travel benefit, Terms and Conditions, Validity and lapse, Can unused tickets be saved for a later year, No, ticket validity, ERP ticket, taxes, airport charges, seat confirmation, unused, saved, later, year, unused saved, saved later, later year, unused saved later, saved later year"
Terms and Conditions,For how long is a ticket issued to a serving employee valid?,365 days from the date of issuance.,"PIA passage policy, PIA employee ticket, staff travel benefit, Terms and Conditions, Validity and lapse, For how long is a ticket issued to a serving employee valid, 365 days from the date of issuance, ticket validity, ERP ticket, taxes, airport charges, seat confirmation, long, issued, serving, valid, 365, days, date, issuance, long issued, issued serving, serving valid, valid 365, 365 days, days date, date issuance, long issued serving, issued serving valid, serving valid 365, valid 365 days, 365 days date, days date issuance"
Terms and Conditions,What happens if a ticket is not used before it expires?,The ticket automatically expires.,"PIA passage policy, PIA employee ticket, staff travel benefit, Terms and Conditions, Validity and lapse, What happens if a ticket is not used before it expires, The ticket automatically expires, ticket validity, ERP ticket, taxes, airport charges, seat confirmation, happens, not, used, before, expires, automatically, happens not, not used, used before, before expires, expires automatically, automatically expires, happens not used, not used before, used before expires, before expires automatically, expires automatically expires"
Terms and Conditions,Can an employee ticket be extended after it expires?,No.,"PIA passage policy, PIA employee ticket, staff travel benefit, Terms and Conditions, Validity and lapse, Can an employee ticket be extended after it expires, No, ticket validity, ERP ticket, taxes, airport charges, seat confirmation, extended, after, expires, extended after, after expires, extended after expires"
Terms and Conditions,What happens to an employee's remaining tickets on retirement?,They lapse on the date of separation.,"PIA passage policy, PIA employee ticket, staff travel benefit, Terms and Conditions, Validity and lapse, What happens to an employee's remaining tickets on retirement, They lapse on the date of separation, ticket validity, ERP ticket, taxes, airport charges, seat confirmation, happens, remaining, retirement, lapse, date, separation, happens remaining, remaining retirement, retirement lapse, lapse date, date separation, happens remaining retirement, remaining retirement lapse, retirement lapse date, lapse date separation"
Terms and Conditions,What happens to an employee's remaining tickets on resignation?,They lapse on the date of separation.,"PIA passage policy, PIA employee ticket, staff travel benefit, Terms and Conditions, Validity and lapse, What happens to an employee's remaining tickets on resignation, They lapse on the date of separation, ticket validity, ERP ticket, taxes, airport charges, seat confirmation, happens, remaining, resignation, lapse, date, separation, happens remaining, remaining resignation, resignation lapse, lapse date, date separation, happens remaining resignation, remaining resignation lapse, resignation lapse date, lapse date separation"
Terms and Conditions,Is post-retirement entitlement due even if the final entitlement year before retirement was short?,"Yes, irrespective of the length of that final entitlement year.","PIA passage policy, PIA employee ticket, staff travel benefit, Terms and Conditions, Validity and lapse, Is post-retirement entitlement due even if the final entitlement year before retirement was short, Yes, irrespective of the length of that final entitlement year, ticket validity, ERP ticket, taxes, airport charges, seat confirmation, post-retirement, entitlement, due, even, final, year, before, retirement, was, short, yes, irrespective, length, post-retirement entitlement, entitlement due, due even, even final, final entitlement, entitlement year, year before, before retirement, retirement was, was short, short yes, yes irrespective, irrespective length, length final, post-retirement entitlement due, entitlement due even, due even final, even final entitlement, final entitlement year, entitlement year before, year before retirement, before retirement was, retirement was short, was short yes, short yes irrespective, yes irrespective length, irrespective length final, length final entitlement"
Terms and Conditions,Is the deceased family's applicable entitlement due even if the final entitlement year before death was short?,Yes.,"PIA passage policy, PIA employee ticket, staff travel benefit, Terms and Conditions, Validity and lapse, Is the deceased family's applicable entitlement due even if the final entitlement year before death was short, Yes, ticket validity, ERP ticket, taxes, airport charges, seat confirmation, deceased, family, applicable, entitlement, due, even, final, year, before, death, was, short, deceased family, family applicable, applicable entitlement, entitlement due, due even, even final, final entitlement, entitlement year, year before, before death, death was, was short, short yes, deceased family applicable, family applicable entitlement, applicable entitlement due, entitlement due even, due even final, even final entitlement, final entitlement year, entitlement year before, year before death, before death was, death was short, was short yes"
Terms and Conditions,Can the family of an employee who dies during service use the employee's unutilized entitlement for that calendar year?,Yes.,"PIA passage policy, PIA employee ticket, staff travel benefit, Terms and Conditions, Validity and lapse, Can the family of an employee who dies during service use the employee's unutilized entitlement for that calendar year, Yes, ticket validity, ERP ticket, taxes, airport charges, seat confirmation, family, dies, during, service, use, unutilized, entitlement, calendar, year, family dies, dies during, during service, service use, use unutilized, unutilized entitlement, entitlement calendar, calendar year, year yes, family dies during, dies during service, during service use, service use unutilized, use unutilized entitlement, unutilized entitlement calendar, entitlement calendar year, calendar year yes"
Terms and Conditions,When are seats against NS-1 bookings confirmed?,24 hours before flight departure.,"PIA passage policy, PIA employee ticket, staff travel benefit, Terms and Conditions, Seat confirmation, When are seats against NS-1 bookings confirmed, 24 hours before flight departure, ticket validity, ERP ticket, taxes, airport charges, seats, against, ns-1, bookings, confirmed, hours, before, flight, departure, seats against, against ns-1, ns-1 bookings, bookings confirmed, confirmed hours, hours before, before flight, flight departure, seats against ns-1, against ns-1 bookings, ns-1 bookings confirmed, bookings confirmed hours, confirmed hours before, hours before flight, before flight departure"
Terms and Conditions,How are ID50 tickets treated for seat confirmation?,Like a normal paid ticket.,"PIA passage policy, PIA employee ticket, staff travel benefit, Terms and Conditions, Seat confirmation, How are ID50 tickets treated for seat confirmation, Like a normal paid ticket, ticket validity, ERP ticket, taxes, airport charges, id50, treated, seat, confirmation, like, normal, paid, id50 treated, treated seat, confirmation like, like normal, normal paid, id50 treated seat, treated seat confirmation, seat confirmation like, confirmation like normal, like normal paid"
Terms and Conditions,Can an ID50 ticket be confirmed at any time?,Yes.,"PIA passage policy, PIA employee ticket, staff travel benefit, Terms and Conditions, Seat confirmation, Can an ID50 ticket be confirmed at any time, Yes, ticket validity, ERP ticket, taxes, airport charges, id50, confirmed, any, time, id50 confirmed, confirmed any, any time, time yes, id50 confirmed any, confirmed any time, any time yes"
Terms and Conditions,How are tickets aresued to serving employees?,Through ERP.,"PIA passage policy, PIA employee ticket, staff travel benefit, Terms and Conditions, Issuance through ERP, How are tickets aresued to serving employees, Through ERP, ticket validity, ERP ticket, taxes, airport charges, seat confirmation, aresued, serving, through, erp, aresued serving, serving through, aresued serving through, serving through erp"
Terms and Conditions,Is separate approval required for serving employees to issue their tickets through ERP?,No.,"PIA passage policy, PIA employee ticket, staff travel benefit, Terms and Conditions, Issuance through ERP, Is separate approval required for serving employees to issue their tickets through ERP, No, ticket validity, ERP ticket, taxes, airport charges, seat confirmation, separate, approval, required, serving, issue, through, erp, separate approval, approval required, required serving, serving issue, issue through, through erp, separate approval required, approval required serving, required serving issue, serving issue through, issue through erp"
Terms and Conditions,What does a serving employee show at the ticket counter?,The authority number shown in the ERP notification.,"PIA passage policy, PIA employee ticket, staff travel benefit, Terms and Conditions, Issuance through ERP, What does a serving employee show at the ticket counter, The authority number shown in the ERP notification, ticket validity, ERP ticket, taxes, airport charges, seat confirmation, serving, show, counter, authority, number, shown, erp, notification, serving show, show counter, counter authority, authority number, number shown, shown erp, erp notification, serving show counter, show counter authority, counter authority number, authority number shown, number shown erp, shown erp notification"
Terms and Conditions,Where do retired employees get their tickets issued?,From the relevant Retired Employee Cell.,"PIA passage policy, PIA employee ticket, staff travel benefit, Terms and Conditions, Issuance through ERP, Where do retired employees get their tickets issued, From the relevant Retired Employee Cell, ticket validity, ERP ticket, taxes, airport charges, seat confirmation, retired, get, issued, relevant, cell, retired get, get issued, issued relevant, relevant retired, retired cell, retired get issued, get issued relevant, issued relevant retired, relevant retired cell"
Terms and Conditions,How are retired employees' tickets aresued?,Through ERP only.,"PIA passage policy, PIA employee ticket, staff travel benefit, Terms and Conditions, Issuance through ERP, How are retired employees' tickets aresued, Through ERP only, ticket validity, ERP ticket, taxes, airport charges, seat confirmation, retired, aresued, through, erp, only, retired aresued, aresued through, through erp, erp only, retired aresued through, aresued through erp"
Terms and Conditions,Can a new family member normally be added after an employee separates from service?,No.,"PIA passage policy, PIA employee ticket, staff travel benefit, Terms and Conditions, Family record after separation, Can a new family member normally be added after an employee separates from service, No, ticket validity, ERP ticket, taxes, airport charges, seat confirmation, new, family, member, normally, added, after, separates, service, new family, family member, member normally, normally added, added after, after separates, separates service, new family member, family member normally, member normally added, normally added after, added after separates, after separates service"
Terms and Conditions,Which daughters can be added back to the family record after separation?,Divorced or widowed daughters who had remained in the record.,"PIA passage policy, PIA employee ticket, staff travel benefit, Terms and Conditions, Family record after separation, Which daughters can be added back to the family record after separation, Divorced or widowed daughters who had remained in the record, ticket validity, ERP ticket, taxes, airport charges, seat confirmation, daughters, added, back, family, record, after, separation, divorced, widowed, had, remained, daughters added, added back, back family, family record, record after, after separation, separation divorced, divorced widowed, widowed daughters, daughters had, had remained, remained record, daughters added back, added back family, back family record, family record after, record after separation, after separation divorced, separation divorced widowed, divorced widowed daughters, widowed daughters had, daughters had remained, had remained record"
Terms and Conditions,For what purpose can eligible divorced or widowed daughters be added back after separation?,For ticket purposes only.,"PIA passage policy, PIA employee ticket, staff travel benefit, Terms and Conditions, Family record after separation, For what purpose can eligible divorced or widowed daughters be added back after separation, For ticket purposes only, ticket validity, ERP ticket, taxes, airport charges, seat confirmation, purpose, eligible, divorced, widowed, daughters, added, back, after, separation, purposes, only, purpose eligible, eligible divorced, divorced widowed, widowed daughters, daughters added, added back, back after, after separation, separation purposes, purposes only, purpose eligible divorced, eligible divorced widowed, divorced widowed daughters, widowed daughters added, daughters added back, added back after, back after separation, after separation purposes, separation purposes only"
Terms and Conditions,Whose approval is required to add back an eligible divorced or widowed daughter after separation?,Chief HR Officer.,"PIA passage policy, PIA employee ticket, staff travel benefit, Terms and Conditions, Family record after separation, Whose approval is required to add back an eligible divorced or widowed daughter after separation, Chief HR Officer, ticket validity, ERP ticket, taxes, airport charges, seat confirmation, whose, approval, required, add, back, eligible, divorced, widowed, daughter, after, separation, chief, officer, whose approval, approval required, required add, add back, back eligible, eligible divorced, divorced widowed, widowed daughter, daughter after, after separation, separation chief, chief officer, whose approval required, approval required add, required add back, add back eligible, back eligible divorced, eligible divorced widowed, divorced widowed daughter, widowed daughter after, daughter after separation, after separation chief, separation chief officer"
Terms and Conditions,Where can employee tickets be reissued?,At PIA ticketing counters.,"PIA passage policy, PIA employee ticket, staff travel benefit, Terms and Conditions, Ticket re-issuance, Where can employee tickets be reissued, At PIA ticketing counters, ticket validity, ERP ticket, taxes, airport charges, seat confirmation, reissued, ticketing, counters, reissued ticketing, ticketing counters, reissued ticketing counters"
Terms and Conditions,Can the name on a ticket be changed to another eligible family member?,"Yes, subject to verification of family information through ERP.","PIA passage policy, PIA employee ticket, staff travel benefit, Terms and Conditions, Ticket re-issuance, Can the name on a ticket be changed to another eligible family member, Yes, subject to verification of family information through ERP, ticket validity, ERP ticket, taxes, airport charges, seat confirmation, name, changed, another, eligible, family, member, yes, subject, verification, information, through, erp, name changed, changed another, another eligible, eligible family, family member, member yes, yes subject, subject verification, verification family, family information, information through, through erp, name changed another, changed another eligible, another eligible family, eligible family member, family member yes, member yes subject, yes subject verification, subject verification family, verification family information, family information through, information through erp"
Terms and Conditions,How does the ticket counter verify eligibility when a name change is requested?,By accessing employee family information through ERP.,"PIA passage policy, PIA employee ticket, staff travel benefit, Terms and Conditions, Ticket re-issuance, How does the ticket counter verify eligibility when a name change is requested, By accessing employee family information through ERP, ticket validity, ERP ticket, taxes, airport charges, seat confirmation, counter, verify, eligibility, name, change, requested, accessing, family, information, through, erp, counter verify, verify eligibility, eligibility name, name change, change requested, requested accessing, accessing family, family information, information through, through erp, counter verify eligibility, verify eligibility name, eligibility name change, name change requested, change requested accessing, requested accessing family, accessing family information, family information through, information through erp"
Both Husband and Wife as PIA Employees,"If both spouses work for PIA, can both receive the full ticket entitlement?",No.,"PIA passage policy, PIA employee ticket, staff travel benefit, Both Husband and Wife as PIA Employees, Combined entitlement, If both spouses work for PIA, can both receive the full ticket entitlement, No, both, spouses, work, receive, full, entitlement, both spouses, spouses work, work both, both receive, receive full, full entitlement, both spouses work, spouses work both, work both receive, both receive full, receive full entitlement"
Both Husband and Wife as PIA Employees,How is the ticket entitlement divided when both spouses work for PIA?,One spouse takes full entitlement and the other takes half of the unmarried employee entitlement.,"PIA passage policy, PIA employee ticket, staff travel benefit, Both Husband and Wife as PIA Employees, Combined entitlement, How is the ticket entitlement divided when both spouses work for PIA, One spouse takes full entitlement and the other takes half of the unmarried employee entitlement, entitlement, divided, both, spouses, work, one, spouse, takes, full, other, half, unmarried, entitlement divided, divided both, both spouses, spouses work, work one, one spouse, spouse takes, takes full, full entitlement, entitlement other, other takes, takes half, half unmarried, unmarried entitlement, entitlement divided both, divided both spouses, both spouses work, spouses work one, work one spouse, one spouse takes, spouse takes full, takes full entitlement, full entitlement other, entitlement other takes, other takes half, takes half unmarried, half unmarried entitlement"
Both Husband and Wife as PIA Employees,How is the half entitlement for the second spouse calculated?,The prescribed entitlement for unmarried employees.,"PIA passage policy, PIA employee ticket, staff travel benefit, Both Husband and Wife as PIA Employees, Combined entitlement, How is the half entitlement for the second spouse calculated, The prescribed entitlement for unmarried employees, half, entitlement, second, spouse, calculated, prescribed, unmarried, half entitlement, entitlement second, second spouse, spouse calculated, calculated prescribed, prescribed entitlement, entitlement unmarried, half entitlement second, entitlement second spouse, second spouse calculated, spouse calculated prescribed, calculated prescribed entitlement, prescribed entitlement unmarried"
Both Husband and Wife as PIA Employees,Can children use tickets from either spouse's entitlement?,Yes.,"PIA passage policy, PIA employee ticket, staff travel benefit, Both Husband and Wife as PIA Employees, Combined entitlement, Can children use tickets from either spouse's entitlement, Yes, children, use, either, spouse, entitlement, children use, use either, either spouse, spouse entitlement, entitlement yes, children use either, use either spouse, either spouse entitlement, spouse entitlement yes"
Both Husband and Wife as PIA Employees,Can one spouse use tickets from the other spouse's entitlement?,Yes.,"PIA passage policy, PIA employee ticket, staff travel benefit, Both Husband and Wife as PIA Employees, Combined entitlement, Can one spouse use tickets from the other spouse's entitlement, Yes, one, spouse, use, other, entitlement, one spouse, spouse use, use other, other spouse, spouse entitlement, entitlement yes, one spouse use, spouse use other, use other spouse, other spouse entitlement, spouse entitlement yes"
Both Husband and Wife as PIA Employees,What declaration must employee spouses submit?,A declaration identifying which spouse will take full entitlement and which will take half entitlement.,"PIA passage policy, PIA employee ticket, staff travel benefit, Both Husband and Wife as PIA Employees, Combined entitlement, What declaration must employee spouses submit, A declaration identifying which spouse will take full entitlement and which will take half entitlement, declaration, must, spouses, submit, identifying, spouse, will, take, full, entitlement, half, declaration must, must spouses, spouses submit, submit declaration, declaration identifying, identifying spouse, spouse will, will take, take full, full entitlement, entitlement will, take half, half entitlement, declaration must spouses, must spouses submit, spouses submit declaration, submit declaration identifying, declaration identifying spouse, identifying spouse will, spouse will take, will take full, take full entitlement, full entitlement will, entitlement will take, will take half, take half entitlement"
Both Husband and Wife as PIA Employees,Through which system is the husband-and-wife entitlement declaration submitted?,ERP.,"PIA passage policy, PIA employee ticket, staff travel benefit, Both Husband and Wife as PIA Employees, Combined entitlement, Through which system is the husband-and-wife entitlement declaration submitted, ERP, through, system, husband-and, wife, entitlement, declaration, submitted, through system, system husband-and, husband-and wife, wife entitlement, entitlement declaration, declaration submitted, submitted erp, through system husband-and, system husband-and wife, husband-and wife entitlement, wife entitlement declaration, entitlement declaration submitted, declaration submitted erp"
Both Husband and Wife as PIA Employees,How is ticket entitlement treated after both employee spouses retire?,Each receives entitlement in an individual capacity.,"PIA passage policy, PIA employee ticket, staff travel benefit, Both Husband and Wife as PIA Employees, Combined entitlement, How is ticket entitlement treated after both employee spouses retire, Each receives entitlement in an individual capacity, entitlement, treated, after, both, spouses, retire, each, receives, individual, capacity, entitlement treated, treated after, after both, both spouses, spouses retire, retire each, each receives, receives entitlement, entitlement individual, individual capacity, entitlement treated after, treated after both, after both spouses, both spouses retire, spouses retire each, retire each receives, each receives entitlement, receives entitlement individual, entitlement individual capacity"
Cancellation and No-Show Charges,Are cancellation or no-show charges applied to unused free Sublo tickets?,No.,"PIA passage policy, PIA employee ticket, staff travel benefit, Cancellation and No-Show Charges, Employee passage charges, Are cancellation or no-show charges applied to unused free Sublo tickets, No, cancellation, no-show, charges, applied, unused, free, sublo, cancellation no-show, no-show charges, charges applied, applied unused, unused free, free sublo, cancellation no-show charges, no-show charges applied, charges applied unused, applied unused free, unused free sublo"
Cancellation and No-Show Charges,Are cancellation or no-show charges applied to unused ID90 tickets?,No.,"PIA passage policy, PIA employee ticket, staff travel benefit, Cancellation and No-Show Charges, Employee passage charges, Are cancellation or no-show charges applied to unused ID90 tickets, No, cancellation, no-show, charges, applied, unused, id90, cancellation no-show, no-show charges, charges applied, applied unused, unused id90, cancellation no-show charges, no-show charges applied, charges applied unused, applied unused id90"
Cancellation and No-Show Charges,Are cancellation or no-show charges applicable to confirmed ID50 tickets?,Yes.,"PIA passage policy, PIA employee ticket, staff travel benefit, Cancellation and No-Show Charges, Employee passage charges, Are cancellation or no-show charges applicable to confirmed ID50 tickets, Yes, cancellation, no-show, charges, applicable, confirmed, id50, cancellation no-show, no-show charges, charges applicable, applicable confirmed, confirmed id50, id50 yes, cancellation no-show charges, no-show charges applicable, charges applicable confirmed, applicable confirmed id50, confirmed id50 yes"
Cancellation and No-Show Charges,What charges apply when an ID50 ticket is changed?,The fare difference and booking-change charges under the revenue ticket policy.,"PIA passage policy, PIA employee ticket, staff travel benefit, Cancellation and No-Show Charges, Employee passage charges, What charges apply when an ID50 ticket is changed, The fare difference and booking-change charges under the revenue ticket policy, charges, apply, id50, changed, fare, difference, booking-change, revenue, policy, charges apply, apply id50, id50 changed, changed fare, fare difference, difference booking-change, booking-change charges, charges revenue, revenue policy, charges apply id50, apply id50 changed, id50 changed fare, changed fare difference, fare difference booking-change, difference booking-change charges, booking-change charges revenue, charges revenue policy"
Passage on Joining,Which HR section can issue ticket to a newly inducted candidate?,Recruitment & Placement Section.,"PIA passage policy, PIA employee ticket, staff travel benefit, Passage on Joining, Newly inducted candidates, Which HR section can issue ticket to a newly inducted candidate, Recruitment & Placement Section, section, issue, newly, inducted, candidate, recruitment, placement, section issue, issue newly, newly inducted, inducted candidate, candidate recruitment, recruitment placement, placement section, section issue newly, issue newly inducted, newly inducted candidate, inducted candidate recruitment, candidate recruitment placement, recruitment placement section"
Passage on Joining,What type of ticket can be issued to a newly inducted candidate?,One free one-way economy-class NS-1 air ticket.,"PIA passage policy, PIA employee ticket, staff travel benefit, Passage on Joining, Newly inducted candidates, What type of ticket can be issued to a newly inducted candidate, One free one-way economy-class NS-1 air ticket, type, issued, newly, inducted, candidate, one, free, one-way, economy-class, ns-1, air, type issued, issued newly, newly inducted, inducted candidate, candidate one, one free, free one-way, one-way economy-class, economy-class ns-1, ns-1 air, type issued newly, issued newly inducted, newly inducted candidate, inducted candidate one, candidate one free, one free one-way, free one-way economy-class, one-way economy-class ns-1, economy-class ns-1 air"
Passage on Joining,From where is the joining ticket issued?,From the nearest operative station to the place of joining.,"PIA passage policy, PIA employee ticket, staff travel benefit, Passage on Joining, Newly inducted candidates, From where is the joining ticket issued, From the nearest operative station to the place of joining, joining, issued, nearest, operative, station, place, joining issued, issued nearest, nearest operative, operative station, station place, place joining, joining issued nearest, issued nearest operative, nearest operative station, operative station place, station place joining"
Passage on Joining,Whose approval is required for ticket on joining?,Chief HR Officer.,"PIA passage policy, PIA employee ticket, staff travel benefit, Passage on Joining, Newly inducted candidates, Whose approval is required for ticket on joining, Chief HR Officer, whose, approval, required, joining, chief, officer, whose approval, approval required, required joining, joining chief, chief officer, whose approval required, approval required joining, required joining chief, joining chief officer"
Passage on Joining,Who pays the taxes and airport charges on the free joining ticket?,PIA pays both.,"PIA passage policy, PIA employee ticket, staff travel benefit, Passage on Joining, Newly inducted candidates, Who pays the taxes and airport charges on the free joining ticket, PIA pays both, pays, taxes, airport, charges, free, joining, both, pays taxes, taxes airport, airport charges, charges free, free joining, joining pays, pays both, pays taxes airport, taxes airport charges, airport charges free, charges free joining, free joining pays, joining pays both"
Passage Facility during Leave Without Pay,Is an employee entitled to PIA air tickets during leave without pay exceeding 120 consecutive days?,No.,"PIA passage policy, PIA employee ticket, staff travel benefit, Passage Facility during Leave Without Pay, LWP exceeding 120 days, Is an employee entitled to PIA air tickets during leave without pay exceeding 120 consecutive days, No, entitled, air, during, leave, without, pay, exceeding, 120, consecutive, days, entitled air, air during, during leave, leave without, without pay, pay exceeding, exceeding 120, 120 consecutive, consecutive days, entitled air during, air during leave, during leave without, leave without pay, without pay exceeding, pay exceeding 120, exceeding 120 consecutive, 120 consecutive days"
Passage Facility during Leave Without Pay,What ticket benefit remains available during LWP exceeding 120 days?,Zonal Employee Discount (ZED) fare tickets.,"PIA passage policy, PIA employee ticket, staff travel benefit, Passage Facility during Leave Without Pay, LWP exceeding 120 days, What ticket benefit remains available during LWP exceeding 120 days, Zonal Employee Discount (ZED) fare tickets, benefit, remains, available, during, lwp, exceeding, 120, days, zonal, discount, zed, fare, benefit remains, remains available, available during, during lwp, lwp exceeding, exceeding 120, 120 days, days zonal, zonal discount, discount zed, zed fare, benefit remains available, remains available during, available during lwp, during lwp exceeding, lwp exceeding 120, exceeding 120 days, 120 days zonal, days zonal discount, zonal discount zed, discount zed fare"
Passage Facility during Leave Without Pay,Can an employee on LWP over 120 days use the other spouse’s ticket entitlement?,Yes. The employee can use the serving spouse's entitlement.,"PIA passage policy, PIA employee ticket, staff travel benefit, Passage Facility during Leave Without Pay, LWP exceeding 120 days, Can an employee on LWP over 120 days use the other spouse’s ticket entitlement, Yes. The employee can use the serving spouse's entitlement, lwp, over, 120, days, use, other, spouse, entitlement, yes, serving, lwp over, over 120, 120 days, days use, use other, other spouse, spouse entitlement, entitlement yes, yes use, use serving, serving spouse, lwp over 120, over 120 days, 120 days use, days use other, use other spouse, other spouse entitlement, spouse entitlement yes, entitlement yes use, yes use serving, use serving spouse, serving spouse entitlement"
Emergency Travel,How should serving employees obtain tickets for emergency travel?,Through ERP.,"PIA passage policy, PIA employee ticket, staff travel benefit, Emergency Travel, Emergency domestic tickets, How should serving employees obtain tickets for emergency travel, Through ERP, emergency ticket, retired employee emergency travel, after-hours ticketing, should, serving, obtain, emergency, travel, through, erp, should serving, serving obtain, obtain emergency, travel through, should serving obtain, serving obtain emergency, obtain emergency travel, emergency travel through, travel through erp"
Emergency Travel,Who can obtain emergency domestic tickets on holidays or after working hours?,Retired employees and widows or widowers of deceased employees.,"PIA passage policy, PIA employee ticket, staff travel benefit, Emergency Travel, Emergency domestic tickets, Who can obtain emergency domestic tickets on holidays or after working hours, Retired employees and widows or widowers of deceased employees, emergency ticket, retired employee emergency travel, after-hours ticketing, obtain, emergency, domestic, holidays, after, working, hours, retired, widows, widowers, deceased, obtain emergency, emergency domestic, domestic holidays, holidays after, after working, working hours, hours retired, retired widows, widows widowers, widowers deceased, obtain emergency domestic, emergency domestic holidays, domestic holidays after, holidays after working, after working hours, working hours retired, hours retired widows, retired widows widowers, widows widowers deceased"
Emergency Travel,From where are after-hours emergency domestic tickets aresued?,From a PIA ticketing counter.,"PIA passage policy, PIA employee ticket, staff travel benefit, Emergency Travel, Emergency domestic tickets, From where are after-hours emergency domestic tickets aresued, From a PIA ticketing counter, emergency ticket, retired employee emergency travel, after-hours ticketing, after-hours, emergency, domestic, aresued, ticketing, counter, after-hours emergency, emergency domestic, domestic aresued, aresued ticketing, ticketing counter, after-hours emergency domestic, emergency domestic aresued, domestic aresued ticketing, aresued ticketing counter"
Emergency Travel,What identification must be presented for an after-hours emergency ticket?,A valid original PIA Card.,"PIA passage policy, PIA employee ticket, staff travel benefit, Emergency Travel, Emergency domestic tickets, What identification must be presented for an after-hours emergency ticket, A valid original PIA Card, emergency ticket, retired employee emergency travel, after-hours ticketing, identification, must, presented, after-hours, emergency, valid, original, card, identification must, must presented, presented after-hours, after-hours emergency, emergency valid, valid original, original card, identification must presented, must presented after-hours, presented after-hours emergency, after-hours emergency valid, emergency valid original, valid original card"
Emergency Travel,What document must be submitted for an after-hours emergency ticket?,The undertaking prescribed in Annexure A.,"PIA passage policy, PIA employee ticket, staff travel benefit, Emergency Travel, Emergency domestic tickets, What document must be submitted for an after-hours emergency ticket, The undertaking prescribed in Annexure A, emergency ticket, retired employee emergency travel, after-hours ticketing, document, must, submitted, after-hours, emergency, undertaking, prescribed, annexure, document must, must submitted, submitted after-hours, after-hours emergency, emergency undertaking, undertaking prescribed, prescribed annexure, document must submitted, must submitted after-hours, submitted after-hours emergency, after-hours emergency undertaking, emergency undertaking prescribed, undertaking prescribed annexure"
Emergency Travel,What must ticketing staff verify before issuing an emergency ticket?,The applicant's particulars.,"PIA passage policy, PIA employee ticket, staff travel benefit, Emergency Travel, Emergency domestic tickets, What must ticketing staff verify before issuing an emergency ticket, The applicant's particulars, emergency ticket, retired employee emergency travel, after-hours ticketing, must, ticketing, staff, verify, before, issuing, emergency, applicant, particulars, must ticketing, ticketing staff, staff verify, verify before, before issuing, issuing emergency, emergency applicant, applicant particulars, must ticketing staff, ticketing staff verify, staff verify before, verify before issuing, before issuing emergency, issuing emergency applicant, emergency applicant particulars"
Emergency Travel,To which email address must the emergency travel undertaking be sent?,khiiypk@piac.aero.,"PIA passage policy, PIA employee ticket, staff travel benefit, Emergency Travel, Emergency domestic tickets, To which email address must the emergency travel undertaking be sent, khiiypk@piac.aero, emergency ticket, retired employee emergency travel, after-hours ticketing, email, address, must, emergency, travel, undertaking, sent, khiiypk, piac, aero, email address, address must, must emergency, travel undertaking, undertaking sent, sent khiiypk, khiiypk piac, piac aero, email address must, address must emergency, must emergency travel, emergency travel undertaking, travel undertaking sent, undertaking sent khiiypk, sent khiiypk piac, khiiypk piac aero"
Emergency Travel,Who enters the emergency ticket record in ERP after receiving the undertaking?,The Retired Employee Cell.,"PIA passage policy, PIA employee ticket, staff travel benefit, Emergency Travel, Emergency domestic tickets, Who enters the emergency ticket record in ERP after receiving the undertaking, The Retired Employee Cell, emergency ticket, retired employee emergency travel, after-hours ticketing, enters, emergency, record, erp, after, receiving, undertaking, retired, cell, enters emergency, emergency record, record erp, erp after, after receiving, receiving undertaking, undertaking retired, retired cell, enters emergency record, emergency record erp, record erp after, erp after receiving, after receiving undertaking, receiving undertaking retired, undertaking retired cell"
Dependent Children Working as Apprentices,Can a dependent child working as an apprentice in PIACL retain family-member facilities?,"Yes, provided the child is not a regular employee.","PIA passage policy, PIA employee ticket, staff travel benefit, Dependent Children Working as Apprentices, Admissibility of family facilities, Can a dependent child working as an apprentice in PIACL retain family-member facilities, Yes, provided the child is not a regular employee, dependent, child, working, apprentice, piacl, retain, family-member, facilities, yes, provided, not, regular, dependent child, child working, working apprentice, apprentice piacl, piacl retain, retain family-member, family-member facilities, facilities yes, yes provided, provided child, child not, not regular, dependent child working, child working apprentice, working apprentice piacl, apprentice piacl retain, piacl retain family-member, retain family-member facilities, family-member facilities yes, facilities yes provided, yes provided child, provided child not, child not regular"
Dependent Children Working as Apprentices,Can a dependent child working as an apprentice in another organization retain PIA family-member facilities?,"Yes, provided the child is not a regular employee.","PIA passage policy, PIA employee ticket, staff travel benefit, Dependent Children Working as Apprentices, Admissibility of family facilities, Can a dependent child working as an apprentice in another organization retain PIA family-member facilities, Yes, provided the child is not a regular employee, dependent, child, working, apprentice, another, organization, retain, family-member, facilities, yes, provided, not, regular, dependent child, child working, working apprentice, apprentice another, another organization, organization retain, retain family-member, family-member facilities, facilities yes, yes provided, provided child, child not, not regular, dependent child working, child working apprentice, working apprentice another, apprentice another organization, another organization retain, organization retain family-member, retain family-member facilities, family-member facilities yes, facilities yes provided, yes provided child, provided child not, child not regular"
Dependent Children Working as Apprentices,What condition disqualifies an apprentice child from family-member facilities?,Becoming a regular employee.,"PIA passage policy, PIA employee ticket, staff travel benefit, Dependent Children Working as Apprentices, Admissibility of family facilities, What condition disqualifies an apprentice child from family-member facilities, Becoming a regular employee, condition, disqualifies, apprentice, child, family-member, facilities, becoming, regular, condition disqualifies, disqualifies apprentice, apprentice child, child family-member, family-member facilities, facilities becoming, becoming regular, condition disqualifies apprentice, disqualifies apprentice child, apprentice child family-member, child family-member facilities, family-member facilities becoming, facilities becoming regular"
Dependent Children Working as Apprentices,Which dependent children are covered by the apprentice facility rule?,Dependent sons and daughters of PIA employees.,"PIA passage policy, PIA employee ticket, staff travel benefit, Dependent Children Working as Apprentices, Admissibility of family facilities, Which dependent children are covered by the apprentice facility rule, Dependent sons and daughters of PIA employees, dependent, children, covered, apprentice, facility, rule, sons, daughters, dependent children, children covered, covered apprentice, apprentice facility, facility rule, rule dependent, dependent sons, sons daughters, dependent children covered, children covered apprentice, covered apprentice facility, apprentice facility rule, facility rule dependent, rule dependent sons, dependent sons daughters"
NS-1 for Religious Travel and Medical Treatment,Which ticket entitlement can employees use for Umrah?,Their own ticket entitlement.,"PIA passage policy, PIA employee ticket, staff travel benefit, NS-1 for Religious Travel and Medical Treatment, Use of own entitlement, Which ticket entitlement can employees use for Umrah, Their own ticket entitlement, entitlement, use, umrah, own, entitlement use, use umrah, umrah own, own entitlement, entitlement use umrah, use umrah own, umrah own entitlement"
NS-1 for Religious Travel and Medical Treatment,Which ticket entitlement can Christian employees use for pilgrimage?,Their own ticket entitlement.,"PIA passage policy, PIA employee ticket, staff travel benefit, NS-1 for Religious Travel and Medical Treatment, Use of own entitlement, Which ticket entitlement can Christian employees use for pilgrimage, Their own ticket entitlement, entitlement, christian, use, pilgrimage, own, entitlement christian, christian use, use pilgrimage, pilgrimage own, own entitlement, entitlement christian use, christian use pilgrimage, use pilgrimage own, pilgrimage own entitlement"
NS-1 for Religious Travel and Medical Treatment,Which ticket entitlement can be used for medical treatment abroad?,The employee's own ticket entitlement.,"PIA passage policy, PIA employee ticket, staff travel benefit, NS-1 for Religious Travel and Medical Treatment, Use of own entitlement, Which ticket entitlement can be used for medical treatment abroad, The employee's own ticket entitlement, entitlement, used, medical, treatment, abroad, own, entitlement used, used medical, medical treatment, treatment abroad, abroad own, own entitlement, entitlement used medical, used medical treatment, medical treatment abroad, treatment abroad own, abroad own entitlement"
NS-1 for Religious Travel and Medical Treatment,"Does the policy create a separate additional entitlement for Umrah, pilgrimage or medical treatment abroad?",No. Employees use their existing entitlement.,"PIA passage policy, PIA employee ticket, staff travel benefit, NS-1 for Religious Travel and Medical Treatment, Use of own entitlement, Does the policy create a separate additional entitlement for Umrah, pilgrimage or medical treatment abroad, No. Employees use their existing entitlement, policy, create, separate, additional, entitlement, umrah, pilgrimage, medical, treatment, abroad, use, existing, policy create, create separate, separate additional, additional entitlement, entitlement umrah, umrah pilgrimage, pilgrimage medical, medical treatment, treatment abroad, abroad use, use existing, existing entitlement, policy create separate, create separate additional, separate additional entitlement, additional entitlement umrah, entitlement umrah pilgrimage, umrah pilgrimage medical, pilgrimage medical treatment, medical treatment abroad, treatment abroad use, abroad use existing, use existing entitlement"
Inadmissibility of Passage Facility,Can an employee or family use the ticket benefit during suspension?,No.,"PIA passage policy, PIA employee ticket, staff travel benefit, Inadmissibility of Passage Facility, Suspension and separation, Can an employee or family use the ticket benefit during suspension, No, family, use, benefit, during, suspension, family use, use benefit, benefit during, during suspension, family use benefit, use benefit during, benefit during suspension"
Inadmissibility of Passage Facility,Who can approve travel during suspension on compassionate grounds?,Chief HR Officer.,"PIA passage policy, PIA employee ticket, staff travel benefit, Inadmissibility of Passage Facility, Suspension and separation, Who can approve travel during suspension on compassionate grounds, Chief HR Officer, approve, travel, during, suspension, compassionate, grounds, chief, officer, approve travel, travel during, during suspension, suspension compassionate, compassionate grounds, grounds chief, chief officer, approve travel during, travel during suspension, during suspension compassionate, suspension compassionate grounds, compassionate grounds chief, grounds chief officer"
Inadmissibility of Passage Facility,When does ticket benefit end for an employee who resigns?,"On acceptance of the resignation, which is the date of separation.","PIA passage policy, PIA employee ticket, staff travel benefit, Inadmissibility of Passage Facility, Suspension and separation, When does ticket benefit end for an employee who resigns, On acceptance of the resignation, which is the date of separation, benefit, end, resigns, acceptance, resignation, date, separation, benefit end, end resigns, resigns acceptance, acceptance resignation, resignation date, date separation, benefit end resigns, end resigns acceptance, resigns acceptance resignation, acceptance resignation date, resignation date separation"
Inadmissibility of Passage Facility,Is ticket benefit available to an employee dismissed from service?,No.,"PIA passage policy, PIA employee ticket, staff travel benefit, Inadmissibility of Passage Facility, Suspension and separation, Is ticket benefit available to an employee dismissed from service, No, benefit, available, dismissed, service, benefit available, available dismissed, dismissed service, benefit available dismissed, available dismissed service"
Inadmissibility of Passage Facility,Is ticket benefit available to an employee compulsorily retired from service?,No.,"PIA passage policy, PIA employee ticket, staff travel benefit, Inadmissibility of Passage Facility, Suspension and separation, Is ticket benefit available to an employee compulsorily retired from service, No, benefit, available, compulsorily, retired, service, benefit available, available compulsorily, compulsorily retired, retired service, benefit available compulsorily, available compulsorily retired, compulsorily retired service"
Inadmissibility of Passage Facility,Can ticket benefit be withheld by the competent authority?,"Yes, for reasons recorded.","PIA passage policy, PIA employee ticket, staff travel benefit, Inadmissibility of Passage Facility, Suspension and separation, Can ticket benefit be withheld by the competent authority, Yes, for reasons recorded, benefit, withheld, competent, authority, yes, reasons, recorded, benefit withheld, withheld competent, competent authority, authority yes, yes reasons, reasons recorded, benefit withheld competent, withheld competent authority, competent authority yes, authority yes reasons, yes reasons recorded"
Inadmissibility of Passage Facility,When is the ticket benefit not available?,"It is not available during suspension or disciplinary proceedings, after resignation, dismissal or compulsory retirement, or when the competent authority specifically withholds it.","PIA passage policy, PIA employee ticket, staff travel benefit, Inadmissibility of Passage Facility, Suspension and separation, When is the ticket benefit not available, It is not available during suspension or disciplinary proceedings, after resignation, dismissal or compulsory retirement, or when the competent authority specifically withholds it, benefit, not, available, during, suspension, disciplinary, proceedings, after, resignation, dismissal, compulsory, retirement, competent, authority, specifically, withholds, benefit not, not available, available not, available during, during suspension, suspension disciplinary, disciplinary proceedings, proceedings after, after resignation, resignation dismissal, dismissal compulsory, compulsory retirement, retirement competent, competent authority, authority specifically, specifically withholds, benefit not available, not available not, available not available, not available during, available during suspension, during suspension disciplinary, suspension disciplinary proceedings, disciplinary proceedings after, proceedings after resignation, after resignation dismissal, resignation dismissal compulsory, dismissal compulsory retirement, compulsory retirement competent, retirement competent authority, competent authority specifically, authority specifically withholds"
Interline Passage,How does an employee request an interline ticket?,Through ERP.,"PIA passage policy, PIA employee ticket, staff travel benefit, Interline Passage, ERP procedure, How does an employee request an interline ticket, Through ERP, request, interline, through, erp, request interline, interline through, request interline through, interline through erp"
Interline Passage,Does an interline ticket reduce the employee's normal entitlement?,Yes. It is deducted from the employee's entitlement.,"PIA passage policy, PIA employee ticket, staff travel benefit, Interline Passage, ERP procedure, Does an interline ticket reduce the employee's normal entitlement, Yes. It is deducted from the employee's entitlement, interline, reduce, normal, entitlement, yes, deducted, interline reduce, reduce normal, normal entitlement, entitlement yes, yes deducted, deducted entitlement, interline reduce normal, reduce normal entitlement, normal entitlement yes, entitlement yes deducted, yes deducted entitlement"
Interline Passage,Who is notified after the interline entitlement is adjusted?,Manager Interline.,"PIA passage policy, PIA employee ticket, staff travel benefit, Interline Passage, ERP procedure, Who is notified after the interline entitlement is adjusted, Manager Interline, notified, after, interline, entitlement, adjusted, manager, notified after, after interline, interline entitlement, entitlement adjusted, adjusted manager, notified after interline, after interline entitlement, interline entitlement adjusted, entitlement adjusted manager, adjusted manager interline"
Interline Passage,What does Manager Interline issue to the partner airline?,A letter to the partner airline.,"PIA passage policy, PIA employee ticket, staff travel benefit, Interline Passage, ERP procedure, What does Manager Interline issue to the partner airline, A letter to the partner airline, manager, interline, issue, partner, airline, letter, manager interline, interline issue, issue partner, partner airline, airline letter, letter partner, manager interline issue, interline issue partner, issue partner airline, partner airline letter, airline letter partner, letter partner airline"
Interline Passage,Where can interline ticketing alternatively be completed?,Through PIACL ticketing counters.,"PIA passage policy, PIA employee ticket, staff travel benefit, Interline Passage, ERP procedure, Where can interline ticketing alternatively be completed, Through PIACL ticketing counters, interline, ticketing, alternatively, completed, through, piacl, counters, interline ticketing, ticketing alternatively, alternatively completed, completed through, through piacl, piacl ticketing, ticketing counters, interline ticketing alternatively, ticketing alternatively completed, alternatively completed through, completed through piacl, through piacl ticketing, piacl ticketing counters"
Multi-Sector and Re-routing,Can an employee book a multi-sector ticket?,Yes.,"PIA passage policy, PIA employee ticket, staff travel benefit, Multi-Sector and Re-routing, Itinerary restrictions, Can an employee book a multi-sector ticket, Yes, book, multi-sector, book multi-sector, multi-sector yes, book multi-sector yes"
Multi-Sector and Re-routing,What restriction applies to destinations in a multi-sector itinerary?,"No destination, including the origin, may be repeated.","PIA passage policy, PIA employee ticket, staff travel benefit, Multi-Sector and Re-routing, Itinerary restrictions, What restriction applies to destinations in a multi-sector itinerary, No destination, including the origin, may be repeated, restriction, applies, destinations, multi-sector, itinerary, destination, including, origin, may, repeated, restriction applies, applies destinations, destinations multi-sector, multi-sector itinerary, itinerary destination, destination including, including origin, origin may, may repeated, restriction applies destinations, applies destinations multi-sector, destinations multi-sector itinerary, multi-sector itinerary destination, itinerary destination including, destination including origin, including origin may, origin may repeated"
Multi-Sector and Re-routing,Where can an employee ticket be re-routed?,At all PIACL ticketing counters.,"PIA passage policy, PIA employee ticket, staff travel benefit, Multi-Sector and Re-routing, Itinerary restrictions, Where can an employee ticket be re-routed, At all PIACL ticketing counters, re-routed, all, piacl, ticketing, counters, re-routed all, all piacl, piacl ticketing, ticketing counters, re-routed all piacl, all piacl ticketing, piacl ticketing counters"
Multi-Sector and Re-routing,Can a sector already travelled be repeated after re-routing?,No.,"PIA passage policy, PIA employee ticket, staff travel benefit, Multi-Sector and Re-routing, Itinerary restrictions, Can a sector already travelled be repeated after re-routing, No, sector, already, travelled, repeated, after, re-routing, sector already, already travelled, travelled repeated, repeated after, after re-routing, sector already travelled, already travelled repeated, travelled repeated after, repeated after re-routing"
Refund of Employee Ticket,Can a cancelled employee ticket be refunded during its validity period?,Yes.,"PIA passage policy, PIA employee ticket, staff travel benefit, Refund of Employee Ticket, Refund period and entitlement, Can a cancelled employee ticket be refunded during its validity period, Yes, cancelled, refunded, during, its, validity, period, cancelled refunded, refunded during, during its, its validity, validity period, period yes, cancelled refunded during, refunded during its, during its validity, its validity period, validity period yes"
Refund of Employee Ticket,How long after expiry can an employee still claim a refund?,Up to one year from the date of expiry.,"PIA passage policy, PIA employee ticket, staff travel benefit, Refund of Employee Ticket, Refund period and entitlement, How long after expiry can an employee still claim a refund, Up to one year from the date of expiry, long, after, expiry, still, claim, refund, one, year, date, long after, after expiry, expiry still, still claim, claim refund, refund one, one year, year date, date expiry, long after expiry, after expiry still, expiry still claim, still claim refund, claim refund one, refund one year, one year date, year date expiry"
Refund of Employee Ticket,Are refunded tickets credited back to the employee's ticket entitlement?,No.,"PIA passage policy, PIA employee ticket, staff travel benefit, Refund of Employee Ticket, Refund period and entitlement, Are refunded tickets credited back to the employee's ticket entitlement, No, refunded, credited, back, entitlement, refunded credited, credited back, back entitlement, refunded credited back, credited back entitlement"
Baggage Entitlement,Who can use the annual excess baggage facility?,"Serving employees, retired employees, deceased employees' eligible families and their families as available.","PIA passage policy, PIA employee ticket, staff travel benefit, Baggage Entitlement, Cargo and excess baggage, Who can use the annual excess baggage facility, Serving employees, retired employees, deceased employees' eligible families and their families as available, excess baggage, cargo allowance, 45 kg baggage, 90 percent rebate, use, annual, excess, baggage, facility, serving, retired, deceased, eligible, families, available, use annual, annual excess, baggage facility, facility serving, serving retired, retired deceased, deceased eligible, eligible families, families families, families available, use annual excess, annual excess baggage, excess baggage facility, baggage facility serving, facility serving retired, serving retired deceased, retired deceased eligible, deceased eligible families, eligible families families, families families available"
Baggage Entitlement,What is the maximum excess baggage weight under the annual facility?,45 kilograms.,"PIA passage policy, PIA employee ticket, staff travel benefit, Baggage Entitlement, Cargo and excess baggage, What is the maximum excess baggage weight under the annual facility, 45 kilograms, excess baggage, cargo allowance, 45 kg baggage, 90 percent rebate, maximum, excess, baggage, weight, annual, facility, kilograms, maximum excess, baggage weight, weight annual, annual facility, facility kilograms, maximum excess baggage, excess baggage weight, baggage weight annual, weight annual facility, annual facility kilograms"
Baggage Entitlement,What rebate applies to the annual 45 kg excess baggage facility?,90% rebate.,"PIA passage policy, PIA employee ticket, staff travel benefit, Baggage Entitlement, Cargo and excess baggage, What rebate applies to the annual 45 kg excess baggage facility, 90% rebate, excess baggage, cargo allowance, 45 kg baggage, 90 percent rebate, rebate, applies, annual, excess, baggage, facility, rebate applies, applies annual, annual excess, baggage facility, facility rebate, rebate applies annual, applies annual excess, annual excess baggage, excess baggage facility, baggage facility rebate"
Baggage Entitlement,How often can the 45 kg excess baggage facility be used?,Once in a year.,"PIA passage policy, PIA employee ticket, staff travel benefit, Baggage Entitlement, Cargo and excess baggage, How often can the 45 kg excess baggage facility be used, Once in a year, excess baggage, cargo allowance, 45 kg baggage, 90 percent rebate, often, excess, baggage, facility, used, once, year, often excess, baggage facility, facility used, used once, once year, often excess baggage, excess baggage facility, baggage facility used, facility used once, used once year"
Baggage Entitlement,Is the annual excess baggage facility available for a round trip?,No. It applies to one one-way sector only.,"PIA passage policy, PIA employee ticket, staff travel benefit, Baggage Entitlement, Cargo and excess baggage, Is the annual excess baggage facility available for a round trip, No. It applies to one one-way sector only, excess baggage, cargo allowance, 45 kg baggage, 90 percent rebate, annual, excess, baggage, facility, available, round, trip, applies, one, one-way, sector, only, annual excess, baggage facility, facility available, available round, round trip, trip applies, applies one, one one-way, one-way sector, sector only, annual excess baggage, excess baggage facility, baggage facility available, facility available round, available round trip, round trip applies, trip applies one, applies one one-way, one one-way sector, one-way sector only"
Future Entitlement,Can an employee use tickets from a future entitlement year in advance?,No.,"PIA passage policy, PIA employee ticket, staff travel benefit, Future Entitlement, Advance use, Can an employee use tickets from a future entitlement year in advance, No, use, future, entitlement, year, advance, use future, entitlement year, year advance, use future entitlement, future entitlement year, entitlement year advance"
Upward and Downward Journey,Can employees use a domestic connection to catch an international PIA flight?,"Yes, subject to the station rules.","PIA passage policy, PIA employee ticket, staff travel benefit, Upward and Downward Journey, Connection to international flights, Can employees use a domestic connection to catch an international PIA flight, Yes, subject to the station rules, use, domestic, connection, catch, international, flight, yes, subject, station, rules, use domestic, domestic connection, connection catch, catch international, international flight, flight yes, yes subject, subject station, station rules, use domestic connection, domestic connection catch, connection catch international, catch international flight, international flight yes, flight yes subject, yes subject station, subject station rules"
Upward and Downward Journey,Can Islamabad- or Lahore-based employees use this connection facility for international flights from their station?,Yes.,"PIA passage policy, PIA employee ticket, staff travel benefit, Upward and Downward Journey, Connection to international flights, Can Islamabad- or Lahore-based employees use this connection facility for international flights from their station, Yes, islamabad, lahore-based, use, connection, facility, international, flights, station, islamabad lahore-based, lahore-based use, use connection, connection facility, facility international, international flights, flights station, station yes, islamabad lahore-based use, lahore-based use connection, use connection facility, connection facility international, facility international flights, international flights station, flights station yes"
Upward and Downward Journey,Can employees at stations without international flights use the connection facility?,Yes.,"PIA passage policy, PIA employee ticket, staff travel benefit, Upward and Downward Journey, Connection to international flights, Can employees at stations without international flights use the connection facility, Yes, stations, without, international, flights, use, connection, facility, stations without, without international, international flights, flights use, use connection, connection facility, facility yes, stations without international, without international flights, international flights use, flights use connection, use connection facility, connection facility yes"
Upward and Downward Journey,How can Karachi-based employees use the connection facility?,Either the originating journey or the return journey.,"PIA passage policy, PIA employee ticket, staff travel benefit, Upward and Downward Journey, Connection to international flights, How can Karachi-based employees use the connection facility, Either the originating journey or the return journey, karachi-based, use, connection, facility, either, originating, journey, return, karachi-based use, use connection, connection facility, facility either, either originating, originating journey, journey return, return journey, karachi-based use connection, use connection facility, connection facility either, facility either originating, either originating journey, originating journey return, journey return journey"
Upward and Downward Journey,Against which entitlement is upward or downward domestic travel adjusted?,The employee's domestic entitlement.,"PIA passage policy, PIA employee ticket, staff travel benefit, Upward and Downward Journey, Connection to international flights, Against which entitlement is upward or downward domestic travel adjusted, The employee's domestic entitlement, against, entitlement, upward, downward, domestic, travel, adjusted, against entitlement, entitlement upward, upward downward, downward domestic, domestic travel, travel adjusted, adjusted domestic, domestic entitlement, against entitlement upward, entitlement upward downward, upward downward domestic, downward domestic travel, domestic travel adjusted, travel adjusted domestic, adjusted domestic entitlement"
Upward and Downward Journey,Which station connections are examples of this facility?,"Examples include Lahore–Islamabad, Peshawar–Islamabad and Peshawar–Karachi.","PIA passage policy, PIA employee ticket, staff travel benefit, Upward and Downward Journey, Connection to international flights, Which station connections are examples of this facility, Examples include Lahore–Islamabad, Peshawar–Islamabad and Peshawar–Karachi, station, connections, examples, facility, include, lahore, islamabad, peshawar, karachi, station connections, connections examples, examples facility, facility examples, examples include, include lahore, lahore islamabad, islamabad peshawar, peshawar islamabad, peshawar karachi, station connections examples, connections examples facility, examples facility examples, facility examples include, examples include lahore, include lahore islamabad, lahore islamabad peshawar, islamabad peshawar islamabad, peshawar islamabad peshawar, islamabad peshawar karachi"
NOC for Travel Abroad,When must an employee obtain an NOC for travel abroad?,When travelling abroad on leave or on OCS.,"PIA passage policy, PIA employee ticket, staff travel benefit, NOC for Travel Abroad, ERP-generated NOC, When must an employee obtain an NOC for travel abroad, When travelling abroad on leave or on OCS, NOC, No Objection Certificate, ERP travel letter, travel abroad, must, obtain, travel, abroad, travelling, leave, ocs, must obtain, obtain noc, noc travel, abroad travelling, travelling abroad, abroad leave, leave ocs, must obtain noc, obtain noc travel, noc travel abroad, travel abroad travelling, abroad travelling abroad, travelling abroad leave, abroad leave ocs"
NOC for Travel Abroad,How is the NOC for travel abroad obtained?,Through a system-generated letter from ERP.,"PIA passage policy, PIA employee ticket, staff travel benefit, NOC for Travel Abroad, ERP-generated NOC, How is the NOC for travel abroad obtained, Through a system-generated letter from ERP, NOC, No Objection Certificate, ERP travel letter, travel abroad, travel, abroad, obtained, through, system-generated, letter, erp, noc travel, abroad obtained, obtained through, through system-generated, system-generated letter, letter erp, noc travel abroad, travel abroad obtained, abroad obtained through, obtained through system-generated, through system-generated letter, system-generated letter erp"
NOC for Travel Abroad,Are crew members travelling supernumerary required to obtain this NOC?,No. They are exempt.,"PIA passage policy, PIA employee ticket, staff travel benefit, NOC for Travel Abroad, ERP-generated NOC, Are crew members travelling supernumerary required to obtain this NOC, No. They are exempt, NOC, No Objection Certificate, ERP travel letter, travel abroad, crew, members, travelling, supernumerary, required, obtain, exempt, crew members, members travelling, travelling supernumerary, supernumerary required, required obtain, obtain noc, noc exempt, crew members travelling, members travelling supernumerary, travelling supernumerary required, supernumerary required obtain, required obtain noc, obtain noc exempt"
NOC for Travel Abroad,What does NOC mean for travel abroad?,No Objection Certificate.,"PIA passage policy, PIA employee ticket, staff travel benefit, NOC for Travel Abroad, ERP-generated NOC, What does NOC mean for travel abroad, No Objection Certificate, NOC, ERP travel letter, travel abroad, mean, travel, abroad, objection, certificate, noc mean, mean travel, abroad objection, objection certificate, noc mean travel, mean travel abroad, travel abroad objection, abroad objection certificate"
GD Travel,Who can use GD travel?,Cockpit crew.,"PIA passage policy, PIA employee ticket, staff travel benefit, GD Travel, Cockpit crew, Who can use GD travel, use, travel, cockpit, crew, use travel, travel cockpit, use travel cockpit, travel cockpit crew"
GD Travel,Is GD travel on international routes allowed?,No. It is discontinued.,"PIA passage policy, PIA employee ticket, staff travel benefit, GD Travel, Cockpit crew, Is GD travel on international routes allowed, No. It is discontinued, travel, international, routes, allowed, discontinued, travel international, international routes, routes allowed, allowed discontinued, travel international routes, international routes allowed, routes allowed discontinued"
GD Travel,Does GD travel continue on domestic routes?,Yes.,"PIA passage policy, PIA employee ticket, staff travel benefit, GD Travel, Cockpit crew, Does GD travel continue on domestic routes, Yes, travel, continue, domestic, routes, travel continue, continue domestic, domestic routes, routes yes, travel continue domestic, continue domestic routes, domestic routes yes"
GD Travel,Who authorizes domestic GD travel?,Chief of Flight Operations.,"PIA passage policy, PIA employee ticket, staff travel benefit, GD Travel, Cockpit crew, Who authorizes domestic GD travel, Chief of Flight Operations, authorizes, domestic, travel, chief, flight, operations, authorizes domestic, domestic travel, travel chief, chief flight, flight operations, authorizes domestic travel, domestic travel chief, travel chief flight, chief flight operations"
GD Travel,How many domestic GD trips are normally allowed each month?,Not more than 10 per month.,"PIA passage policy, PIA employee ticket, staff travel benefit, GD Travel, Cockpit crew, How many domestic GD trips are normally allowed each month, Not more than 10 per month, many, domestic, trips, normally, allowed, each, month, not, more, than, per, many domestic, domestic trips, trips normally, normally allowed, allowed each, each month, month not, not more, more than, than per, per month, many domestic trips, domestic trips normally, trips normally allowed, normally allowed each, allowed each month, each month not, month not more, not more than, more than per, than per month"
GD Travel,Can the normal monthly GD travel limit be exceeded for operational needs?,The rule allows authorization when required for operational requirements.,"PIA passage policy, PIA employee ticket, staff travel benefit, GD Travel, Cockpit crew, Can the normal monthly GD travel limit be exceeded for operational needs, The rule allows authorization when required for operational requirements, normal, monthly, travel, limit, exceeded, operational, needs, rule, allows, authorization, required, requirements, normal monthly, monthly travel, travel limit, limit exceeded, exceeded operational, operational needs, needs rule, rule allows, allows authorization, authorization required, required operational, operational requirements, normal monthly travel, monthly travel limit, travel limit exceeded, limit exceeded operational, exceeded operational needs, operational needs rule, needs rule allows, rule allows authorization, allows authorization required, authorization required operational, required operational requirements"
GD Travel,Who prepares the consolidated monthly GD travel report?,Chief of Flight Operations.,"PIA passage policy, PIA employee ticket, staff travel benefit, GD Travel, Cockpit crew, Who prepares the consolidated monthly GD travel report, Chief of Flight Operations, prepares, consolidated, monthly, travel, report, chief, flight, operations, prepares consolidated, consolidated monthly, monthly travel, travel report, report chief, chief flight, flight operations, prepares consolidated monthly, consolidated monthly travel, monthly travel report, travel report chief, report chief flight, chief flight operations"
GD Travel,To whom is the monthly GD travel report submitted?,Chief Executive Officer.,"PIA passage policy, PIA employee ticket, staff travel benefit, GD Travel, Cockpit crew, To whom is the monthly GD travel report submitted, Chief Executive Officer, whom, monthly, travel, report, submitted, chief, executive, officer, whom monthly, monthly travel, travel report, report submitted, submitted chief, chief executive, executive officer, whom monthly travel, monthly travel report, travel report submitted, report submitted chief, submitted chief executive"
Passage for Interview,Can PIA provide an official interview ticket for travel outside Pakistan?,No. The official interview ticket is only for travel within Pakistan.,"PIA passage policy, PIA employee ticket, staff travel benefit, Passage for Interview, Official selection interviews, Can PIA provide an official interview ticket for travel outside Pakistan, No. The official interview ticket is only for travel within Pakistan, interview travel, official interview ticket, TA DA, base station, provide, official, interview, travel, outside, pakistan, only, within, provide official, official interview, travel outside, outside pakistan, pakistan official, interview only, only travel, travel within, within pakistan, provide official interview, official interview travel, interview travel outside, travel outside pakistan, outside pakistan official, pakistan official interview, official interview only, interview only travel, only travel within, travel within pakistan"
Passage for Interview,When can an employee get an official interview travel authorization?,For appearing before competent boards or competent authorities.,"PIA passage policy, PIA employee ticket, staff travel benefit, Passage for Interview, Official selection interviews, When can an employee get an official interview travel authorization, For appearing before competent boards or competent authorities, interview travel, official interview ticket, TA DA, base station, get, official, interview, travel, authorization, appearing, before, competent, boards, authorities, get official, official interview, travel authorization, authorization appearing, appearing before, before competent, competent boards, boards competent, competent authorities, get official interview, official interview travel, interview travel authorization, travel authorization appearing, authorization appearing before, appearing before competent, before competent boards, competent boards competent, boards competent authorities"
Passage for Interview,What ticket does an employee get for an official interview?,A 100% rebated round-trip NS-1 ticket.,"PIA passage policy, PIA employee ticket, staff travel benefit, Passage for Interview, Official selection interviews, What ticket does an employee get for an official interview, A 100% rebated round-trip NS-1 ticket, interview travel, official interview ticket, TA DA, base station, get, official, interview, 100, rebated, round-trip, ns-1, get official, official interview, interview 100, 100 rebated, rebated round-trip, round-trip ns-1, get official interview, official interview 100, interview 100 rebated, 100 rebated round-trip, rebated round-trip ns-1"
Passage for Interview,Which travel class is used for an official interview ticket?,The employee's normal entitled class.,"PIA passage policy, PIA employee ticket, staff travel benefit, Passage for Interview, Official selection interviews, Which travel class is used for an official interview ticket, The employee's normal entitled class, interview travel, official interview ticket, TA DA, base station, travel, class, used, official, interview, normal, entitled, travel class, class used, used official, official interview, interview normal, normal entitled, entitled class, travel class used, class used official, used official interview, official interview normal, interview normal entitled, normal entitled class"
Passage for Interview,Who approves the travel form for an official interview?,The competent authority under the Schedule of Powers.,"PIA passage policy, PIA employee ticket, staff travel benefit, Passage for Interview, Official selection interviews, Who approves the travel form for an official interview, The competent authority under the Schedule of Powers, interview travel, official interview ticket, TA DA, base station, approves, travel, form, official, interview, competent, authority, schedule, powers, approves travel, travel form, form official, official interview, interview competent, competent authority, authority schedule, schedule powers, approves travel form, travel form official, form official interview, official interview competent, interview competent authority, competent authority schedule, authority schedule powers"
Passage for Interview,What supporting letter is required for official interview travel?,An interview letter issued by PIA Employment or in consultation with Manager Employment.,"PIA passage policy, PIA employee ticket, staff travel benefit, Passage for Interview, Official selection interviews, What supporting letter is required for official interview travel, An interview letter issued by PIA Employment or in consultation with Manager Employment, interview travel, official interview ticket, TA DA, base station, supporting, letter, required, official, interview, travel, issued, employment, consultation, manager, supporting letter, letter required, required official, official interview, travel interview, interview letter, letter issued, issued employment, employment consultation, consultation manager, manager employment, supporting letter required, letter required official, required official interview, official interview travel, interview travel interview, travel interview letter, interview letter issued, letter issued employment, issued employment consultation, employment consultation manager, consultation manager employment"
Passage for Interview,How many days are allowed for official interview travel?,Two days.,"PIA passage policy, PIA employee ticket, staff travel benefit, Passage for Interview, Official selection interviews, How many days are allowed for official interview travel, Two days, interview travel, official interview ticket, TA DA, base station, many, days, allowed, official, interview, travel, two, many days, days allowed, allowed official, official interview, travel two, many days allowed, days allowed official, allowed official interview, official interview travel, interview travel two, travel two days"
Passage for Interview,Is TA/DA available for an official selection interview?,Yes.,"PIA passage policy, PIA employee ticket, staff travel benefit, Passage for Interview, Official selection interviews, Is TA/DA available for an official selection interview, Yes, interview travel, official interview ticket, TA DA, base station, available, official, selection, interview, available official, official selection, selection interview, interview yes, available official selection, official selection interview, selection interview yes"
Passage for Interview,Which ticket does an employee use for a personal-grievance interview?,The employee uses their own ticket entitlement.,"PIA passage policy, PIA employee ticket, staff travel benefit, Passage for Interview, Personal grievance interviews, Which ticket does an employee use for a personal-grievance interview, The employee uses their own ticket entitlement, interview travel, official interview ticket, TA DA, base station, use, personal-grievance, interview, uses, own, entitlement, use personal-grievance, personal-grievance interview, interview uses, uses own, own entitlement, use personal-grievance interview, personal-grievance interview uses, interview uses own, uses own entitlement"
Passage for Interview,Is TA/DA available for personal-grievance interviews?,No.,"PIA passage policy, PIA employee ticket, staff travel benefit, Passage for Interview, Personal grievance interviews, Is TA/DA available for personal-grievance interviews, No, interview travel, official interview ticket, TA DA, base station, available, personal-grievance, interviews, available personal-grievance, personal-grievance interviews, available personal-grievance interviews"
Passage for Interview,Which officials or committees can call an employee for a personal-grievance interview?,"Departmental Heads, Chief HR Officer, Chief Executive Officer and Grievance Handling Committee.","PIA passage policy, PIA employee ticket, staff travel benefit, Passage for Interview, Personal grievance interviews, Which officials or committees can call an employee for a personal-grievance interview, Departmental Heads, Chief HR Officer, Chief Executive Officer and Grievance Handling Committee, interview travel, official interview ticket, TA DA, base station, officials, committees, call, personal-grievance, interview, departmental, heads, chief, officer, executive, grievance, handling, committee, officials committees, committees call, call personal-grievance, personal-grievance interview, interview departmental, departmental heads, heads chief, chief officer, officer chief, chief executive, executive officer, officer grievance, grievance handling, handling committee, officials committees call, committees call personal-grievance, call personal-grievance interview, personal-grievance interview departmental, interview departmental heads, departmental heads chief, heads chief officer, chief officer chief, officer chief executive, chief executive officer, executive officer grievance, officer grievance handling, grievance handling committee"
Passage for Interview,What is the maximum absence from the base station allowed for an interview at another station?,Two days.,"PIA passage policy, PIA employee ticket, staff travel benefit, Passage for Interview, Personal grievance interviews, What is the maximum absence from the base station allowed for an interview at another station, Two days, interview travel, official interview ticket, TA DA, base station, maximum, absence, base, station, allowed, interview, another, two, days, maximum absence, absence base, station allowed, allowed interview, interview another, another station, station two, maximum absence base, absence base station, base station allowed, station allowed interview, allowed interview another, interview another station, another station two, station two days"
Passage for Interview,How is approved interview absence treated?,It is treated as duty if approved by the competent authority.,"PIA passage policy, PIA employee ticket, staff travel benefit, Passage for Interview, Personal grievance interviews, How is approved interview absence treated, It is treated as duty if approved by the competent authority, interview travel, official interview ticket, TA DA, base station, approved, interview, absence, treated, duty, competent, authority, approved interview, interview absence, absence treated, treated treated, treated duty, duty approved, approved competent, competent authority, approved interview absence, interview absence treated, absence treated treated, treated treated duty, treated duty approved, duty approved competent, approved competent authority"
Passage for Interview,Should an employee try to return to the base station on the same day after an interview?,Yes. Employees should try to complete the trip and return on the same day.,"PIA passage policy, PIA employee ticket, staff travel benefit, Passage for Interview, Personal grievance interviews, Should an employee try to return to the base station on the same day after an interview, Yes. Employees should try to complete the trip and return on the same day, interview travel, official interview ticket, TA DA, base station, should, try, return, base, station, same, day, after, interview, yes, complete, trip, should try, try return, return base, station same, same day, day after, after interview, interview yes, yes should, try complete, complete trip, trip return, return same, should try return, try return base, return base station, base station same, station same day, same day after, day after interview, after interview yes, interview yes should, yes should try, should try complete, try complete trip, complete trip return, trip return same, return same day"
Trans-Atlantic Excess Baggage,How is baggage counted on trans-Atlantic flights?,The piece system under the amended IATA/ICAO rules.,"PIA passage policy, PIA employee ticket, staff travel benefit, Trans-Atlantic Excess Baggage, Piece system, How is baggage counted on trans-Atlantic flights, The piece system under the amended IATA/ICAO rules, trans-Atlantic baggage, checked baggage, hand baggage, excess baggage, baggage, counted, trans-atlantic, flights, piece, system, amended, iata, icao, rules, baggage counted, counted trans-atlantic, trans-atlantic flights, flights piece, system amended, amended iata, iata icao, icao rules, baggage counted trans-atlantic, counted trans-atlantic flights, trans-atlantic flights piece, flights piece system, piece system amended, system amended iata, amended iata icao, iata icao rules"
Trans-Atlantic Excess Baggage,How many free checked baggage pieces are allowed per adult or child on Trans-Atlantic flights?,Two pieces.,"PIA passage policy, PIA employee ticket, staff travel benefit, Trans-Atlantic Excess Baggage, Piece system, How many free checked baggage pieces are allowed per adult or child on Trans-Atlantic flights, Two pieces, trans-Atlantic baggage, checked baggage, hand baggage, excess baggage, many, free, checked, baggage, pieces, allowed, per, adult, child, trans-atlantic, flights, two, many free, free checked, baggage pieces, pieces allowed, allowed per, per adult, adult child, child trans-atlantic, trans-atlantic flights, flights two, many free checked, free checked baggage, checked baggage pieces, baggage pieces allowed, pieces allowed per, allowed per adult, per adult child, adult child trans-atlantic, child trans-atlantic flights, trans-atlantic flights two, flights two pieces"
Trans-Atlantic Excess Baggage,What is the maximum weight of each free checked baggage piece?,28 kilograms.,"PIA passage policy, PIA employee ticket, staff travel benefit, Trans-Atlantic Excess Baggage, Piece system, What is the maximum weight of each free checked baggage piece, 28 kilograms, trans-Atlantic baggage, checked baggage, hand baggage, excess baggage, maximum, weight, each, free, checked, baggage, piece, kilograms, maximum weight, weight each, each free, free checked, baggage piece, piece kilograms, maximum weight each, weight each free, each free checked, free checked baggage, checked baggage piece, baggage piece kilograms"
Trans-Atlantic Excess Baggage,How many hand baggage pieces are allowed?,One piece.,"PIA passage policy, PIA employee ticket, staff travel benefit, Trans-Atlantic Excess Baggage, Piece system, How many hand baggage pieces are allowed, One piece, trans-Atlantic baggage, checked baggage, hand baggage, excess baggage, many, hand, baggage, pieces, allowed, one, piece, many hand, baggage pieces, pieces allowed, allowed one, many hand baggage, hand baggage pieces, baggage pieces allowed, pieces allowed one, allowed one piece"
Trans-Atlantic Excess Baggage,What are the stated hand-baggage dimensions?,"38L + 22W + 55H, totaling 115 cm.","PIA passage policy, PIA employee ticket, staff travel benefit, Trans-Atlantic Excess Baggage, Piece system, What are the stated hand-baggage dimensions, 38L + 22W + 55H, totaling 115 cm, trans-Atlantic baggage, checked baggage, hand baggage, excess baggage, stated, hand-baggage, dimensions, 38l, 22w, 55h, totaling, 115, stated hand-baggage, hand-baggage dimensions, dimensions 38l, 38l 22w, 22w 55h, 55h totaling, totaling 115, stated hand-baggage dimensions, hand-baggage dimensions 38l, dimensions 38l 22w, 38l 22w 55h, 22w 55h totaling, 55h totaling 115"
Trans-Atlantic Excess Baggage,What is the maximum hand-baggage weight?,7 kilograms.,"PIA passage policy, PIA employee ticket, staff travel benefit, Trans-Atlantic Excess Baggage, Piece system, What is the maximum hand-baggage weight, 7 kilograms, trans-Atlantic baggage, checked baggage, hand baggage, excess baggage, maximum, hand-baggage, weight, kilograms, maximum hand-baggage, hand-baggage weight, weight kilograms, maximum hand-baggage weight, hand-baggage weight kilograms"
Trans-Atlantic Excess Baggage,What happens if baggage is over the allowed size or weight?,It is charged at the prescribed rates.,"PIA passage policy, PIA employee ticket, staff travel benefit, Trans-Atlantic Excess Baggage, Piece system, What happens if baggage is over the allowed size or weight, It is charged at the prescribed rates, trans-Atlantic baggage, checked baggage, hand baggage, excess baggage, happens, baggage, over, allowed, size, weight, charged, prescribed, rates, happens baggage, baggage over, over allowed, allowed size, size weight, weight charged, charged prescribed, prescribed rates, happens baggage over, baggage over allowed, over allowed size, allowed size weight, size weight charged, weight charged prescribed, charged prescribed rates"
Trans-Atlantic Excess Baggage,How many excess baggage pieces can employees on Sublo or NS-1 tickets take at rebate?,Two pieces.,"PIA passage policy, PIA employee ticket, staff travel benefit, Trans-Atlantic Excess Baggage, Piece system, How many excess baggage pieces can employees on Sublo or NS-1 tickets take at rebate, Two pieces, trans-Atlantic baggage, checked baggage, hand baggage, excess baggage, many, excess, baggage, pieces, sublo, ns-1, take, rebate, two, many excess, baggage pieces, pieces sublo, sublo ns-1, ns-1 take, take rebate, rebate two, many excess baggage, excess baggage pieces, baggage pieces sublo, pieces sublo ns-1, sublo ns-1 take, ns-1 take rebate, take rebate two, rebate two pieces"
Trans-Atlantic Excess Baggage,What is the maximum weight of each rebated excess piece?,23 kilograms.,"PIA passage policy, PIA employee ticket, staff travel benefit, Trans-Atlantic Excess Baggage, Piece system, What is the maximum weight of each rebated excess piece, 23 kilograms, trans-Atlantic baggage, checked baggage, hand baggage, excess baggage, maximum, weight, each, rebated, excess, piece, kilograms, maximum weight, weight each, each rebated, rebated excess, excess piece, piece kilograms, maximum weight each, weight each rebated, each rebated excess, rebated excess piece, excess piece kilograms"
Trans-Atlantic Excess Baggage,What rebate applies to the two excess pieces?,90% rebate.,"PIA passage policy, PIA employee ticket, staff travel benefit, Trans-Atlantic Excess Baggage, Piece system, What rebate applies to the two excess pieces, 90% rebate, trans-Atlantic baggage, checked baggage, hand baggage, excess baggage, rebate, applies, two, excess, pieces, rebate applies, applies two, two excess, excess pieces, pieces rebate, rebate applies two, applies two excess, two excess pieces, excess pieces rebate"
Trans-Atlantic Excess Baggage,Which MCO allowance is used with the two excess baggage pieces?,The MCO for 45 kilograms.,"PIA passage policy, PIA employee ticket, staff travel benefit, Trans-Atlantic Excess Baggage, Piece system, Which MCO allowance is used with the two excess baggage pieces, The MCO for 45 kilograms, trans-Atlantic baggage, checked baggage, hand baggage, excess baggage, mco, allowance, used, two, excess, baggage, pieces, kilograms, mco allowance, allowance used, used two, two excess, baggage pieces, pieces mco, mco kilograms, mco allowance used, allowance used two, used two excess, two excess baggage, excess baggage pieces, baggage pieces mco, pieces mco kilograms"
Trans-Atlantic Excess Baggage,To whom does the Trans-Atlantic excess baggage concession apply?,"All eligible employees and their families, including serving, retired and deceased categories.","PIA passage policy, PIA employee ticket, staff travel benefit, Trans-Atlantic Excess Baggage, Piece system, To whom does the Trans-Atlantic excess baggage concession apply, All eligible employees and their families, including serving, retired and deceased categories, trans-Atlantic baggage, checked baggage, hand baggage, excess baggage, whom, trans-atlantic, excess, baggage, concession, apply, all, eligible, families, including, serving, retired, deceased, categories, whom trans-atlantic, trans-atlantic excess, baggage concession, concession apply, apply all, all eligible, eligible families, families including, including serving, serving retired, retired deceased, deceased categories, whom trans-atlantic excess, excess baggage concession, baggage concession apply, concession apply all, apply all eligible, all eligible families, eligible families including, families including serving, including serving retired, serving retired deceased, retired deceased categories"
Embargo,Who announces a ticket embargo?,Commercial Department.,"PIA passage policy, PIA employee ticket, staff travel benefit, Embargo, Announcement and waiver, Who announces a ticket embargo, Commercial Department, announces, commercial, department, announces embargo, embargo commercial, announces embargo commercial, embargo commercial department"
Embargo,Who can grant an embargo waiver in exceptional cases?,Chief Commercial Officer.,"PIA passage policy, PIA employee ticket, staff travel benefit, Embargo, Announcement and waiver, Who can grant an embargo waiver in exceptional cases, Chief Commercial Officer, grant, waiver, exceptional, cases, chief, commercial, officer, grant embargo, embargo waiver, waiver exceptional, exceptional cases, cases chief, chief commercial, commercial officer, grant embargo waiver, embargo waiver exceptional, waiver exceptional cases, exceptional cases chief, cases chief commercial"
Embargo,Whose recommendation is needed for an embargo waiver?,The concerned Departmental Chief.,"PIA passage policy, PIA employee ticket, staff travel benefit, Embargo, Announcement and waiver, Whose recommendation is needed for an embargo waiver, The concerned Departmental Chief, whose, recommendation, needed, waiver, concerned, departmental, chief, whose recommendation, recommendation needed, needed embargo, embargo waiver, waiver concerned, concerned departmental, departmental chief, whose recommendation needed, recommendation needed embargo, needed embargo waiver, embargo waiver concerned, waiver concerned departmental, concerned departmental chief"
Embargo,Who processes an embargo-waiver case?,The concerned HR Business Manager.,"PIA passage policy, PIA employee ticket, staff travel benefit, Embargo, Announcement and waiver, Who processes an embargo-waiver case, The concerned HR Business Manager, processes, embargo-waiver, case, concerned, business, manager, processes embargo-waiver, embargo-waiver case, case concerned, concerned business, business manager, processes embargo-waiver case, embargo-waiver case concerned, case concerned business, concerned business manager"
Embargo,Through whom is an embargo-waiver request sent?,Through the concerned Departmental Chief.,"PIA passage policy, PIA employee ticket, staff travel benefit, Embargo, Announcement and waiver, Through whom is an embargo-waiver request sent, Through the concerned Departmental Chief, through, whom, embargo-waiver, request, sent, concerned, departmental, chief, through whom, whom embargo-waiver, embargo-waiver request, request sent, sent through, through concerned, concerned departmental, departmental chief, through whom embargo-waiver, whom embargo-waiver request, embargo-waiver request sent, request sent through, sent through concerned, through concerned departmental, concerned departmental chief"
Embargo,Can the individual concerned directly process an embargo-waiver case?,No. It must follow the official procedure.,"PIA passage policy, PIA employee ticket, staff travel benefit, Embargo, Announcement and waiver, Can the individual concerned directly process an embargo-waiver case, No. It must follow the official procedure, individual, concerned, directly, process, embargo-waiver, case, must, follow, official, procedure, individual concerned, concerned directly, directly process, process embargo-waiver, embargo-waiver case, case must, must follow, follow official, official procedure, individual concerned directly, concerned directly process, directly process embargo-waiver, process embargo-waiver case, embargo-waiver case must, case must follow, must follow official, follow official procedure"
Embargo,Can tickets still be issued during an embargo?,Yes. The policy does not restrict ticket issuance during the embargo period.,"PIA passage policy, PIA employee ticket, staff travel benefit, Embargo, Announcement and waiver, Can tickets still be issued during an embargo, Yes. The policy does not restrict ticket issuance during the embargo period, still, issued, during, yes, policy, not, restrict, issuance, period, still issued, issued during, during embargo, embargo yes, yes policy, policy not, not restrict, restrict issuance, issuance during, embargo period, still issued during, issued during embargo, during embargo yes, embargo yes policy, yes policy not, policy not restrict, not restrict issuance, restrict issuance during, issuance during embargo, during embargo period"
Travel during Sickness,Can an employee posted in Pakistan travel abroad while on sick leave?,No.,"PIA passage policy, PIA employee ticket, staff travel benefit, Travel during Sickness, Employees posted in Pakistan, Can an employee posted in Pakistan travel abroad while on sick leave, No, posted, pakistan, travel, abroad, while, sick, leave, posted pakistan, pakistan travel, travel abroad, abroad while, while sick, sick leave, posted pakistan travel, pakistan travel abroad, travel abroad while, abroad while sick, while sick leave"
Travel during Sickness,What is the minimum sick-leave period for possible permission to travel within Pakistan to join family?,Seven days.,"PIA passage policy, PIA employee ticket, staff travel benefit, Travel during Sickness, Employees posted in Pakistan, What is the minimum sick-leave period for possible permission to travel within Pakistan to join family, Seven days, minimum, sick-leave, period, possible, permission, travel, within, pakistan, join, family, seven, days, minimum sick-leave, sick-leave period, period possible, possible permission, permission travel, travel within, within pakistan, pakistan join, join family, family seven, minimum sick-leave period, sick-leave period possible, period possible permission, possible permission travel, permission travel within, travel within pakistan, within pakistan join, pakistan join family, join family seven, family seven days"
Travel during Sickness,Where can an employee travel during approved sick leave?,To join family at a place in Pakistan other than the employee's station of posting.,"PIA passage policy, PIA employee ticket, staff travel benefit, Travel during Sickness, Employees posted in Pakistan, Where can an employee travel during approved sick leave, To join family at a place in Pakistan other than the employee's station of posting, travel, during, approved, sick, leave, join, family, place, pakistan, other, than, station, posting, travel during, during approved, approved sick, sick leave, leave join, join family, family place, place pakistan, pakistan other, other than, than station, station posting, travel during approved, during approved sick, approved sick leave, sick leave join, leave join family, join family place, family place pakistan, place pakistan other, pakistan other than, other than station, than station posting"
Travel during Sickness,Whose recommendation is required for travel during qualifying sick leave?,Medical Division.,"PIA passage policy, PIA employee ticket, staff travel benefit, Travel during Sickness, Employees posted in Pakistan, Whose recommendation is required for travel during qualifying sick leave, Medical Division, whose, recommendation, required, travel, during, qualifying, sick, leave, medical, division, whose recommendation, recommendation required, required travel, travel during, during qualifying, qualifying sick, sick leave, leave medical, whose recommendation required, recommendation required travel, required travel during, travel during qualifying, during qualifying sick, qualifying sick leave, sick leave medical, leave medical division"
SUBLO Travel Procedure,How are Sublo passengers accepted for travel?,"On a first-come, first-served basis and subject to seat availability.","PIA passage policy, PIA employee ticket, staff travel benefit, SUBLO Travel Procedure, First-come-first-served, How are Sublo passengers accepted for travel, On a first-come, first-served basis and subject to seat availability, Sublo travel, standby travel, staff check-in, seat availability, non-revenue passenger, sublo, passengers, accepted, travel, first-come, first-served, basis, subject, seat, availability, sublo passengers, passengers accepted, accepted travel, travel first-come, first-come first-served, first-served basis, basis subject, subject seat, sublo passengers accepted, passengers accepted travel, accepted travel first-come, travel first-come first-served, first-come first-served basis, first-served basis subject, basis subject seat, subject seat availability"
SUBLO Travel Procedure,Does having a Sublo ticket guarantee a seat?,No. It remains subject to the procedure and seat availability.,"PIA passage policy, PIA employee ticket, staff travel benefit, SUBLO Travel Procedure, First-come-first-served, Does having a Sublo ticket guarantee a seat, No. It remains subject to the procedure and seat availability, Sublo travel, standby travel, staff check-in, seat availability, non-revenue passenger, having, sublo, guarantee, seat, remains, subject, procedure, availability, having sublo, sublo guarantee, guarantee seat, seat remains, remains subject, subject procedure, procedure seat, having sublo guarantee, sublo guarantee seat, guarantee seat remains, seat remains subject, remains subject procedure, subject procedure seat, procedure seat availability"
SUBLO Travel Procedure,When can a non-revenue Economy passenger be accommodated in Economy Plus?,When Economy seats are unavailable but Economy Plus seats are available.,"PIA passage policy, PIA employee ticket, staff travel benefit, SUBLO Travel Procedure, Upgrade to Economy Plus, When can a non-revenue Economy passenger be accommodated in Economy Plus, When Economy seats are unavailable but Economy Plus seats are available, Sublo travel, standby travel, staff check-in, seat availability, non-revenue passenger, non-revenue, economy, passenger, accommodated, plus, seats, unavailable, but, available, non-revenue economy, economy passenger, passenger accommodated, accommodated economy, economy plus, plus economy, economy seats, seats unavailable, unavailable but, but economy, plus seats, seats available, non-revenue economy passenger, economy passenger accommodated, passenger accommodated economy, accommodated economy plus, economy plus economy, plus economy seats, economy seats unavailable, seats unavailable but, unavailable but economy, but economy plus, economy plus seats, plus seats available"
SUBLO Travel Procedure,On which routes can non-revenue passengers be moved to Economy Plus?,Domestic routes only.,"PIA passage policy, PIA employee ticket, staff travel benefit, SUBLO Travel Procedure, Upgrade to Economy Plus, On which routes can non-revenue passengers be moved to Economy Plus, Domestic routes only, Sublo travel, standby travel, staff check-in, seat availability, non-revenue passenger, routes, non-revenue, passengers, moved, economy, plus, domestic, only, routes non-revenue, non-revenue passengers, passengers moved, moved economy, economy plus, plus domestic, domestic routes, routes only, routes non-revenue passengers, non-revenue passengers moved, passengers moved economy, moved economy plus, economy plus domestic, plus domestic routes"
SUBLO Travel Procedure,Who can approve an Economy Plus upgrade for a non-revenue passenger?,Terminal Managers or Shift Station Managers.,"PIA passage policy, PIA employee ticket, staff travel benefit, SUBLO Travel Procedure, Upgrade to Economy Plus, Who can approve an Economy Plus upgrade for a non-revenue passenger, Terminal Managers or Shift Station Managers, Sublo travel, standby travel, staff check-in, seat availability, non-revenue passenger, approve, economy, plus, upgrade, non-revenue, passenger, terminal, managers, shift, station, approve economy, economy plus, plus upgrade, upgrade non-revenue, passenger terminal, terminal managers, managers shift, shift station, station managers, approve economy plus, economy plus upgrade, plus upgrade non-revenue, upgrade non-revenue passenger, non-revenue passenger terminal, passenger terminal managers, terminal managers shift, managers shift station, shift station managers"
SUBLO Travel Procedure,What is the travel priority order for non-revenue passengers?,1) Operational supernumerary crew and aircraft engineers; 2) OCS travel; 3) ID90 leave travel; 4) Sublo travel.,"PIA passage policy, PIA employee ticket, staff travel benefit, SUBLO Travel Procedure, Upgrade to Economy Plus, What is the travel priority order for non-revenue passengers, 1) Operational supernumerary crew and aircraft engineers; 2) OCS travel; 3) ID90 leave travel; 4) Sublo travel, Sublo travel, standby travel, staff check-in, seat availability, non-revenue passenger, travel, priority, order, non-revenue, passengers, operational, supernumerary, crew, aircraft, engineers, ocs, id90, leave, sublo, travel priority, priority order, order non-revenue, non-revenue passengers, passengers operational, operational supernumerary, supernumerary crew, crew aircraft, aircraft engineers, engineers ocs, ocs travel, travel id90, id90 leave, leave travel, travel sublo, travel priority order, priority order non-revenue, order non-revenue passengers, non-revenue passengers operational, passengers operational supernumerary, operational supernumerary crew, supernumerary crew aircraft, crew aircraft engineers, aircraft engineers ocs, engineers ocs travel, ocs travel id90, travel id90 leave, id90 leave travel, leave travel sublo, travel sublo travel"
SUBLO Travel Procedure,Which female passenger can use an available cockpit jump seat?,A female PIA pilot.,"PIA passage policy, PIA employee ticket, staff travel benefit, SUBLO Travel Procedure, Female passengers and jump seats, Which female passenger can use an available cockpit jump seat, A female PIA pilot, Sublo travel, standby travel, staff check-in, seat availability, non-revenue passenger, female, passenger, use, available, cockpit, jump, seat, pilot, female passenger, passenger use, use available, available cockpit, cockpit jump, jump seat, seat female, female pilot, female passenger use, passenger use available, use available cockpit, available cockpit jump, cockpit jump seat, jump seat female, seat female pilot"
SUBLO Travel Procedure,Can a female Sublo passenger who is not a PIA pilot use a cockpit jump seat?,No.,"PIA passage policy, PIA employee ticket, staff travel benefit, SUBLO Travel Procedure, Female passengers and jump seats, Can a female Sublo passenger who is not a PIA pilot use a cockpit jump seat, No, Sublo travel, standby travel, staff check-in, seat availability, non-revenue passenger, female, sublo, passenger, not, pilot, use, cockpit, jump, seat, female sublo, sublo passenger, passenger not, not pilot, pilot use, use cockpit, cockpit jump, jump seat, female sublo passenger, sublo passenger not, passenger not pilot, not pilot use, pilot use cockpit, use cockpit jump, cockpit jump seat"
SUBLO Travel Procedure,Can a female Sublo passenger use a folding jump seat in the cabin?,"Yes, under the laid-down rules.","PIA passage policy, PIA employee ticket, staff travel benefit, SUBLO Travel Procedure, Female passengers and jump seats, Can a female Sublo passenger use a folding jump seat in the cabin, Yes, under the laid-down rules, Sublo travel, standby travel, staff check-in, seat availability, non-revenue passenger, female, sublo, passenger, use, folding, jump, seat, cabin, yes, laid-down, rules, female sublo, sublo passenger, passenger use, use folding, folding jump, jump seat, seat cabin, cabin yes, yes laid-down, laid-down rules, female sublo passenger, sublo passenger use, passenger use folding, use folding jump, folding jump seat, jump seat cabin, seat cabin yes, cabin yes laid-down, yes laid-down rules"
SUBLO Travel Procedure,Can a female Sublo passenger accompanying an infant use a jump seat?,"No, for safety reasons.","PIA passage policy, PIA employee ticket, staff travel benefit, SUBLO Travel Procedure, Female passengers and jump seats, Can a female Sublo passenger accompanying an infant use a jump seat, No, for safety reasons, Sublo travel, standby travel, staff check-in, seat availability, non-revenue passenger, female, sublo, passenger, accompanying, infant, use, jump, seat, safety, reasons, female sublo, sublo passenger, passenger accompanying, accompanying infant, infant use, use jump, jump seat, seat safety, safety reasons, female sublo passenger, sublo passenger accompanying, passenger accompanying infant, accompanying infant use, infant use jump, use jump seat, jump seat safety, seat safety reasons"
SUBLO Travel Procedure,What must a Sublo passenger do before check-in?,Enlist the intending passengers in the check-in system.,"PIA passage policy, PIA employee ticket, staff travel benefit, SUBLO Travel Procedure, Passenger enlistment and check-in, What must a Sublo passenger do before check-in, Enlist the intending passengers in the check-in system, Sublo travel, standby travel, staff check-in, seat availability, non-revenue passenger, must, sublo, passenger, before, check-in, enlist, intending, passengers, system, must sublo, sublo passenger, passenger before, before check-in, check-in enlist, enlist intending, intending passengers, passengers check-in, check-in system, must sublo passenger, sublo passenger before, passenger before check-in, before check-in enlist, check-in enlist intending, enlist intending passengers, intending passengers check-in, passengers check-in system"
SUBLO Travel Procedure,When does the Sublo passenger list open?,Three hours before scheduled departure.,"PIA passage policy, PIA employee ticket, staff travel benefit, SUBLO Travel Procedure, Passenger enlistment and check-in, When does the Sublo passenger list open, Three hours before scheduled departure, Sublo travel, standby travel, staff check-in, seat availability, non-revenue passenger, sublo, passenger, list, open, three, hours, before, scheduled, departure, sublo passenger, passenger list, list open, open three, three hours, hours before, before scheduled, scheduled departure, sublo passenger list, passenger list open, list open three, open three hours, three hours before, hours before scheduled, before scheduled departure"
SUBLO Travel Procedure,When does the Sublo passenger list close?,45 minutes before scheduled departure.,"PIA passage policy, PIA employee ticket, staff travel benefit, SUBLO Travel Procedure, Passenger enlistment and check-in, When does the Sublo passenger list close, 45 minutes before scheduled departure, Sublo travel, standby travel, staff check-in, seat availability, non-revenue passenger, sublo, passenger, list, close, minutes, before, scheduled, departure, sublo passenger, passenger list, list close, close minutes, minutes before, before scheduled, scheduled departure, sublo passenger list, passenger list close, list close minutes, close minutes before, minutes before scheduled, before scheduled departure"
SUBLO Travel Procedure,Where is Sublo enlistment completed at the airport?,At the specified Staff Check-in Counter.,"PIA passage policy, PIA employee ticket, staff travel benefit, SUBLO Travel Procedure, Passenger enlistment and check-in, Where is Sublo enlistment completed at the airport, At the specified Staff Check-in Counter, Sublo travel, standby travel, staff check-in, seat availability, non-revenue passenger, sublo, enlistment, completed, airport, specified, staff, check-in, counter, sublo enlistment, enlistment completed, completed airport, airport specified, specified staff, check-in counter, sublo enlistment completed, enlistment completed airport, completed airport specified, airport specified staff, specified staff check-in, staff check-in counter"
SUBLO Travel Procedure,Are telephone requests for Sublo enlistment accepted?,No.,"PIA passage policy, PIA employee ticket, staff travel benefit, SUBLO Travel Procedure, Passenger enlistment and check-in, Are telephone requests for Sublo enlistment accepted, No, Sublo travel, standby travel, staff check-in, seat availability, non-revenue passenger, telephone, requests, sublo, enlistment, accepted, telephone requests, requests sublo, sublo enlistment, enlistment accepted, telephone requests sublo, requests sublo enlistment, sublo enlistment accepted"
SUBLO Travel Procedure,Are enlistment requests accepted outside the specified time limits?,No.,"PIA passage policy, PIA employee ticket, staff travel benefit, SUBLO Travel Procedure, Passenger enlistment and check-in, Are enlistment requests accepted outside the specified time limits, No, Sublo travel, standby travel, staff check-in, seat availability, non-revenue passenger, enlistment, requests, accepted, outside, specified, time, limits, enlistment requests, requests accepted, accepted outside, outside specified, specified time, time limits, enlistment requests accepted, requests accepted outside, accepted outside specified, outside specified time, specified time limits"
SUBLO Travel Procedure,How are enlisted Sublo passengers accepted?,"First-come, first-served, based on enlistment and seat availability.","PIA passage policy, PIA employee ticket, staff travel benefit, SUBLO Travel Procedure, Passenger enlistment and check-in, How are enlisted Sublo passengers accepted, First-come, first-served, based on enlistment and seat availability, Sublo travel, standby travel, staff check-in, seat availability, non-revenue passenger, enlisted, sublo, passengers, accepted, first-come, first-served, based, enlistment, seat, availability, enlisted sublo, sublo passengers, passengers accepted, accepted first-come, first-come first-served, first-served based, based enlistment, enlistment seat, enlisted sublo passengers, sublo passengers accepted, passengers accepted first-come, accepted first-come first-served, first-come first-served based, first-served based enlistment, based enlistment seat, enlistment seat availability"
SUBLO Travel Procedure,What must Sublo passengers do at the Staff Counter?,Form a queue and wait for their turn.,"PIA passage policy, PIA employee ticket, staff travel benefit, SUBLO Travel Procedure, Passenger enlistment and check-in, What must Sublo passengers do at the Staff Counter, Form a queue and wait for their turn, Sublo travel, standby travel, staff check-in, seat availability, non-revenue passenger, must, sublo, passengers, staff, counter, form, queue, wait, turn, must sublo, sublo passengers, passengers staff, staff counter, counter form, form queue, queue wait, wait turn, must sublo passengers, sublo passengers staff, passengers staff counter, staff counter form, counter form queue, form queue wait, queue wait turn"
SUBLO Travel Procedure,What order must check-in staff follow for Sublo passengers?,The enlistment order and laid-down priorities of travel.,"PIA passage policy, PIA employee ticket, staff travel benefit, SUBLO Travel Procedure, Passenger enlistment and check-in, What order must check-in staff follow for Sublo passengers, The enlistment order and laid-down priorities of travel, Sublo travel, standby travel, staff check-in, seat availability, non-revenue passenger, order, must, check-in, staff, follow, sublo, passengers, enlistment, laid-down, priorities, travel, order must, must check-in, check-in staff, staff follow, follow sublo, sublo passengers, passengers enlistment, enlistment order, order laid-down, laid-down priorities, priorities travel, order must check-in, must check-in staff, check-in staff follow, staff follow sublo, follow sublo passengers, sublo passengers enlistment, passengers enlistment order, enlistment order laid-down, order laid-down priorities, laid-down priorities travel"
Pregnant Lady Travel Abroad,What should a woman who is more than six months pregnant do before travelling abroad?,Inform the concerned country or immigration authorities of her condition.,"PIA passage policy, PIA employee ticket, staff travel benefit, Pregnant Lady Travel Abroad, Travel after six months, What should a woman who is more than six months pregnant do before travelling abroad, Inform the concerned country or immigration authorities of her condition, should, woman, more, than, six, months, pregnant, before, travelling, abroad, inform, concerned, country, immigration, authorities, her, condition, should woman, woman more, more than, than six, six months, months pregnant, pregnant before, before travelling, travelling abroad, abroad inform, inform concerned, concerned country, country immigration, immigration authorities, authorities her, her condition, should woman more, woman more than, more than six, than six months, six months pregnant, months pregnant before, pregnant before travelling, before travelling abroad, travelling abroad inform, abroad inform concerned, inform concerned country, concerned country immigration, country immigration authorities, immigration authorities her, authorities her condition"
Pregnant Lady Travel Abroad,What medical document must a woman over about six months pregnant obtain before travel?,A doctor's certificate.,"PIA passage policy, PIA employee ticket, staff travel benefit, Pregnant Lady Travel Abroad, Travel after six months, What medical document must a woman over about six months pregnant obtain before travel, A doctor's certificate, medical, document, must, woman, over, about, six, months, pregnant, obtain, before, travel, doctor, certificate, medical document, document must, must woman, woman over, over about, about six, six months, months pregnant, pregnant obtain, obtain before, before travel, travel doctor, doctor certificate, medical document must, document must woman, must woman over, woman over about, over about six, about six months, six months pregnant, months pregnant obtain, pregnant obtain before, obtain before travel, before travel doctor, travel doctor certificate"
Pregnant Lady Travel Abroad,Which PIA service must be informed of the pregnancy condition?,Passenger Handling Services (PHS).,"PIA passage policy, PIA employee ticket, staff travel benefit, Pregnant Lady Travel Abroad, Travel after six months, Which PIA service must be informed of the pregnancy condition, Passenger Handling Services (PHS), service, must, informed, pregnancy, condition, passenger, handling, services, phs, service must, must informed, informed pregnancy, pregnancy condition, condition passenger, passenger handling, handling services, services phs, service must informed, must informed pregnancy, informed pregnancy condition, pregnancy condition passenger, condition passenger handling, passenger handling services, handling services phs"
Pregnant Lady Travel Abroad,When should PHS and immigration authorities be informed?,At briefing or before travel.,"PIA passage policy, PIA employee ticket, staff travel benefit, Pregnant Lady Travel Abroad, Travel after six months, When should PHS and immigration authorities be informed, At briefing or before travel, should, phs, immigration, authorities, informed, briefing, before, travel, should phs, phs immigration, immigration authorities, authorities informed, informed briefing, briefing before, before travel, should phs immigration, phs immigration authorities, immigration authorities informed, authorities informed briefing, informed briefing before, briefing before travel"
Prior Approval for Leave,Can an employee absent himself from duty without prior permission?,No.,"PIA passage policy, PIA employee ticket, staff travel benefit, Prior Approval for Leave, Officers without assignment, Can an employee absent himself from duty without prior permission, No, absent, himself, duty, without, prior, permission, absent himself, himself duty, duty without, without prior, prior permission, absent himself duty, himself duty without, duty without prior, without prior permission"
Prior Approval for Leave,Can an employee leave the station overnight without prior permission?,No.,"PIA passage policy, PIA employee ticket, staff travel benefit, Prior Approval for Leave, Officers without assignment, Can an employee leave the station overnight without prior permission, No, leave, station, overnight, without, prior, permission, leave station, station overnight, overnight without, without prior, prior permission, leave station overnight, station overnight without, overnight without prior, without prior permission"
Prior Approval for Leave,From whom must an officer obtain prior approval for domestic or international ticket authority?,The Immediate Reporting Officer.,"PIA passage policy, PIA employee ticket, staff travel benefit, Prior Approval for Leave, Officers without assignment, From whom must an officer obtain prior approval for domestic or international ticket authority, The Immediate Reporting Officer, whom, must, officer, obtain, prior, approval, domestic, international, authority, immediate, reporting, whom must, must officer, officer obtain, obtain prior, prior approval, approval domestic, domestic international, international authority, authority immediate, immediate reporting, reporting officer, whom must officer, must officer obtain, officer obtain prior, obtain prior approval, prior approval domestic, approval domestic international, domestic international authority, international authority immediate, authority immediate reporting, immediate reporting officer"
Prior Approval for Leave,Whose approval is required for a General Manager or equivalent officer?,The concerned Chief.,"PIA passage policy, PIA employee ticket, staff travel benefit, Prior Approval for Leave, Officers without assignment, Whose approval is required for a General Manager or equivalent officer, The concerned Chief, whose, approval, required, general, manager, equivalent, officer, concerned, chief, whose approval, approval required, required general, general manager, manager equivalent, equivalent officer, officer concerned, concerned chief, whose approval required, approval required general, required general manager, general manager equivalent, manager equivalent officer, equivalent officer concerned, officer concerned chief"
Prior Approval for Leave,Whose approval is required for a Chief?,The Chief Executive Officer.,"PIA passage policy, PIA employee ticket, staff travel benefit, Prior Approval for Leave, Officers without assignment, Whose approval is required for a Chief, The Chief Executive Officer, whose, approval, required, chief, executive, officer, whose approval, approval required, required chief, chief chief, chief executive, executive officer, whose approval required, approval required chief, required chief chief, chief chief executive, chief executive officer"
Prior Approval for Leave,What happens if an officer violates the prior-approval instructions?,Action is taken against the officer concerned.,"PIA passage policy, PIA employee ticket, staff travel benefit, Prior Approval for Leave, Officers without assignment, What happens if an officer violates the prior-approval instructions, Action is taken against the officer concerned, happens, officer, violates, prior-approval, instructions, action, taken, against, concerned, happens officer, officer violates, violates prior-approval, prior-approval instructions, instructions action, action taken, taken against, against officer, officer concerned, happens officer violates, officer violates prior-approval, violates prior-approval instructions, prior-approval instructions action, instructions action taken, action taken against, taken against officer, against officer concerned"
Processing of NOCs through ERP,Should HR process something manually if it is already available in ERP?,No.,"PIA passage policy, PIA employee ticket, staff travel benefit, Processing of NOCs through ERP, Stopping manual processing, Should HR process something manually if it is already available in ERP, No, ERP NOC, HR ERP process, digital HR process, no manual paperwork, should, process, something, manually, already, available, erp, should process, process something, something manually, manually already, already available, available erp, should process something, process something manually, something manually already, manually already available, already available erp"
Processing of NOCs through ERP,What should be done if an anomaly exists in an ERP process?,The ERP Division should be involved for correction.,"PIA passage policy, PIA employee ticket, staff travel benefit, Processing of NOCs through ERP, Stopping manual processing, What should be done if an anomaly exists in an ERP process, The ERP Division should be involved for correction, ERP NOC, HR ERP process, digital HR process, no manual paperwork, should, done, anomaly, exists, erp, process, division, involved, correction, should done, done anomaly, anomaly exists, exists erp, erp process, process erp, erp division, division should, should involved, involved correction, should done anomaly, done anomaly exists, anomaly exists erp, exists erp process, erp process erp, process erp division, erp division should, division should involved, should involved correction"
Processing of NOCs through ERP,Should HR Units request printed copies of ERP NOC notifications?,No.,"PIA passage policy, PIA employee ticket, staff travel benefit, Processing of NOCs through ERP, Stopping manual processing, Should HR Units request printed copies of ERP NOC notifications, No, ERP NOC, HR ERP process, digital HR process, no manual paperwork, should, units, request, printed, copies, erp, noc, notifications, should units, units request, request printed, printed copies, copies erp, noc notifications, should units request, units request printed, request printed copies, printed copies erp, copies erp noc, erp noc notifications"
Processing of NOCs through ERP,Should HR Units maintain manual records of employee NOC notifications?,No.,"PIA passage policy, PIA employee ticket, staff travel benefit, Processing of NOCs through ERP, Stopping manual processing, Should HR Units maintain manual records of employee NOC notifications, No, ERP NOC, HR ERP process, digital HR process, no manual paperwork, should, units, maintain, manual, records, noc, notifications, should units, units maintain, maintain manual, manual records, records noc, noc notifications, should units maintain, units maintain manual, maintain manual records, manual records noc, records noc notifications"
Processing of NOCs through ERP,How can HR get NOC or leave records for an audit?,By extracting monthly or yearly reports from ERP.,"PIA passage policy, PIA employee ticket, staff travel benefit, Processing of NOCs through ERP, Stopping manual processing, How can HR get NOC or leave records for an audit, By extracting monthly or yearly reports from ERP, ERP NOC, HR ERP process, digital HR process, no manual paperwork, get, noc, leave, records, audit, extracting, monthly, yearly, reports, erp, get noc, noc leave, leave records, records audit, audit extracting, extracting monthly, monthly yearly, yearly reports, reports erp, get noc leave, noc leave records, leave records audit, records audit extracting, audit extracting monthly, extracting monthly yearly, monthly yearly reports, yearly reports erp"
Processing of NOCs through ERP,Should HR send employees to the ERP team for routine issues?,No. HR Units should assist employees in resolving the issues.,"PIA passage policy, PIA employee ticket, staff travel benefit, Processing of NOCs through ERP, Stopping manual processing, Should HR send employees to the ERP team for routine issues, No. HR Units should assist employees in resolving the issues, ERP NOC, HR ERP process, digital HR process, no manual paperwork, should, send, erp, team, routine, issues, units, assist, resolving, should send, send erp, erp team, team routine, routine issues, issues units, units should, should assist, assist resolving, resolving issues, should send erp, send erp team, erp team routine, team routine issues, routine issues units, issues units should, units should assist, should assist resolving, assist resolving issues"
Processing of NOCs through ERP,Who is responsible for facilitating employees with day-to-day ERP issues?,All HR Units.,"PIA passage policy, PIA employee ticket, staff travel benefit, Processing of NOCs through ERP, Stopping manual processing, Who is responsible for facilitating employees with day-to-day ERP issues, All HR Units, ERP NOC, HR ERP process, digital HR process, no manual paperwork, responsible, facilitating, day-to, day, erp, issues, all, units, responsible facilitating, facilitating day-to, day-to day, day erp, erp issues, issues all, all units, responsible facilitating day-to, facilitating day-to day, day-to day erp, day erp issues, erp issues all, issues all units"
Processing of NOCs through ERP,What should happen to manual work when the same process is available in ERP?,It should stop immediately.,"PIA passage policy, PIA employee ticket, staff travel benefit, Processing of NOCs through ERP, Stopping manual processing, What should happen to manual work when the same process is available in ERP, It should stop immediately, ERP NOC, HR ERP process, digital HR process, no manual paperwork, should, happen, manual, work, same, process, available, erp, stop, immediately, should happen, happen manual, manual work, work same, same process, process available, available erp, erp should, should stop, stop immediately, should happen manual, happen manual work, manual work same, work same process, same process available, process available erp, available erp should, erp should stop, should stop immediately"
Processing of NOCs through ERP,Whom should HR Units contact for clarification or additional ERP awareness?,The ERP Core HR team.,"PIA passage policy, PIA employee ticket, staff travel benefit, Processing of NOCs through ERP, Stopping manual processing, Whom should HR Units contact for clarification or additional ERP awareness, The ERP Core HR team, ERP NOC, HR ERP process, digital HR process, no manual paperwork, whom, should, units, contact, clarification, additional, erp, awareness, core, team, whom should, should units, units contact, contact clarification, clarification additional, additional erp, erp awareness, awareness erp, erp core, core team, whom should units, should units contact, units contact clarification, contact clarification additional, clarification additional erp, additional erp awareness, erp awareness erp, awareness erp core, erp core team"
Passage Facilities for Chairmen and Board Members,What domestic ticket benefit does a serving Chairman get?,Unlimited 100% NS-1 domestic tickets for the whole family.,"PIA passage policy, PIA employee ticket, staff travel benefit, Passage Facilities for Chairmen and Board Members, Serving Chairman, What domestic ticket benefit does a serving Chairman get, Unlimited 100% NS-1 domestic tickets for the whole family, domestic, benefit, serving, chairman, get, unlimited, 100, ns-1, whole, family, domestic benefit, benefit serving, chairman get, get unlimited, unlimited 100, 100 ns-1, ns-1 domestic, domestic whole, whole family, domestic benefit serving, benefit serving chairman, serving chairman get, chairman get unlimited, get unlimited 100, unlimited 100 ns-1, 100 ns-1 domestic, ns-1 domestic whole, domestic whole family"
Passage Facilities for Chairmen and Board Members,What international ticket benefit does a serving Chairman get?,Unlimited 100% NS-1 international tickets for the whole family.,"PIA passage policy, PIA employee ticket, staff travel benefit, Passage Facilities for Chairmen and Board Members, Serving Chairman, What international ticket benefit does a serving Chairman get, Unlimited 100% NS-1 international tickets for the whole family, international, benefit, serving, chairman, get, unlimited, 100, ns-1, whole, family, international benefit, benefit serving, chairman get, get unlimited, unlimited 100, 100 ns-1, ns-1 international, international whole, whole family, international benefit serving, benefit serving chairman, serving chairman get, chairman get unlimited, get unlimited 100, unlimited 100 ns-1, 100 ns-1 international, ns-1 international whole, international whole family"
Passage Facilities for Chairmen and Board Members,What class applies to a serving Chairman on domestic routes?,Economy Plus.,"PIA passage policy, PIA employee ticket, staff travel benefit, Passage Facilities for Chairmen and Board Members, Serving Chairman, What class applies to a serving Chairman on domestic routes, Economy Plus, class, applies, serving, chairman, domestic, routes, economy, plus, class applies, applies serving, chairman domestic, domestic routes, routes economy, class applies serving, applies serving chairman, serving chairman domestic, chairman domestic routes, domestic routes economy, routes economy plus"
Passage Facilities for Chairmen and Board Members,What class applies to a serving Chairman on international routes?,Business Plus.,"PIA passage policy, PIA employee ticket, staff travel benefit, Passage Facilities for Chairmen and Board Members, Serving Chairman, What class applies to a serving Chairman on international routes, Business Plus, class, applies, serving, chairman, international, routes, business, plus, class applies, applies serving, chairman international, international routes, routes business, class applies serving, applies serving chairman, serving chairman international, chairman international routes, international routes business, routes business plus"
Passage Facilities for Chairmen and Board Members,"How long does the retired Chairman, Managing Director or CEO ticket benefit continue?",For life.,"PIA passage policy, PIA employee ticket, staff travel benefit, Passage Facilities for Chairmen and Board Members, Retired Chairmen, Managing Directors and CEOs, How long does the retired Chairman, Managing Director or CEO ticket benefit continue, For life, long, retired, chairman, managing, director, ceo, benefit, continue, life, long retired, retired chairman, chairman managing, managing director, director ceo, ceo benefit, benefit continue, continue life, long retired chairman, retired chairman managing, chairman managing director, managing director ceo, director ceo benefit, ceo benefit continue, benefit continue life"
Passage Facilities for Chairmen and Board Members,"How many domestic NS-1 tickets does an eligible retired Chairman, MD or CEO get each year?",Five.,"PIA passage policy, PIA employee ticket, staff travel benefit, Passage Facilities for Chairmen and Board Members, Retired Chairmen, Managing Directors and CEOs, How many domestic NS-1 tickets does an eligible retired Chairman, MD or CEO get each year, Five, many, domestic, ns-1, eligible, retired, chairman, ceo, get, each, year, many domestic, domestic ns-1, ns-1 eligible, eligible retired, retired chairman, chairman ceo, ceo get, get each, each year, year five, many domestic ns-1, domestic ns-1 eligible, ns-1 eligible retired, eligible retired chairman, retired chairman ceo, chairman ceo get, ceo get each, get each year, each year five"
Passage Facilities for Chairmen and Board Members,"How many international NS-1 tickets does an eligible retired Chairman, MD or CEO get each year?",Five.,"PIA passage policy, PIA employee ticket, staff travel benefit, Passage Facilities for Chairmen and Board Members, Retired Chairmen, Managing Directors and CEOs, How many international NS-1 tickets does an eligible retired Chairman, MD or CEO get each year, Five, many, international, ns-1, eligible, retired, chairman, ceo, get, each, year, many international, international ns-1, ns-1 eligible, eligible retired, retired chairman, chairman ceo, ceo get, get each, each year, year five, many international ns-1, international ns-1 eligible, ns-1 eligible retired, eligible retired chairman, retired chairman ceo, chairman ceo get, ceo get each, get each year, each year five"
Passage Facilities for Chairmen and Board Members,"Can the five domestic tickets of a retired Chairman, MD or CEO be transferred within the family?",Yes.,"PIA passage policy, PIA employee ticket, staff travel benefit, Passage Facilities for Chairmen and Board Members, Retired Chairmen, Managing Directors and CEOs, Can the five domestic tickets of a retired Chairman, MD or CEO be transferred within the family, Yes, five, domestic, retired, chairman, ceo, transferred, within, family, five domestic, domestic retired, retired chairman, chairman ceo, ceo transferred, transferred within, within family, family yes, five domestic retired, domestic retired chairman, retired chairman ceo, chairman ceo transferred, ceo transferred within, transferred within family, within family yes"
Passage Facilities for Chairmen and Board Members,"What class applies to an eligible retired Chairman, MD or CEO on domestic routes?",Economy Plus.,"PIA passage policy, PIA employee ticket, staff travel benefit, Passage Facilities for Chairmen and Board Members, Retired Chairmen, Managing Directors and CEOs, What class applies to an eligible retired Chairman, MD or CEO on domestic routes, Economy Plus, class, applies, eligible, retired, chairman, ceo, domestic, routes, economy, plus, class applies, applies eligible, eligible retired, retired chairman, chairman ceo, ceo domestic, domestic routes, routes economy, class applies eligible, applies eligible retired, eligible retired chairman, retired chairman ceo, chairman ceo domestic, ceo domestic routes, domestic routes economy, routes economy plus"
Passage Facilities for Chairmen and Board Members,"What class applies to an eligible retired Chairman, MD or CEO on international routes?",Business Plus.,"PIA passage policy, PIA employee ticket, staff travel benefit, Passage Facilities for Chairmen and Board Members, Retired Chairmen, Managing Directors and CEOs, What class applies to an eligible retired Chairman, MD or CEO on international routes, Business Plus, class, applies, eligible, retired, chairman, ceo, international, routes, business, plus, class applies, applies eligible, eligible retired, retired chairman, chairman ceo, ceo international, international routes, routes business, class applies eligible, applies eligible retired, eligible retired chairman, retired chairman ceo, chairman ceo international, ceo international routes, international routes business, routes business plus"
Passage Facilities for Chairmen and Board Members,How many 100% NS-1 domestic tickets does a serving Board Member get?,Four.,"PIA passage policy, PIA employee ticket, staff travel benefit, Passage Facilities for Chairmen and Board Members, Serving Board Members, How many 100% NS-1 domestic tickets does a serving Board Member get, Four, many, 100, ns-1, domestic, serving, board, member, get, many 100, 100 ns-1, ns-1 domestic, domestic serving, serving board, board member, member get, get four, many 100 ns-1, 100 ns-1 domestic, ns-1 domestic serving, domestic serving board, serving board member, board member get, member get four"
Passage Facilities for Chairmen and Board Members,How many 95% NS-1 domestic tickets does a serving Board Member get?,Four.,"PIA passage policy, PIA employee ticket, staff travel benefit, Passage Facilities for Chairmen and Board Members, Serving Board Members, How many 95% NS-1 domestic tickets does a serving Board Member get, Four, many, ns-1, domestic, serving, board, member, get, many ns-1, ns-1 domestic, domestic serving, serving board, board member, member get, get four, many ns-1 domestic, ns-1 domestic serving, domestic serving board, serving board member, board member get, member get four"
Passage Facilities for Chairmen and Board Members,What class applies to serving Board Members on domestic routes?,Economy Plus.,"PIA passage policy, PIA employee ticket, staff travel benefit, Passage Facilities for Chairmen and Board Members, Serving Board Members, What class applies to serving Board Members on domestic routes, Economy Plus, class, applies, serving, board, members, domestic, routes, economy, plus, class applies, applies serving, serving board, board members, members domestic, domestic routes, routes economy, class applies serving, applies serving board, board members domestic, members domestic routes, domestic routes economy, routes economy plus"
Passage Facilities for Chairmen and Board Members,How many 100% NS-1 international tickets does a serving Board Member get?,Four.,"PIA passage policy, PIA employee ticket, staff travel benefit, Passage Facilities for Chairmen and Board Members, Serving Board Members, How many 100% NS-1 international tickets does a serving Board Member get, Four, many, 100, ns-1, international, serving, board, member, get, many 100, 100 ns-1, ns-1 international, international serving, serving board, board member, member get, get four, many 100 ns-1, 100 ns-1 international, ns-1 international serving, international serving board, serving board member, board member get, member get four"
Passage Facilities for Chairmen and Board Members,How many 95% NS-1 international tickets does a serving Board Member get?,Four.,"PIA passage policy, PIA employee ticket, staff travel benefit, Passage Facilities for Chairmen and Board Members, Serving Board Members, How many 95% NS-1 international tickets does a serving Board Member get, Four, many, ns-1, international, serving, board, member, get, many ns-1, ns-1 international, international serving, serving board, board member, member get, get four, many ns-1 international, ns-1 international serving, international serving board, serving board member, board member get, member get four"
Passage Facilities for Chairmen and Board Members,What class applies to serving Board Members on international routes?,Business Plus.,"PIA passage policy, PIA employee ticket, staff travel benefit, Passage Facilities for Chairmen and Board Members, Serving Board Members, What class applies to serving Board Members on international routes, Business Plus, class, applies, serving, board, members, international, routes, business, plus, class applies, applies serving, serving board, board members, members international, international routes, routes business, class applies serving, applies serving board, board members international, members international routes, international routes business, routes business plus"
Passage Facilities for Chairmen and Board Members,How many domestic tickets does a serving Board Member get in total?,Eight: four 100% NS-1 and four 95% NS-1 tickets.,"PIA passage policy, PIA employee ticket, staff travel benefit, Passage Facilities for Chairmen and Board Members, Serving Board Members, How many domestic tickets does a serving Board Member get in total, Eight: four 100% NS-1 and four 95% NS-1 tickets, many, domestic, serving, board, member, get, total, eight, four, 100, ns-1, many domestic, domestic serving, serving board, board member, member get, get total, total eight, eight four, four 100, 100 ns-1, ns-1 four, four ns-1, many domestic serving, domestic serving board, serving board member, board member get, member get total, get total eight, total eight four, eight four 100, four 100 ns-1, 100 ns-1 four, ns-1 four ns-1"
Passage Facilities for Chairmen and Board Members,How many international tickets does a serving Board Member get in total?,Eight: four 100% NS-1 and four 95% NS-1 tickets.,"PIA passage policy, PIA employee ticket, staff travel benefit, Passage Facilities for Chairmen and Board Members, Serving Board Members, How many international tickets does a serving Board Member get in total, Eight: four 100% NS-1 and four 95% NS-1 tickets, many, international, serving, board, member, get, total, eight, four, 100, ns-1, many international, international serving, serving board, board member, member get, get total, total eight, eight four, four 100, 100 ns-1, ns-1 four, four ns-1, many international serving, international serving board, serving board member, board member get, member get total, get total eight, total eight four, eight four 100, four 100 ns-1, 100 ns-1 four, ns-1 four ns-1"
Governing Rules for Chairmen and Board Members,Which PIA flights can serving Chairmen and Board Members use these tickets on?,PK sectors only.,"PIA passage policy, PIA employee ticket, staff travel benefit, Governing Rules for Chairmen and Board Members, Ticket issuance and validity, Which PIA flights can serving Chairmen and Board Members use these tickets on, PK sectors only, flights, serving, chairmen, board, members, use, these, sectors, only, flights serving, serving chairmen, chairmen board, board members, members use, use these, these sectors, sectors only, flights serving chairmen, serving chairmen board, chairmen board members, board members use, members use these, use these sectors, these sectors only"
Governing Rules for Chairmen and Board Members,What determines the class of travel for domestic and international routes?,Government of Pakistan policy or directives issued from time to time.,"PIA passage policy, PIA employee ticket, staff travel benefit, Governing Rules for Chairmen and Board Members, Ticket issuance and validity, What determines the class of travel for domestic and international routes, Government of Pakistan policy or directives issued from time to time, determines, class, travel, domestic, international, routes, government, pakistan, policy, directives, issued, time, determines class, class travel, travel domestic, domestic international, international routes, routes government, government pakistan, pakistan policy, policy directives, directives issued, issued time, time time, determines class travel, class travel domestic, travel domestic international, domestic international routes, international routes government, routes government pakistan, government pakistan policy, pakistan policy directives, policy directives issued, directives issued time, issued time time"
Governing Rules for Chairmen and Board Members,Are these tickets confirmed or standby?,They are issued as confirmed NS-1 tickets.,"PIA passage policy, PIA employee ticket, staff travel benefit, Governing Rules for Chairmen and Board Members, Ticket issuance and validity, Are these tickets confirmed or standby, They are issued as confirmed NS-1 tickets, these, confirmed, standby, issued, ns-1, these confirmed, confirmed standby, standby issued, issued confirmed, confirmed ns-1, these confirmed standby, confirmed standby issued, standby issued confirmed, issued confirmed ns-1"
Governing Rules for Chairmen and Board Members,Are these firm NS-1 tickets subject to normal NS-1 reservation restrictions?,No. They are exempt.,"PIA passage policy, PIA employee ticket, staff travel benefit, Governing Rules for Chairmen and Board Members, Ticket issuance and validity, Are these firm NS-1 tickets subject to normal NS-1 reservation restrictions, No. They are exempt, these, firm, ns-1, subject, normal, reservation, restrictions, exempt, these firm, firm ns-1, ns-1 subject, subject normal, normal ns-1, ns-1 reservation, reservation restrictions, restrictions exempt, these firm ns-1, firm ns-1 subject, ns-1 subject normal, subject normal ns-1, normal ns-1 reservation, ns-1 reservation restrictions, reservation restrictions exempt"
Governing Rules for Chairmen and Board Members,Can these tickets be accumulated?,No.,"PIA passage policy, PIA employee ticket, staff travel benefit, Governing Rules for Chairmen and Board Members, Ticket issuance and validity, Can these tickets be accumulated, No, these, accumulated, these accumulated"
Governing Rules for Chairmen and Board Members,How long are these tickets valid from the date of issue?,One year.,"PIA passage policy, PIA employee ticket, staff travel benefit, Governing Rules for Chairmen and Board Members, Ticket issuance and validity, How long are these tickets valid from the date of issue, One year, long, these, valid, date, issue, one, year, long these, these valid, valid date, date issue, issue one, long these valid, these valid date, valid date issue, date issue one, issue one year"
Governing Rules for Chairmen and Board Members,Is the entitlement based on the calendar year?,Calendar-year basis.,"PIA passage policy, PIA employee ticket, staff travel benefit, Governing Rules for Chairmen and Board Members, Ticket issuance and validity, Is the entitlement based on the calendar year, Calendar-year basis, entitlement, based, calendar, year, calendar-year, basis, entitlement based, based calendar, calendar year, year calendar-year, entitlement based calendar, based calendar year, calendar year calendar-year, year calendar-year basis"
Governing Rules for Chairmen and Board Members,When does a calendar-year entitlement lapse if not applied for?,31 December of that year.,"PIA passage policy, PIA employee ticket, staff travel benefit, Governing Rules for Chairmen and Board Members, Ticket issuance and validity, When does a calendar-year entitlement lapse if not applied for, 31 December of that year, calendar-year, entitlement, lapse, not, applied, december, year, calendar-year entitlement, entitlement lapse, lapse not, not applied, applied december, december year, calendar-year entitlement lapse, entitlement lapse not, lapse not applied, not applied december, applied december year"
Governing Rules for Chairmen and Board Members,Are tickets transferable within the family?,Yes.,"PIA passage policy, PIA employee ticket, staff travel benefit, Governing Rules for Chairmen and Board Members, Transferable family, Are tickets transferable within the family, Yes, transferable, within, family, transferable within, within family, family yes, transferable within family, within family yes"
Governing Rules for Chairmen and Board Members,What conditions apply to sons in the transferable family definition?,"They must be unemployed, unmarried and up to 27 years old.","PIA passage policy, PIA employee ticket, staff travel benefit, Governing Rules for Chairmen and Board Members, Transferable family, What conditions apply to sons in the transferable family definition, They must be unemployed, unmarried and up to 27 years old, conditions, apply, sons, transferable, family, definition, must, unemployed, unmarried, years, old, conditions apply, apply sons, sons transferable, family definition, definition must, must unemployed, unemployed unmarried, unmarried years, years old, conditions apply sons, apply sons transferable, sons transferable family, transferable family definition, family definition must, definition must unemployed, must unemployed unmarried, unemployed unmarried years, unmarried years old"
Governing Rules for Chairmen and Board Members,Which daughters are included in the transferable family definition?,"Unemployed unmarried, widowed or divorced daughters of any age.","PIA passage policy, PIA employee ticket, staff travel benefit, Governing Rules for Chairmen and Board Members, Transferable family, Which daughters are included in the transferable family definition, Unemployed unmarried, widowed or divorced daughters of any age, daughters, included, transferable, family, definition, unemployed, unmarried, widowed, divorced, any, age, daughters included, included transferable, family definition, definition unemployed, unemployed unmarried, unmarried widowed, widowed divorced, divorced daughters, daughters any, any age, daughters included transferable, included transferable family, transferable family definition, family definition unemployed, definition unemployed unmarried, unemployed unmarried widowed, unmarried widowed divorced, widowed divorced daughters, divorced daughters any, daughters any age"
Governing Rules for Chairmen and Board Members,Which special children are included in the transferable family definition?,Crippled or mentally retarded children of any age.,"PIA passage policy, PIA employee ticket, staff travel benefit, Governing Rules for Chairmen and Board Members, Transferable family, Which special children are included in the transferable family definition, Crippled or mentally retarded children of any age, special, children, included, transferable, family, definition, crippled, mentally, retarded, any, age, special children, children included, included transferable, family definition, definition crippled, crippled mentally, mentally retarded, retarded children, children any, any age, special children included, children included transferable, included transferable family, transferable family definition, family definition crippled, definition crippled mentally, crippled mentally retarded, mentally retarded children, retarded children any, children any age"
Governing Rules for Chairmen and Board Members,How long after leaving the Board can a former Board Member claim unused entitlement?,Within 30 days of ceasing to be a member.,"PIA passage policy, PIA employee ticket, staff travel benefit, Governing Rules for Chairmen and Board Members, Board-member cessation and administration, How long after leaving the Board can a former Board Member claim unused entitlement, Within 30 days of ceasing to be a member, long, after, leaving, board, former, member, claim, unused, entitlement, within, days, ceasing, long after, after leaving, leaving board, board former, former board, board member, member claim, claim unused, unused entitlement, entitlement within, within days, days ceasing, ceasing member, long after leaving, after leaving board, leaving board former, board former board, former board member, board member claim, member claim unused, claim unused entitlement, unused entitlement within, entitlement within days, within days ceasing, days ceasing member"
Governing Rules for Chairmen and Board Members,Where is the original ticket-authority application sent?,Secretary-PIACL.,"PIA passage policy, PIA employee ticket, staff travel benefit, Governing Rules for Chairmen and Board Members, Board-member cessation and administration, Where is the original ticket-authority application sent, Secretary-PIACL, original, ticket-authority, application, sent, original ticket-authority, ticket-authority application, application sent, sent secretary-piacl, original ticket-authority application, ticket-authority application sent, application sent secretary-piacl"
Governing Rules for Chairmen and Board Members,Who issues the ticket authority?,Secretary-PIACL.,"PIA passage policy, PIA employee ticket, staff travel benefit, Governing Rules for Chairmen and Board Members, Board-member cessation and administration, Who issues the ticket authority, Secretary-PIACL, issues, authority, issues authority, authority secretary-piacl, issues authority secretary-piacl"
Governing Rules for Chairmen and Board Members,For how long is the ticket authority valid?,30 days.,"PIA passage policy, PIA employee ticket, staff travel benefit, Governing Rules for Chairmen and Board Members, Board-member cessation and administration, For how long is the ticket authority valid, 30 days, long, authority, valid, days, long authority, authority valid, valid days, long authority valid, authority valid days"
Governing Rules for Chairmen and Board Members,Who gives the final decision if the rules are unclear?,To the Board through the Board's HR & Remuneration Committee.,"PIA passage policy, PIA employee ticket, staff travel benefit, Governing Rules for Chairmen and Board Members, Board-member cessation and administration, Who gives the final decision if the rules are unclear, To the Board through the Board's HR & Remuneration Committee, gives, final, decision, rules, unclear, board, through, remuneration, committee, gives final, final decision, decision rules, rules unclear, unclear board, board through, through board, board remuneration, remuneration committee, gives final decision, final decision rules, decision rules unclear, rules unclear board, unclear board through, board through board, through board remuneration, board remuneration committee"
Governing Rules for Chairmen and Board Members,"Who manages tickets for serving Chairmen, Board Members and their families?",Secretary-PIACL.,"PIA passage policy, PIA employee ticket, staff travel benefit, Governing Rules for Chairmen and Board Members, Board-member cessation and administration, Who manages tickets for serving Chairmen, Board Members and their families, Secretary-PIACL, manages, serving, chairmen, board, members, families, manages serving, serving chairmen, chairmen board, board members, members families, families secretary-piacl, manages serving chairmen, serving chairmen board, chairmen board members, board members families, members families secretary-piacl"
Governing Rules for Chairmen and Board Members,Who bears taxes related to ticket issuance and rerouting?,The individual concerned.,"PIA passage policy, PIA employee ticket, staff travel benefit, Governing Rules for Chairmen and Board Members, Board-member cessation and administration, Who bears taxes related to ticket issuance and rerouting, The individual concerned, bears, taxes, related, issuance, rerouting, individual, concerned, bears taxes, taxes related, related issuance, issuance rerouting, rerouting individual, individual concerned, bears taxes related, taxes related issuance, related issuance rerouting, issuance rerouting individual, rerouting individual concerned"
"Widows of Ex-Chairmen, MDs and CEOs",How long does the widow of an eligible retired Chairman or MD receive the ticket benefit?,For life.,"PIA passage policy, PIA employee ticket, staff travel benefit, Widows of Ex-Chairmen, MDs and CEOs, Passage entitlement, How long does the widow of an eligible retired Chairman or MD receive the ticket benefit, For life, long, widow, eligible, retired, chairman, receive, benefit, life, long widow, widow eligible, eligible retired, retired chairman, chairman receive, receive benefit, benefit life, long widow eligible, widow eligible retired, eligible retired chairman, retired chairman receive, chairman receive benefit, receive benefit life"
"Widows of Ex-Chairmen, MDs and CEOs",On which routes is the widow entitlement available?,Domestic and international routes.,"PIA passage policy, PIA employee ticket, staff travel benefit, Widows of Ex-Chairmen, MDs and CEOs, Passage entitlement, On which routes is the widow entitlement available, Domestic and international routes, routes, widow, entitlement, available, domestic, international, routes widow, widow entitlement, entitlement available, available domestic, domestic international, international routes, routes widow entitlement, widow entitlement available, entitlement available domestic, available domestic international, domestic international routes"
"Widows of Ex-Chairmen, MDs and CEOs",How many 100% NS-1 tickets are available under the widow entitlement?,One ticket.,"PIA passage policy, PIA employee ticket, staff travel benefit, Widows of Ex-Chairmen, MDs and CEOs, Passage entitlement, How many 100% NS-1 tickets are available under the widow entitlement, One ticket, many, 100, ns-1, available, widow, entitlement, one, many 100, 100 ns-1, ns-1 available, available widow, widow entitlement, entitlement one, many 100 ns-1, 100 ns-1 available, ns-1 available widow, available widow entitlement, widow entitlement one"
"Widows of Ex-Chairmen, MDs and CEOs",Can the widow's ticket be transferred to a dependent child?,A dependent son or daughter.,"PIA passage policy, PIA employee ticket, staff travel benefit, Widows of Ex-Chairmen, MDs and CEOs, Passage entitlement, Can the widow's ticket be transferred to a dependent child, A dependent son or daughter, widow, transferred, dependent, child, son, daughter, widow transferred, transferred dependent, dependent child, child dependent, dependent son, son daughter, widow transferred dependent, transferred dependent child, dependent child dependent, child dependent son, dependent son daughter"
"Widows of Ex-Chairmen, MDs and CEOs",What class applies on domestic routes under the widow entitlement?,Economy Plus.,"PIA passage policy, PIA employee ticket, staff travel benefit, Widows of Ex-Chairmen, MDs and CEOs, Passage entitlement, What class applies on domestic routes under the widow entitlement, Economy Plus, class, applies, domestic, routes, widow, entitlement, economy, plus, class applies, applies domestic, domestic routes, routes widow, widow entitlement, entitlement economy, class applies domestic, applies domestic routes, domestic routes widow, routes widow entitlement, widow entitlement economy, entitlement economy plus"
"Widows of Ex-Chairmen, MDs and CEOs",What class applies on international routes under the widow entitlement?,Business Plus.,"PIA passage policy, PIA employee ticket, staff travel benefit, Widows of Ex-Chairmen, MDs and CEOs, Passage entitlement, What class applies on international routes under the widow entitlement, Business Plus, class, applies, international, routes, widow, entitlement, business, plus, class applies, applies international, international routes, routes widow, widow entitlement, entitlement business, class applies international, applies international routes, international routes widow, routes widow entitlement, widow entitlement business, entitlement business plus"
"Widows of Ex-Chairmen, MDs and CEOs",What service is required for an ex-Chairman or ex-MD to receive lifetime ticket benefits?,He or she must have served the Company as an employee for more than 10 years and retired from service.,"PIA passage policy, PIA employee ticket, staff travel benefit, Widows of Ex-Chairmen, MDs and CEOs, Governing rules, What service is required for an ex-Chairman or ex-MD to receive lifetime ticket benefits, He or she must have served the Company as an employee for more than 10 years and retired from service, service, required, ex-chairman, ex-md, receive, lifetime, benefits, she, must, have, served, company, more, than, years, retired, service required, required ex-chairman, ex-chairman ex-md, ex-md receive, receive lifetime, lifetime benefits, benefits she, she must, must have, have served, served company, company more, more than, than years, years retired, retired service, service required ex-chairman, required ex-chairman ex-md, ex-chairman ex-md receive, ex-md receive lifetime, receive lifetime benefits, lifetime benefits she, benefits she must, she must have, must have served, have served company, served company more, company more than, more than years, than years retired, years retired service"
"Widows of Ex-Chairmen, MDs and CEOs",Which widow or widower qualifies for lifetime ticket benefits?,A widow or widower qualifies if the ex-Chairman or ex-MD had lifetime entitlement.,"PIA passage policy, PIA employee ticket, staff travel benefit, Widows of Ex-Chairmen, MDs and CEOs, Governing rules, Which widow or widower qualifies for lifetime ticket benefits, A widow or widower qualifies if the ex-Chairman or ex-MD had lifetime entitlement, widow, widower, qualifies, lifetime, benefits, ex-chairman, ex-md, had, entitlement, widow widower, widower qualifies, qualifies lifetime, lifetime benefits, benefits widow, qualifies ex-chairman, ex-chairman ex-md, ex-md had, had lifetime, lifetime entitlement, widow widower qualifies, widower qualifies lifetime, qualifies lifetime benefits, lifetime benefits widow, benefits widow widower, widower qualifies ex-chairman, qualifies ex-chairman ex-md, ex-chairman ex-md had, ex-md had lifetime, had lifetime entitlement"
"Widows of Ex-Chairmen, MDs and CEOs",What event ends a widow's or widower's lifetime ticket entitlement?,Remarriage.,"PIA passage policy, PIA employee ticket, staff travel benefit, Widows of Ex-Chairmen, MDs and CEOs, Governing rules, What event ends a widow's or widower's lifetime ticket entitlement, Remarriage, event, ends, widow, widower, lifetime, entitlement, event ends, ends widow, widow widower, widower lifetime, lifetime entitlement, entitlement remarriage, event ends widow, ends widow widower, widow widower lifetime, widower lifetime entitlement, lifetime entitlement remarriage"
"Widows of Ex-Chairmen, MDs and CEOs",Can eligible retired employees receive interline tickets?,"Yes, under the prevailing interline policy.","PIA passage policy, PIA employee ticket, staff travel benefit, Widows of Ex-Chairmen, MDs and CEOs, Governing rules, Can eligible retired employees receive interline tickets, Yes, under the prevailing interline policy, eligible, retired, receive, interline, yes, prevailing, policy, eligible retired, retired receive, receive interline, interline yes, yes prevailing, prevailing interline, interline policy, eligible retired receive, retired receive interline, receive interline yes, interline yes prevailing, yes prevailing interline, prevailing interline policy"
"Widows of Ex-Chairmen, MDs and CEOs",Who decides the travel class for these tickets?,Government of Pakistan policy or directives issued from time to time.,"PIA passage policy, PIA employee ticket, staff travel benefit, Widows of Ex-Chairmen, MDs and CEOs, Governing rules, Who decides the travel class for these tickets, Government of Pakistan policy or directives issued from time to time, decides, travel, class, these, government, pakistan, policy, directives, issued, time, decides travel, travel class, class these, these government, government pakistan, pakistan policy, policy directives, directives issued, issued time, time time, decides travel class, travel class these, class these government, these government pakistan, government pakistan policy, pakistan policy directives, policy directives issued, directives issued time, issued time time"
"Widows of Ex-Chairmen, MDs and CEOs",Are these tickets confirmed or standby?,They are issued as confirmed NS-1 tickets.,"PIA passage policy, PIA employee ticket, staff travel benefit, Widows of Ex-Chairmen, MDs and CEOs, Governing rules, Are these tickets confirmed or standby, They are issued as confirmed NS-1 tickets, these, confirmed, standby, issued, ns-1, these confirmed, confirmed standby, standby issued, issued confirmed, confirmed ns-1, these confirmed standby, confirmed standby issued, standby issued confirmed, issued confirmed ns-1"
"Widows of Ex-Chairmen, MDs and CEOs",Are these firm NS-1 tickets exempt from normal reservation restrictions?,Yes.,"PIA passage policy, PIA employee ticket, staff travel benefit, Widows of Ex-Chairmen, MDs and CEOs, Governing rules, Are these firm NS-1 tickets exempt from normal reservation restrictions, Yes, these, firm, ns-1, exempt, normal, reservation, restrictions, these firm, firm ns-1, ns-1 exempt, exempt normal, normal reservation, reservation restrictions, restrictions yes, these firm ns-1, firm ns-1 exempt, ns-1 exempt normal, exempt normal reservation, normal reservation restrictions, reservation restrictions yes"
"Widows of Ex-Chairmen, MDs and CEOs",Can widow or widower tickets be accumulated?,No.,"PIA passage policy, PIA employee ticket, staff travel benefit, Widows of Ex-Chairmen, MDs and CEOs, Governing rules, Can widow or widower tickets be accumulated, No, widow, widower, accumulated, widow widower, widower accumulated, widow widower accumulated"
"Widows of Ex-Chairmen, MDs and CEOs",How long are the tickets valid from the date of issue?,One year.,"PIA passage policy, PIA employee ticket, staff travel benefit, Widows of Ex-Chairmen, MDs and CEOs, Governing rules, How long are the tickets valid from the date of issue, One year, long, valid, date, issue, one, year, long valid, valid date, date issue, issue one, long valid date, valid date issue, date issue one, issue one year"
"Widows of Ex-Chairmen, MDs and CEOs",Is this entitlement based on the calendar year?,Calendar-year basis.,"PIA passage policy, PIA employee ticket, staff travel benefit, Widows of Ex-Chairmen, MDs and CEOs, Governing rules, Is this entitlement based on the calendar year, Calendar-year basis, entitlement, based, calendar, year, calendar-year, basis, entitlement based, based calendar, calendar year, year calendar-year, entitlement based calendar, based calendar year, calendar year calendar-year, year calendar-year basis"
"Widows of Ex-Chairmen, MDs and CEOs",When does the entitlement lapse if not applied for or issued?,31 December of that year.,"PIA passage policy, PIA employee ticket, staff travel benefit, Widows of Ex-Chairmen, MDs and CEOs, Governing rules, When does the entitlement lapse if not applied for or issued, 31 December of that year, entitlement, lapse, not, applied, issued, december, year, entitlement lapse, lapse not, not applied, applied issued, issued december, december year, entitlement lapse not, lapse not applied, not applied issued, applied issued december, issued december year"
"Widows of Ex-Chairmen, MDs and CEOs",Can these tickets be transferred within the family?,Yes.,"PIA passage policy, PIA employee ticket, staff travel benefit, Widows of Ex-Chairmen, MDs and CEOs, Governing rules, Can these tickets be transferred within the family, Yes, these, transferred, within, family, these transferred, transferred within, within family, family yes, these transferred within, transferred within family, within family yes"
"Widows of Ex-Chairmen, MDs and CEOs",What conditions apply to sons in the family transfer rule?,"They must be unemployed, unmarried and up to 27 years old.","PIA passage policy, PIA employee ticket, staff travel benefit, Widows of Ex-Chairmen, MDs and CEOs, Governing rules, What conditions apply to sons in the family transfer rule, They must be unemployed, unmarried and up to 27 years old, conditions, apply, sons, family, transfer, rule, must, unemployed, unmarried, years, old, conditions apply, apply sons, sons family, family transfer, transfer rule, rule must, must unemployed, unemployed unmarried, unmarried years, years old, conditions apply sons, apply sons family, sons family transfer, family transfer rule, transfer rule must, rule must unemployed, must unemployed unmarried, unemployed unmarried years, unmarried years old"
"Widows of Ex-Chairmen, MDs and CEOs",Which daughters qualify under the family transfer rule?,"Unemployed unmarried, widowed or divorced daughters of any age.","PIA passage policy, PIA employee ticket, staff travel benefit, Widows of Ex-Chairmen, MDs and CEOs, Governing rules, Which daughters qualify under the family transfer rule, Unemployed unmarried, widowed or divorced daughters of any age, daughters, qualify, family, transfer, rule, unemployed, unmarried, widowed, divorced, any, age, daughters qualify, qualify family, family transfer, transfer rule, rule unemployed, unemployed unmarried, unmarried widowed, widowed divorced, divorced daughters, daughters any, any age, daughters qualify family, qualify family transfer, family transfer rule, transfer rule unemployed, rule unemployed unmarried, unemployed unmarried widowed, unmarried widowed divorced, widowed divorced daughters, divorced daughters any, daughters any age"
"Widows of Ex-Chairmen, MDs and CEOs",Which special children are included under the transfer rule?,Crippled or mentally retarded children of any age.,"PIA passage policy, PIA employee ticket, staff travel benefit, Widows of Ex-Chairmen, MDs and CEOs, Governing rules, Which special children are included under the transfer rule, Crippled or mentally retarded children of any age, special, children, included, transfer, rule, crippled, mentally, retarded, any, age, special children, children included, included transfer, transfer rule, rule crippled, crippled mentally, mentally retarded, retarded children, children any, any age, special children included, children included transfer, included transfer rule, transfer rule crippled, rule crippled mentally, crippled mentally retarded, mentally retarded children, retarded children any, children any age"
"Widows of Ex-Chairmen, MDs and CEOs","If someone qualifies under more than one status, how many ticket benefits can they use in a year?",Only one status can be used in a calendar year.,"PIA passage policy, PIA employee ticket, staff travel benefit, Widows of Ex-Chairmen, MDs and CEOs, Governing rules, If someone qualifies under more than one status, how many ticket benefits can they use in a year, Only one status can be used in a calendar year, someone, qualifies, more, than, one, status, many, benefits, use, year, only, used, calendar, someone qualifies, qualifies more, more than, than one, one status, status many, many benefits, benefits use, use year, year only, only one, status used, used calendar, calendar year, someone qualifies more, qualifies more than, more than one, than one status, one status many, status many benefits, many benefits use, benefits use year, use year only, year only one, only one status, one status used, status used calendar, used calendar year"
"Widows of Ex-Chairmen, MDs and CEOs",Is dual ticket benefit allowed for a person holding more than one status?,No.,"PIA passage policy, PIA employee ticket, staff travel benefit, Widows of Ex-Chairmen, MDs and CEOs, Governing rules, Is dual ticket benefit allowed for a person holding more than one status, No, dual, benefit, allowed, person, holding, more, than, one, status, dual benefit, benefit allowed, allowed person, person holding, holding more, more than, than one, one status, dual benefit allowed, benefit allowed person, allowed person holding, person holding more, holding more than, more than one, than one status"
"Widows of Ex-Chairmen, MDs and CEOs",For how long is the ticket authority valid?,30 days.,"PIA passage policy, PIA employee ticket, staff travel benefit, Widows of Ex-Chairmen, MDs and CEOs, Governing rules, For how long is the ticket authority valid, 30 days, long, authority, valid, days, long authority, authority valid, valid days, long authority valid, authority valid days"
"Widows of Ex-Chairmen, MDs and CEOs",Who gives the final decision if these rules are unclear?,The Managing Director.,"PIA passage policy, PIA employee ticket, staff travel benefit, Widows of Ex-Chairmen, MDs and CEOs, Governing rules, Who gives the final decision if these rules are unclear, The Managing Director, gives, final, decision, these, rules, unclear, managing, director, gives final, final decision, decision these, these rules, rules unclear, unclear managing, managing director, gives final decision, final decision these, decision these rules, these rules unclear, rules unclear managing, unclear managing director"
Annexure A - Emergency Domestic Passage Undertaking,Who can use the emergency domestic travel form?,"Retired employees, widows and widowers.","PIA passage policy, PIA employee ticket, staff travel benefit, Annexure A - Emergency Domestic Passage Undertaking, Applicability and form fields, Who can use the emergency domestic travel form, Retired employees, widows and widowers, use, emergency, domestic, travel, form, retired, widows, widowers, use emergency, emergency domestic, domestic travel, travel form, form retired, retired widows, widows widowers, use emergency domestic, emergency domestic travel, domestic travel form, travel form retired, form retired widows, retired widows widowers"
Annexure A - Emergency Domestic Passage Undertaking,When is the emergency domestic travel form used?,For emergency travel on a domestic route.,"PIA passage policy, PIA employee ticket, staff travel benefit, Annexure A - Emergency Domestic Passage Undertaking, Applicability and form fields, When is the emergency domestic travel form used, For emergency travel on a domestic route, emergency, domestic, travel, form, used, route, emergency domestic, domestic travel, travel form, form used, used emergency, emergency travel, travel domestic, domestic route, emergency domestic travel, domestic travel form, travel form used, form used emergency, used emergency travel, emergency travel domestic, travel domestic route"
Annexure A - Emergency Domestic Passage Undertaking,Which ticketing official completes the station and date fields?,The duty staff or officer at the ticketing counter.,"PIA passage policy, PIA employee ticket, staff travel benefit, Annexure A - Emergency Domestic Passage Undertaking, Applicability and form fields, Which ticketing official completes the station and date fields, The duty staff or officer at the ticketing counter, ticketing, official, completes, station, date, fields, duty, staff, officer, counter, ticketing official, official completes, completes station, station date, date fields, fields duty, duty staff, staff officer, officer ticketing, ticketing counter, ticketing official completes, official completes station, completes station date, station date fields, date fields duty, fields duty staff, duty staff officer, staff officer ticketing, officer ticketing counter"
Annexure A - Emergency Domestic Passage Undertaking,What passenger details are entered on the emergency travel form?,"Serial number, name of retired employee/widow/widower, relationship and sector.","PIA passage policy, PIA employee ticket, staff travel benefit, Annexure A - Emergency Domestic Passage Undertaking, Applicability and form fields, What passenger details are entered on the emergency travel form, Serial number, name of retired employee/widow/widower, relationship and sector, passenger, details, entered, emergency, travel, form, serial, number, name, retired, widow, widower, relationship, sector, passenger details, details entered, entered emergency, emergency travel, travel form, form serial, serial number, number name, name retired, retired widow, widow widower, widower relationship, relationship sector, passenger details entered, details entered emergency, entered emergency travel, emergency travel form, travel form serial, form serial number, serial number name, number name retired, name retired widow, retired widow widower, widow widower relationship, widower relationship sector"
Annexure A - Emergency Domestic Passage Undertaking,What explanation must the applicant give on the emergency travel form?,The reason the emergency has arisen.,"PIA passage policy, PIA employee ticket, staff travel benefit, Annexure A - Emergency Domestic Passage Undertaking, Applicability and form fields, What explanation must the applicant give on the emergency travel form, The reason the emergency has arisen, explanation, must, applicant, give, emergency, travel, form, reason, has, arisen, explanation must, must applicant, applicant give, give emergency, emergency travel, travel form, form reason, reason emergency, emergency has, has arisen, explanation must applicant, must applicant give, applicant give emergency, give emergency travel, emergency travel form, travel form reason, form reason emergency, reason emergency has, emergency has arisen"
Annexure A - Emergency Domestic Passage Undertaking,What does the applicant confirm about the requested ticket?,That the ticket is at the applicant's credit.,"PIA passage policy, PIA employee ticket, staff travel benefit, Annexure A - Emergency Domestic Passage Undertaking, Applicant undertaking, What does the applicant confirm about the requested ticket, That the ticket is at the applicant's credit, applicant, confirm, about, requested, credit, applicant confirm, confirm about, about requested, requested applicant, applicant credit, applicant confirm about, confirm about requested, about requested applicant, requested applicant credit"
Annexure A - Emergency Domestic Passage Undertaking,What must the applicant pay if the statement about ticket credit is found incorrect?,The amount equivalent to the full fare of the ticket or tickets.,"PIA passage policy, PIA employee ticket, staff travel benefit, Annexure A - Emergency Domestic Passage Undertaking, Applicant undertaking, What must the applicant pay if the statement about ticket credit is found incorrect, The amount equivalent to the full fare of the ticket or tickets, must, applicant, pay, statement, about, credit, found, incorrect, amount, equivalent, full, fare, must applicant, applicant pay, pay statement, statement about, about credit, credit found, found incorrect, incorrect amount, amount equivalent, equivalent full, full fare, must applicant pay, applicant pay statement, pay statement about, statement about credit, about credit found, credit found incorrect, found incorrect amount, incorrect amount equivalent, amount equivalent full, equivalent full fare"
Annexure A - Emergency Domestic Passage Undertaking,"What happens if a retired employee, widow or widower misuses the ticket benefit?",Withdrawal of the facility forever.,"PIA passage policy, PIA employee ticket, staff travel benefit, Annexure A - Emergency Domestic Passage Undertaking, Applicant undertaking, What happens if a retired employee, widow or widower misuses the ticket benefit, Withdrawal of the facility forever, happens, retired, widow, widower, misuses, benefit, withdrawal, facility, forever, happens retired, retired widow, widow widower, widower misuses, misuses benefit, benefit withdrawal, withdrawal facility, facility forever, happens retired widow, retired widow widower, widow widower misuses, widower misuses benefit, misuses benefit withdrawal, benefit withdrawal facility, withdrawal facility forever"
Annexure A - Emergency Domestic Passage Undertaking,What happens if the applicant gives false information?,Withdrawal of the ticket facility forever.,"PIA passage policy, PIA employee ticket, staff travel benefit, Annexure A - Emergency Domestic Passage Undertaking, Applicant undertaking, What happens if the applicant gives false information, Withdrawal of the ticket facility forever, happens, applicant, gives, false, information, withdrawal, facility, forever, happens applicant, applicant gives, gives false, false information, information withdrawal, withdrawal facility, facility forever, happens applicant gives, applicant gives false, gives false information, false information withdrawal, information withdrawal facility, withdrawal facility forever"
Annexure A - Emergency Domestic Passage Undertaking,Are tickets aresued in excess of entitlement adjusted against future entitlement?,No.,"PIA passage policy, PIA employee ticket, staff travel benefit, Annexure A - Emergency Domestic Passage Undertaking, Applicant undertaking, Are tickets aresued in excess of entitlement adjusted against future entitlement, No, aresued, excess, entitlement, adjusted, against, future, aresued excess, excess entitlement, entitlement adjusted, adjusted against, against future, future entitlement, aresued excess entitlement, excess entitlement adjusted, entitlement adjusted against, adjusted against future, against future entitlement"
Annexure A - Emergency Domestic Passage Undertaking,Who pays the full fare for tickets aresued in excess of entitlement?,The applicant.,"PIA passage policy, PIA employee ticket, staff travel benefit, Annexure A - Emergency Domestic Passage Undertaking, Applicant undertaking, Who pays the full fare for tickets aresued in excess of entitlement, The applicant, pays, full, fare, aresued, excess, entitlement, applicant, pays full, full fare, fare aresued, aresued excess, excess entitlement, entitlement applicant, pays full fare, full fare aresued, fare aresued excess, aresued excess entitlement, excess entitlement applicant"
Annexure A - Emergency Domestic Passage Undertaking,Which personal details must the applicant provide?,"Applicant signature, full name, staff number and designation.","PIA passage policy, PIA employee ticket, staff travel benefit, Annexure A - Emergency Domestic Passage Undertaking, Applicant undertaking, Which personal details must the applicant provide, Applicant signature, full name, staff number and designation, personal, details, must, applicant, provide, signature, full, name, staff, number, designation, personal details, details must, must applicant, applicant provide, provide applicant, applicant signature, signature full, full name, name staff, staff number, number designation, personal details must, details must applicant, must applicant provide, applicant provide applicant, provide applicant signature, applicant signature full, signature full name, full name staff, name staff number, staff number designation"
Annexure A - Emergency Domestic Passage Undertaking,Which ID must the duty officer verify?,The applicant's PIA ID Card.,"PIA passage policy, PIA employee ticket, staff travel benefit, Annexure A - Emergency Domestic Passage Undertaking, Duty officer undertaking, Which ID must the duty officer verify, The applicant's PIA ID Card, must, duty, officer, verify, applicant, card, must duty, duty officer, officer verify, verify applicant, applicant card, must duty officer, duty officer verify, officer verify applicant, verify applicant card"
Annexure A - Emergency Domestic Passage Undertaking,Where must the duty officer send the scanned emergency form?,To the Retired Employees ticket Cell at the station.,"PIA passage policy, PIA employee ticket, staff travel benefit, Annexure A - Emergency Domestic Passage Undertaking, Duty officer undertaking, Where must the duty officer send the scanned emergency form, To the Retired Employees ticket Cell at the station, must, duty, officer, send, scanned, emergency, form, retired, cell, station, must duty, duty officer, officer send, send scanned, scanned emergency, emergency form, form retired, retired cell, cell station, must duty officer, duty officer send, officer send scanned, send scanned emergency, scanned emergency form, emergency form retired, form retired cell, retired cell station"
Annexure A - Emergency Domestic Passage Undertaking,How quickly must the scanned emergency undertaking be forwarded?,Immediately.,"PIA passage policy, PIA employee ticket, staff travel benefit, Annexure A - Emergency Domestic Passage Undertaking, Duty officer undertaking, How quickly must the scanned emergency undertaking be forwarded, Immediately, quickly, must, scanned, emergency, undertaking, forwarded, quickly must, must scanned, scanned emergency, emergency undertaking, undertaking forwarded, forwarded immediately, quickly must scanned, must scanned emergency, scanned emergency undertaking, emergency undertaking forwarded, undertaking forwarded immediately"
Annexure A - Emergency Domestic Passage Undertaking,What can happen if the duty officer does not follow the procedure?,The officer may face disciplinary action and recovery of any loss.,"PIA passage policy, PIA employee ticket, staff travel benefit, Annexure A - Emergency Domestic Passage Undertaking, Duty officer undertaking, What can happen if the duty officer does not follow the procedure, The officer may face disciplinary action and recovery of any loss, happen, duty, officer, not, follow, procedure, may, face, disciplinary, action, recovery, any, loss, happen duty, duty officer, officer not, not follow, follow procedure, procedure officer, officer may, may face, face disciplinary, disciplinary action, action recovery, recovery any, any loss, happen duty officer, duty officer not, officer not follow, not follow procedure, follow procedure officer, procedure officer may, officer may face, may face disciplinary, face disciplinary action, disciplinary action recovery, action recovery any, recovery any loss"
Annexure A - Emergency Domestic Passage Undertaking,How must the duty officer authenticate the form?,Signature and stamp by name.,"PIA passage policy, PIA employee ticket, staff travel benefit, Annexure A - Emergency Domestic Passage Undertaking, Duty officer undertaking, How must the duty officer authenticate the form, Signature and stamp by name, must, duty, officer, authenticate, form, signature, stamp, name, must duty, duty officer, officer authenticate, authenticate form, form signature, signature stamp, stamp name, must duty officer, duty officer authenticate, officer authenticate form, authenticate form signature, form signature stamp, signature stamp name"
