Category,Question,Answer,Authority / Reference,Keywords
Recruitment Policy,What personal qualities should candidates for PIA positions possess?,"They should possess above-average intelligence, appropriate qualifications, integrity and character.",,"PIA, PIACL, chapter 28, recruitment / induction, clause 28.01.01, recruitment policy, general principles, PIA recruitment policy, merit-based hiring, employee induction, personal qualities, above-average intelligence, appropriate qualifications, integrity, character, they should possess above-average intelligence, appropriate qualifications, integrity and character"
Recruitment Policy,What standard should be established for jobs at every level in PIA?,A very high standard should be established and maintained for jobs at every level.,,"PIA, PIACL, chapter 28, recruitment / induction, clause 28.01.01, recruitment policy, general principles, PIA recruitment policy, merit-based hiring, employee induction, standard, established, jobs, every level, very high standard"
Recruitment Policy,What should be highlighted when presenting the hiring status?,The number of available vacancies should be highlighted against each category being hired.,,"PIA, PIACL, chapter 28, recruitment / induction, clause 28.01.01, recruitment policy, general principles, PIA recruitment policy, merit-based hiring, employee induction, highlighted, presenting, hiring status, number, each category"
Recruitment Policy,At which management levels may induction be made?,"Induction may be made at entry, middle and senior management levels.",,"PIA, PIACL, chapter 28, recruitment / induction, clause 28.01.01, recruitment policy, general principles, PIA recruitment policy, merit-based hiring, employee induction, management levels, middle, senior management levels"
Recruitment Policy,What kind of induction process should be used for new entrants?,A user-friendly process should be used to facilitate new entrants.,,"PIA, PIACL, chapter 28, recruitment / induction, clause 28.01.01, recruitment policy, general principles, PIA recruitment policy, merit-based hiring, employee induction, kind, new entrants, user-friendly, facilitate new entrants, a user-friendly process should be used to facilitate new entrants"
Recruitment Policy,On what basis is PIA's recruitment policy formulated?,It is a merit-based policy formulated in light of instructions from the Federal Government and the PIACL Board of Directors.,,"PIA, PIACL, chapter 28, recruitment / induction, clause 28.01.01, recruitment policy, general principles, PIA recruitment policy, merit-based hiring, employee induction, merit list, merit-based selection, selection ranking, PIA recruitment, merit-based, federal government, PIACL board"
Recruitment Policy,Up to which pay groups is entry-level induction normally restricted in PIACL?,"Entry-level induction is normally restricted up to PG-V / PG-VI, based on Company requirements.",,"PIA, PIACL, chapter 28, recruitment / induction, clause 28.01.02, recruitment policy, induction levels, PIA recruitment policy, merit-based hiring, employee induction, PG-V, pay group-v, PG-VI, pay group-vi, PG, entry-level induction, restricted, PG-V PG-VI, based"
Recruitment Policy,When may induction be made in PG-VII and above?,When required by the Company and suitable personnel are not available for internal promotion or selection.,,"PIA, PIACL, chapter 28, recruitment / induction, clause 28.01.02, recruitment policy, induction levels, PIA recruitment policy, merit-based hiring, employee induction, PG-VII, pay group-vii, PG, above, personnel, not, internal promotion"
Recruitment Policy,In which pay group is a matriculation-qualified entrant normally inducted?,PG-I.,,"PIA, PIACL, chapter 28, recruitment / induction, clause 28.01.02, recruitment policy, qualification-to-pay-group mapping, PIA recruitment policy, merit-based hiring, employee induction, PG-I, pay group-i, PG, matriculation-qualified entrant"
Recruitment Policy,In which pay group is an intermediate-qualified entrant normally inducted?,PG-II.,,"PIA, PIACL, chapter 28, recruitment / induction, clause 28.01.02, recruitment policy, qualification-to-pay-group mapping, PIA recruitment policy, merit-based hiring, employee induction, PG-II, pay group-ii, PG, intermediate-qualified entrant"
Recruitment Policy,In which pay groups may a graduate be inducted?,PG-III and PG-IV.,,"PIA, PIACL, chapter 28, recruitment / induction, clause 28.01.02, recruitment policy, qualification-to-pay-group mapping, PIA recruitment policy, merit-based hiring, employee induction, PG-III, pay group-iii, PG-IV, pay group-iv, PG, graduate, PG-III and PG-IV"
Recruitment Policy,In which pay group may a graduate be inducted specifically as Cabin Crew?,"PG-V, only for Cabin Crew.",,"PIA, PIACL, chapter 28, recruitment / induction, clause 28.01.02, recruitment policy, qualification-to-pay-group mapping, PIA recruitment policy, merit-based hiring, employee induction, cabin crew, airhostess, flight attendant, PG-V, pay group-v, PG, graduate, inducted specifically, PG-V only for cabin crew"
Recruitment Policy,In which pay group is a Master's degree holder normally inducted?,PG-V.,,"PIA, PIACL, chapter 28, recruitment / induction, clause 28.01.02, recruitment policy, qualification-to-pay-group mapping, PIA recruitment policy, merit-based hiring, employee induction, PG-V, pay group-v, PG, master degree holder"
Recruitment Policy,"In which pay groups may an MBA, MPA or equivalent qualification holder be inducted?",PG-V or PG-VI.,,"PIA, PIACL, chapter 28, recruitment / induction, clause 28.01.02, recruitment policy, qualification-to-pay-group mapping, PIA recruitment policy, merit-based hiring, employee induction, PG-V, pay group-v, PG-VI, pay group-vi, MPA, MBA, PG, equivalent qualification holder, PG-V or PG-VI"
Recruitment Policy,In which pay group is an MBBS-qualified entrant normally inducted?,PG-VI.,,"PIA, PIACL, chapter 28, recruitment / induction, clause 28.01.02, recruitment policy, qualification-to-pay-group mapping, PIA recruitment policy, merit-based hiring, employee induction, PG-VI, pay group-vi, MBBS, PG, mbbs-qualified entrant"
Recruitment Policy,In which pay group is a B.E. / B.Sc. Engineering-qualified entrant normally inducted?,PG-V.,,"PIA, PIACL, chapter 28, recruitment / induction, clause 28.01.02, recruitment policy, qualification-to-pay-group mapping, PIA recruitment policy, merit-based hiring, employee induction, PG-V, pay group-v, PG, b, e, sc, engineering-qualified entrant"
Recruitment Policy,Which section is responsible for verification of academic documents?,The Employee Record and Information Section (ERIS).,Minutes 1 and 2 dated 24-09-2019; CEO approval,"PIA, PIACL, chapter 28, recruitment / induction, clause 28.01.02a, recruitment policy, academic document verification, PIA recruitment policy, merit-based hiring, employee induction, degree verification, credential check, 24-09-2019, ERIS, CEO, section, responsible, verification, academic documents, record, section ERIS, the employee record and information section (eris), minutes 1 and 2 dated 24-09-2019, CEO approval"
Recruitment Policy,What centralized unit handles degree verification?,The Degree Verification Cell (DVC) under ERIS.,Minutes 1 and 2 dated 24-09-2019; CEO approval,"PIA, PIACL, chapter 28, recruitment / induction, clause 28.01.02a, recruitment policy, academic document verification, PIA recruitment policy, merit-based hiring, employee induction, degree verification, credential check, 24-09-2019, ERIS, DVC, CEO, centralized unit, degree verification cell DVC, the degree verification cell (dvc) under ERIS, minutes 1 and 2 dated 24-09-2019, CEO approval"
Recruitment Policy,Who heads the Degree Verification Cell?,"A dedicated Manager heads the DVC, supported by officials with hands-on verification experience and established contacts with Boards and Universities.",Minutes 1 and 2 dated 24-09-2019; CEO approval,"PIA, PIACL, chapter 28, recruitment / induction, clause 28.01.02a, recruitment policy, academic document verification, PIA recruitment policy, merit-based hiring, employee induction, degree verification, credential check, 24-09-2019, DVC, CEO, heads, degree verification cell, dedicated manager heads, supported, hands-on verification experience, established contacts, boards, universities, minutes 1 and 2 dated 24-09-2019, CEO approval"
Recruitment Policy,By when must ERIS complete academic document verification?,During the employee's probation period.,Minutes 1 and 2 dated 24-09-2019; CEO approval,"PIA, PIACL, chapter 28, recruitment / induction, clause 28.01.02a, recruitment policy, academic document verification, PIA recruitment policy, merit-based hiring, employee induction, degree verification, credential check, 24-09-2019, ERIS, CEO, probation period, during the employee's probation period, minutes 1 and 2 dated 24-09-2019, CEO approval"
Recruitment Policy,What happens if an academic document is found bogus or fake?,The appointment is treated as cancelled ab-initio.,Minutes 1 and 2 dated 24-09-2019; CEO approval,"PIA, PIACL, chapter 28, recruitment / induction, clause 28.01.02a, recruitment policy, academic document verification, PIA recruitment policy, merit-based hiring, employee induction, degree verification, credential check, 24-09-2019, CEO, academic document, found bogus, fake, cancelled ab-initio, the appointment is treated as cancelled ab-initio, minutes 1 and 2 dated 24-09-2019, CEO approval"
Recruitment Policy,Is a person dismissed from PIA or another employer eligible for employment in PIA?,"No, such a person is not eligible, except where dismissal was due to unauthorized absence from duty.",PIAC Employees (S&D) Regulations,"PIA, PIACL, chapter 28, recruitment / induction, clause 28.01.03, recruitment policy, employment disqualification, PIA recruitment policy, merit-based hiring, employee induction, dismissed, another employer, such, not, except, dismissal, due, unauthorized absence, duty, piac employees (s, d) regulations"
Recruitment Policy,Is a person convicted of an offence involving moral turpitude eligible for PIA employment?,No.,PIAC Employees (S&D) Regulations,"PIA, PIACL, chapter 28, recruitment / induction, clause 28.01.03, recruitment policy, employment disqualification, PIA recruitment policy, merit-based hiring, employee induction, convicted, offence involving moral turpitude, PIA employment, piac employees (s, d) regulations"
Recruitment Policy,What dismissal-related exception is allowed under the employment restriction?,Dismissal on account of unauthorized absence from duty is excepted.,PIAC Employees (S&D) Regulations,"PIA, PIACL, chapter 28, recruitment / induction, clause 28.01.03, recruitment policy, employment disqualification, PIA recruitment policy, merit-based hiring, employee induction, dismissal-related exception, employment restriction, dismissal, account, unauthorized absence, duty, excepted, dismissal on account of unauthorized absence from duty is excepted, piac employees (s, d) regulations"
Recruitment Policy,Who prescribes the age limit for an advertised post or grade?,The competent authority prescribes it in the job specifications.,,"PIA, PIACL, chapter 28, recruitment / induction, clause 28.01.04, recruitment policy, age limits, PIA recruitment policy, merit-based hiring, employee induction, age limit, upper age limit, recruitment age, prescribes, grade, competent authority prescribes, job specifications, the competent authority prescribes it in the job specifications"
Recruitment Policy,What is the normal minimum age for recruitment?,18 years.,,"PIA, PIACL, chapter 28, recruitment / induction, clause 28.01.04, recruitment policy, age limits, PIA recruitment policy, merit-based hiring, employee induction, 18 years, normal minimum age"
Recruitment Policy,What is the normal maximum age for recruitment?,40 years.,,"PIA, PIACL, chapter 28, recruitment / induction, clause 28.01.04, recruitment policy, age limits, PIA recruitment policy, merit-based hiring, employee induction, 40 years, normal maximum age"
Recruitment Policy,How much may the competent authority relax the maximum recruitment age?,Up to 10 years.,,"PIA, PIACL, chapter 28, recruitment / induction, clause 28.01.04, recruitment policy, age limits, PIA recruitment policy, merit-based hiring, employee induction, 10 years, much, competent authority relax, maximum recruitment age, up to 10 years"
Recruitment Policy,Can suitable ex-servicemen aged 50 years or above be considered for employment?,Yes.,,"PIA, PIACL, chapter 28, recruitment / induction, clause 28.01.04, recruitment policy, age limits, PIA recruitment policy, merit-based hiring, employee induction, 50 years, ex-servicemen aged 50 years, above"
Recruitment Policy,What general upper-age relaxation is admissible to all candidates?,5 years.,Establishment Division Office Memorandum dated 24-06-2010,"PIA, PIACL, chapter 28, recruitment / induction, clause 28.01.05, recruitment policy, age relaxation, PIA recruitment policy, merit-based hiring, employee induction, upper age limit relaxation, age waiver, 5 years, 24-06-2010, upper-age relaxation, admissible, all, establishment division office memorandum dated 24-06-2010"
Recruitment Policy,"What age relaxation is admissible to Scheduled Castes, the Buddhist Community, recognized tribes of Tribal Areas, Azad Kashmir and Northern Areas?",3 years.,Establishment Division Office Memorandum dated 24-06-2010,"PIA, PIACL, chapter 28, recruitment / induction, clause 28.01.05, recruitment policy, age relaxation, PIA recruitment policy, merit-based hiring, employee induction, upper age limit relaxation, age waiver, 3 years, 24-06-2010, admissible, scheduled castes, buddhist community, recognized tribes, tribal areas, azad kashmir, northern areas, establishment division office memorandum dated 24-06-2010"
Recruitment Policy,What age relaxation is admissible to candidates from Sindh Rural and Balochistan for PIA PG-I to PG-IV posts?,3 years.,Establishment Division Office Memorandum dated 24-06-2010,"PIA, PIACL, chapter 28, recruitment / induction, clause 28.01.05, recruitment policy, age relaxation, PIA recruitment policy, merit-based hiring, employee induction, upper age limit relaxation, age waiver, PG-I to PG-IV, pay group-i to pay group-iv, 3 years, 24-06-2010, PG, admissible, sindh rural, balochistan, PIA PG-I, PG-IV, establishment division office memorandum dated 24-06-2010"
Recruitment Policy,What age relaxation is admissible to released or retired Armed Forces personnel?,"15 years or the number of years actually served in the Armed Forces, whichever is less.",Establishment Division Office Memorandum dated 24-06-2010,"PIA, PIACL, chapter 28, recruitment / induction, clause 28.01.05, recruitment policy, age relaxation, PIA recruitment policy, merit-based hiring, employee induction, upper age limit relaxation, age waiver, 15 years, 24-06-2010, admissible, released, retired armed forces personnel, number, years actually served, armed forces, whichever, less, establishment division office memorandum dated 24-06-2010"
Recruitment Policy,What age relaxation is admissible to government servants and contract employees with two years of continuous government service?,"10 years, subject to a maximum age of 55 years.",Establishment Division Office Memorandum dated 24-06-2010,"PIA, PIACL, chapter 28, recruitment / induction, clause 28.01.05, recruitment policy, age relaxation, PIA recruitment policy, merit-based hiring, employee induction, upper age limit relaxation, age waiver, rs, 10 years, 55 years, 24-06-2010, two years, 2 years, admissible, government servants, contract, continuous government, maximum age, 10 years, subject to a maximum age of 55 years, establishment division office memorandum dated 24-06-2010"
Recruitment Policy,What age relaxation is admissible to disabled persons for posts in BPS-15 and below?,10 years.,Establishment Division Office Memorandum dated 24-06-2010,"PIA, PIACL, chapter 28, recruitment / induction, clause 28.01.05, recruitment policy, age relaxation, PIA recruitment policy, merit-based hiring, employee induction, upper age limit relaxation, age waiver, BPS-15, 10 years, 24-06-2010, BPS, admissible, disabled, below, establishment division office memorandum dated 24-06-2010"
Recruitment Policy,"What age relaxation is admissible to the widow, son or daughter of a civil servant who dies during service?",5 years.,Establishment Division Office Memorandum dated 24-06-2010,"PIA, PIACL, chapter 28, recruitment / induction, clause 28.01.05, recruitment policy, age relaxation, PIA recruitment policy, merit-based hiring, employee induction, upper age limit relaxation, age waiver, 5 years, 24-06-2010, admissible, widow, son, daughter, civil servant, dies, establishment division office memorandum dated 24-06-2010"
Recruitment Policy,Can a candidate combine age relaxations available under more than one category?,No. Relaxation may be allowed under only one category.,Establishment Division Office Memorandum dated 24-06-2010,"PIA, PIACL, chapter 28, recruitment / induction, clause 28.01.05, recruitment policy, age relaxation, PIA recruitment policy, merit-based hiring, employee induction, upper age limit relaxation, age waiver, 24-06-2010, combine age relaxations, more, one category, relaxation, only one category, no. relaxation may be allowed under only one category, establishment division office memorandum dated 24-06-2010"
Recruitment Policy,Who may grant age relaxation on compassionate grounds?,The President or the Prime Minister.,A.O.15/2010 dated 20-04-2010,"PIA, PIACL, chapter 28, recruitment / induction, clause 28.01.06, recruitment policy, compassionate age relaxation, PIA recruitment policy, merit-based hiring, employee induction, age relaxation, upper age limit relaxation, age waiver, 20-04-2010, a.o.15/2010, compassionate grounds, president, prime minister, the president or the prime minister, a.o.15/2010 dated 20-04-2010"
Recruitment Policy,How much compassionate age relaxation may be granted?,Up to 3 years.,A.O.15/2010 dated 20-04-2010,"PIA, PIACL, chapter 28, recruitment / induction, clause 28.01.06, recruitment policy, compassionate age relaxation, PIA recruitment policy, merit-based hiring, employee induction, age relaxation, upper age limit relaxation, age waiver, 3 years, 20-04-2010, a.o.15/2010, much compassionate age relaxation, up to 3 years, a.o.15/2010 dated 20-04-2010"
Recruitment Policy,Where must a candidate apply for compassionate age relaxation?,"To the Recruitment & Placement Section against the advertised position, with supporting documents and justification.",A.O.15/2010 dated 20-04-2010,"PIA, PIACL, chapter 28, recruitment / induction, clause 28.01.06, recruitment policy, compassionate age relaxation, PIA recruitment policy, merit-based hiring, employee induction, age relaxation, upper age limit relaxation, age waiver, 20-04-2010, a.o.15/2010, recruitment placement section, supporting documents, justification, a.o.15/2010 dated 20-04-2010"
Recruitment Policy,How is an age-relaxation request forwarded to the Establishment Division?,Recruitment & Placement sends it with specific recommendations after CEO clearance through the Chief HR Officer.,A.O.15/2010 dated 20-04-2010,"PIA, PIACL, chapter 28, recruitment / induction, clause 28.01.06, recruitment policy, compassionate age relaxation, PIA recruitment policy, merit-based hiring, employee induction, age relaxation, upper age limit relaxation, age waiver, 20-04-2010, CEO, HR, a.o.15/2010, age-relaxation request forwarded, establishment division, recruitment placement sends, recommendations, CEO clearance, chief HR officer, a.o.15/2010 dated 20-04-2010"
Recruitment Policy,How should compassionate age-relaxation requests be processed?,They should be scrutinized and processed on priority according to the laid-down procedure.,A.O.15/2010 dated 20-04-2010,"PIA, PIACL, chapter 28, recruitment / induction, clause 28.01.06, recruitment policy, compassionate age relaxation, PIA recruitment policy, merit-based hiring, employee induction, age relaxation, upper age limit relaxation, age waiver, 20-04-2010, a.o.15/2010, compassionate age-relaxation requests, scrutinized, priority, laid-down, a.o.15/2010 dated 20-04-2010"
Recruitment Policy,Who obtains the final orders on each compassionate age-relaxation case?,"The Establishment Division obtains orders of the Prime Minister or President, and R&P conveys the decision to the applicant.",A.O.15/2010 dated 20-04-2010,"PIA, PIACL, chapter 28, recruitment / induction, clause 28.01.06, recruitment policy, compassionate age relaxation, PIA recruitment policy, merit-based hiring, employee induction, age relaxation, upper age limit relaxation, age waiver, 20-04-2010, a.o.15/2010, final orders, each compassionate age-relaxation case, establishment division, orders, prime minister, president, r&p conveys, decision, applicant, a.o.15/2010 dated 20-04-2010"
Recruitment Policy,Is a Company Medical Officer's fitness certificate required before appointment?,"Yes, no person may be appointed without it.",Establishment Division Office Memorandum dated 04-06-1999,"PIA, PIACL, chapter 28, recruitment / induction, clause 28.01.07, recruitment policy, medical fitness, PIA recruitment policy, merit-based hiring, employee induction, fitness certificate, medical examination, medical officer, MBBS doctor, PMDC registration, 04-06-1999, medical officer fitness certificate, yes, no person may be appointed without it, establishment division office memorandum dated 04-06-1999"
Recruitment Policy,What is the medical-certificate rule for disabled-person employment?,The Company Medical Officer must verify the Disability Certificate issued by the relevant authority.,Disabled Persons Employment and Rehabilitation Ordinance 1981,"PIA, PIACL, chapter 28, recruitment / induction, clause 28.01.07, recruitment policy, medical fitness, PIA recruitment policy, merit-based hiring, employee induction, fitness certificate, medical examination, medical officer, MBBS doctor, PMDC registration, medical-certificate rule, disabled-person employment, verify, disability certificate, relevant authority, disabled persons employment and rehabilitation ordinance 1981"
Recruitment Policy,Against what jobs may disabled persons be appointed?,Only jobs for which their disability is not considered a disqualification.,Disabled Persons Employment and Rehabilitation Ordinance 1981,"PIA, PIACL, chapter 28, recruitment / induction, clause 28.01.07, recruitment policy, medical fitness, PIA recruitment policy, merit-based hiring, employee induction, fitness certificate, medical examination, jobs, disabled, only jobs, disability, not, disqualification, disabled persons employment and rehabilitation ordinance 1981"
Recruitment Policy,What character verification is required for all appointments?,A clearance report regarding character and antecedents from the Police Department.,,"PIA, PIACL, chapter 28, recruitment / induction, clause 28.01.08, recruitment policy, police clearance, PIA recruitment policy, merit-based hiring, employee induction, character verification, antecedent check, all appointments, clearance report regarding character, antecedents, police department"
Recruitment Policy,On whose recommendation are appointments normally made?,On the recommendation of a Selection Board constituted by the competent authority.,PIAC Employees (S&D) Regulations,"PIA, PIACL, chapter 28, recruitment / induction, clause 28.01.09, recruitment policy, selection authority, PIA recruitment policy, merit-based hiring, employee induction, selection board, interview panel, assessment board, recommendation, appointments, selection board constituted, competent authority, piac employees (s, d) regulations"
Recruitment Policy,Can the competent authority appoint without a Selection Board recommendation?,Only if it decides otherwise and records the reasons in writing.,PIAC Employees (S&D) Regulations,"PIA, PIACL, chapter 28, recruitment / induction, clause 28.01.09, recruitment policy, selection authority, PIA recruitment policy, merit-based hiring, employee induction, selection board, interview panel, assessment board, competent authority appoint, selection board recommendation, otherwise, records, reasons, writing, piac employees (s, d) regulations"
Recruitment Policy,On what basis must all PIACL recruitment be made?,"Purely on merit and in accordance with laid-down rules, regulations and procedures.",Establishment Division Office Memorandum dated 04-06-1999,"PIA, PIACL, chapter 28, recruitment / induction, clause 28.01.10, recruitment policy, merit and weightage, PIA recruitment policy, merit-based hiring, employee induction, merit list, merit-based selection, selection ranking, 04-06-1999, all PIACL recruitment, purely, merit, accordance, laid-down, establishment division office memorandum dated 04-06-1999"
Recruitment Policy,Which selection scores are evaluated for recruitment?,"Written-test scores, where required, and interview scores.",Establishment Division Office Memorandum dated 04-06-1999,"PIA, PIACL, chapter 28, recruitment / induction, clause 28.01.10, recruitment policy, merit and weightage, PIA recruitment policy, merit-based hiring, employee induction, interview, interview marks, candidate assessment, merit list, merit-based selection, selection ranking, 04-06-1999, selection scores, written-test scores, interview scores, written-test scores, where required, and interview scores, establishment division office memorandum dated 04-06-1999"
Recruitment Policy,What is the test and interview weightage when both are used?,Written test 60% and interview 40%.,Establishment Division Office Memorandum dated 04-06-1999,"PIA, PIACL, chapter 28, recruitment / induction, clause 28.01.10, recruitment policy, merit and weightage, PIA recruitment policy, merit-based hiring, employee induction, written test, selection test, test score, interview, interview marks, candidate assessment, merit list, merit-based selection, selection ranking, 60%, 60 percent, 40%, 40 percent, 04-06-1999, test, interview weightage, both, written test 60%, interview 40%, written test 60% and interview 40%, establishment division office memorandum dated 04-06-1999"
Recruitment Policy,Through which media must vacancies be advertised?,"National, provincial and regional newspapers, and electronic media.",Establishment Division Office Memorandum dated 02-01-1992,"PIA, PIACL, chapter 28, recruitment / induction, clause 28.01.11, recruitment policy, advertising and applications, PIA recruitment policy, merit-based hiring, employee induction, rs, 02-01-1992, media, national, provincial, regional newspapers, electronic media, national, provincial and regional newspapers, and electronic media, establishment division office memorandum dated 02-01-1992"
Recruitment Policy,Are unsolicited or incomplete applications entertained?,No.,Establishment Division Office Memorandum dated 02-01-1992,"PIA, PIACL, chapter 28, recruitment / induction, clause 28.01.11, recruitment policy, advertising and applications, PIA recruitment policy, merit-based hiring, employee induction, 02-01-1992, unsolicited, incomplete applications entertained, establishment division office memorandum dated 02-01-1992"
Recruitment Policy,What percentage of direct-recruitment vacancies is reserved for merit?,7.5%.,HO:ADMIN/035/P&P dated 04-04-2007; Establishment Division O.M. dated 18-03-2020,"PIA, PIACL, chapter 28, recruitment / induction, clause 28.01.12, recruitment policy, provincial, regional and special quotas, PIA recruitment policy, merit-based hiring, employee induction, merit list, merit-based selection, selection ranking, 7.5%, 7.5 percent, 04-04-2007, 18-03-2020, direct-recruitment vacancies, reserved, merit, 7, 5%, ho:admin/035/p, p dated 04-04-2007, establishment division o.m. dated 18-03-2020"
Recruitment Policy,What percentage is allocated to Punjab?,50%.,HO:ADMIN/035/P&P dated 04-04-2007; Establishment Division O.M. dated 18-03-2020,"PIA, PIACL, chapter 28, recruitment / induction, clause 28.01.12, recruitment policy, provincial, regional and special quotas, PIA recruitment policy, merit-based hiring, employee induction, 50%, 50 percent, 04-04-2007, 18-03-2020, allocated, punjab, ho:admin/035/p, p dated 04-04-2007, establishment division o.m. dated 18-03-2020"
Recruitment Policy,What percentage is allocated to Sindh Urban?,7.6%.,HO:ADMIN/035/P&P dated 04-04-2007; Establishment Division O.M. dated 18-03-2020,"PIA, PIACL, chapter 28, recruitment / induction, clause 28.01.12, recruitment policy, provincial, regional and special quotas, PIA recruitment policy, merit-based hiring, employee induction, 7.6%, 7.6 percent, 04-04-2007, 18-03-2020, allocated, sindh urban, 7, 6%, ho:admin/035/p, p dated 04-04-2007, establishment division o.m. dated 18-03-2020"
Recruitment Policy,What percentage is allocated to Sindh Rural?,11.40%.,HO:ADMIN/035/P&P dated 04-04-2007; Establishment Division O.M. dated 18-03-2020,"PIA, PIACL, chapter 28, recruitment / induction, clause 28.01.12, recruitment policy, provincial, regional and special quotas, PIA recruitment policy, merit-based hiring, employee induction, 11.40%, 11.40 percent, 04-04-2007, 18-03-2020, allocated, sindh rural, 11, 40%, ho:admin/035/p, p dated 04-04-2007, establishment division o.m. dated 18-03-2020"
Recruitment Policy,What percentage is allocated to Khyber Pakhtunkhwa?,11.50%.,HO:ADMIN/035/P&P dated 04-04-2007; Establishment Division O.M. dated 18-03-2020,"PIA, PIACL, chapter 28, recruitment / induction, clause 28.01.12, recruitment policy, provincial, regional and special quotas, PIA recruitment policy, merit-based hiring, employee induction, 11.50%, 11.50 percent, 04-04-2007, 18-03-2020, allocated, khyber pakhtunkhwa, 11, 50%, ho:admin/035/p, p dated 04-04-2007, establishment division o.m. dated 18-03-2020"
Recruitment Policy,What percentage is allocated to Balochistan?,6%.,HO:ADMIN/035/P&P dated 04-04-2007; Establishment Division O.M. dated 18-03-2020,"PIA, PIACL, chapter 28, recruitment / induction, clause 28.01.12, recruitment policy, provincial, regional and special quotas, PIA recruitment policy, merit-based hiring, employee induction, 6%, 6 percent, 04-04-2007, 18-03-2020, allocated, balochistan, ho:admin/035/p, p dated 04-04-2007, establishment division o.m. dated 18-03-2020"
Recruitment Policy,What percentage is allocated to the newly merged districts of Khyber Pakhtunkhwa?,3%.,HO:ADMIN/035/P&P dated 04-04-2007; Establishment Division O.M. dated 18-03-2020,"PIA, PIACL, chapter 28, recruitment / induction, clause 28.01.12, recruitment policy, provincial, regional and special quotas, PIA recruitment policy, merit-based hiring, employee induction, 3%, 3 percent, 04-04-2007, 18-03-2020, allocated, newly merged districts, khyber pakhtunkhwa, ho:admin/035/p, p dated 04-04-2007, establishment division o.m. dated 18-03-2020"
Recruitment Policy,What percentage is allocated to Gilgit-Baltistan?,1%.,HO:ADMIN/035/P&P dated 04-04-2007; Establishment Division O.M. dated 18-03-2020,"PIA, PIACL, chapter 28, recruitment / induction, clause 28.01.12, recruitment policy, provincial, regional and special quotas, PIA recruitment policy, merit-based hiring, employee induction, 1%, 1 percent, 04-04-2007, 18-03-2020, allocated, gilgit-baltistan, ho:admin/035/p, p dated 04-04-2007, establishment division o.m. dated 18-03-2020"
Recruitment Policy,What percentage is allocated to Azad Kashmir?,2%.,HO:ADMIN/035/P&P dated 04-04-2007; Establishment Division O.M. dated 18-03-2020,"PIA, PIACL, chapter 28, recruitment / induction, clause 28.01.12, recruitment policy, provincial, regional and special quotas, PIA recruitment policy, merit-based hiring, employee induction, 2%, 2 percent, 04-04-2007, 18-03-2020, allocated, azad kashmir, ho:admin/035/p, p dated 04-04-2007, establishment division o.m. dated 18-03-2020"
Recruitment Policy,What quota is prescribed for women?,10%.,HO:ADMIN/035/P&P dated 04-04-2007; Establishment Division O.M. dated 18-03-2020,"PIA, PIACL, chapter 28, recruitment / induction, clause 28.01.12, recruitment policy, provincial, regional and special quotas, PIA recruitment policy, merit-based hiring, employee induction, recruitment quota, provincial quota, regional quota, 10%, 10 percent, 04-04-2007, 18-03-2020, quota, prescribed, women, ho:admin/035/p, p dated 04-04-2007, establishment division o.m. dated 18-03-2020"
Recruitment Policy,What quota is prescribed for minorities?,5%.,HO:ADMIN/035/P&P dated 04-04-2007; Establishment Division O.M. dated 18-03-2020,"PIA, PIACL, chapter 28, recruitment / induction, clause 28.01.12, recruitment policy, provincial, regional and special quotas, PIA recruitment policy, merit-based hiring, employee induction, recruitment quota, provincial quota, regional quota, 5%, 5 percent, 04-04-2007, 18-03-2020, quota, prescribed, minorities, ho:admin/035/p, p dated 04-04-2007, establishment division o.m. dated 18-03-2020"
Recruitment Policy,What quota is prescribed for disabled persons?,2%.,HO:ADMIN/035/P&P dated 04-04-2007; Establishment Division O.M. dated 18-03-2020,"PIA, PIACL, chapter 28, recruitment / induction, clause 28.01.12, recruitment policy, provincial, regional and special quotas, PIA recruitment policy, merit-based hiring, employee induction, recruitment quota, provincial quota, regional quota, 2%, 2 percent, 04-04-2007, 18-03-2020, quota, prescribed, disabled, ho:admin/035/p, p dated 04-04-2007, establishment division o.m. dated 18-03-2020"
Recruitment Policy,What happens if a provincial or regional quota cannot be filled?,It is carried forward until suitable candidates from the concerned province or region are available.,HO:ADMIN/035/P&P dated 04-04-2007; Establishment Division O.M. dated 18-03-2020,"PIA, PIACL, chapter 28, recruitment / induction, clause 28.01.12, recruitment policy, provincial, regional and special quotas, PIA recruitment policy, merit-based hiring, employee induction, recruitment quota, provincial quota, regional quota, 04-04-2007, 18-03-2020, provincial, regional quota cannot, filled, carried forward until, province, region, ho:admin/035/p, p dated 04-04-2007, establishment division o.m. dated 18-03-2020"
Recruitment Policy,Is substitute recruitment allowed against an unfilled provincial or regional quota?,No.,HO:ADMIN/035/P&P dated 04-04-2007; Establishment Division O.M. dated 18-03-2020,"PIA, PIACL, chapter 28, recruitment / induction, clause 28.01.12, recruitment policy, provincial, regional and special quotas, PIA recruitment policy, merit-based hiring, employee induction, recruitment quota, provincial quota, regional quota, 04-04-2007, 18-03-2020, substitute recruitment, unfilled provincial, ho:admin/035/p, p dated 04-04-2007, establishment division o.m. dated 18-03-2020"
Recruitment Policy,What did the Board direct regarding future compliance with recruitment policy?,"The recruitment policy, as amended from time to time, must be strictly followed.",,"PIA, PIACL, chapter 28, recruitment / induction, clause 28.01.13, recruitment policy, policy deviation, PIA recruitment policy, merit-based hiring, employee induction, board direct regarding future compliance, amended, time, strictly followed"
Recruitment Policy,How may an unavoidable deviation from recruitment policy be processed?,It must be recommended by the Board's HR Committee and placed before the Board; recruitment may proceed after Board clearance.,,"PIA, PIACL, chapter 28, recruitment / induction, clause 28.01.13, recruitment policy, policy deviation, PIA recruitment policy, merit-based hiring, employee induction, HR, unavoidable deviation, recommended, board HR committee, proceed, board clearance"
Recruitment Policy,Who may be considered for Cabin Crew induction?,"Young, energetic, unmarried females and males with pleasant personalities, subject to the selection criteria.",A.O.8/1990; 37th ELT Meeting 07-09-2006; 13th ELT Meeting 02-12-2005,"PIA, PIACL, chapter 28, recruitment / induction, clause 28.01.14, recruitment policy, cabin crew induction, PIA recruitment policy, merit-based hiring, employee induction, cabin crew, airhostess, flight attendant, 07-09-2006, 02-12-2005, a.o.8/1990, young, energetic, unmarried females, males, pleasant personalities, selection criteria, 37th elt meeting 07-09-2006, 13th elt meeting 02-12-2005"
Recruitment Policy,What is the maximum age limit for Cabin Crew employment?,"25 years, or as decided by Management.",A.O.8/1990; 37th ELT Meeting 07-09-2006; 13th ELT Meeting 02-12-2005,"PIA, PIACL, chapter 28, recruitment / induction, clause 28.01.14, recruitment policy, cabin crew induction, PIA recruitment policy, merit-based hiring, employee induction, age limit, upper age limit, recruitment age, cabin crew, airhostess, flight attendant, rs, 25 years, 07-09-2006, 02-12-2005, a.o.8/1990, maximum age limit, cabin crew employment, management, 25 years, or as decided by management, 37th elt meeting 07-09-2006, 13th elt meeting 02-12-2005"
Recruitment Policy,What is the minimum educational qualification for Cabin Crew?,Graduation.,A.O.8/1990; 37th ELT Meeting 07-09-2006; 13th ELT Meeting 02-12-2005,"PIA, PIACL, chapter 28, recruitment / induction, clause 28.01.14, recruitment policy, cabin crew induction, PIA recruitment policy, merit-based hiring, employee induction, cabin crew, airhostess, flight attendant, 07-09-2006, 02-12-2005, a.o.8/1990, minimum educational qualification, graduation, 37th elt meeting 07-09-2006, 13th elt meeting 02-12-2005"
Recruitment Policy,What is the initial employment period for Cabin Crew?,"A two-year contract, renewable at Management's discretion.",A.O.8/1990; 37th ELT Meeting 07-09-2006; 13th ELT Meeting 02-12-2005,"PIA, PIACL, chapter 28, recruitment / induction, clause 28.01.14, recruitment policy, cabin crew induction, PIA recruitment policy, merit-based hiring, employee induction, cabin crew, airhostess, flight attendant, 07-09-2006, 02-12-2005, a.o.8/1990, employment period, two-year contract, renewable, management discretion, a two-year contract, renewable at management's discretion, 37th elt meeting 07-09-2006, 13th elt meeting 02-12-2005"
Recruitment Policy,What initial assessment is conducted for eligible Cabin Crew candidates?,A Grooming Test / Preliminary Interview.,A.O.8/1990; 37th ELT Meeting 07-09-2006; 13th ELT Meeting 02-12-2005,"PIA, PIACL, chapter 28, recruitment / induction, clause 28.01.14, recruitment policy, cabin crew induction, PIA recruitment policy, merit-based hiring, employee induction, interview, interview marks, candidate assessment, cabin crew, airhostess, flight attendant, 07-09-2006, 02-12-2005, a.o.8/1990, assessment, grooming test preliminary interview, a grooming test / preliminary interview, 37th elt meeting 07-09-2006, 13th elt meeting 02-12-2005"
Recruitment Policy,What happens after a Cabin Crew candidate clears the initial steps?,The candidate appears for a final interview before the Selection Board.,A.O.8/1990; 37th ELT Meeting 07-09-2006; 13th ELT Meeting 02-12-2005,"PIA, PIACL, chapter 28, recruitment / induction, clause 28.01.14, recruitment policy, cabin crew induction, PIA recruitment policy, merit-based hiring, employee induction, selection board, interview panel, assessment board, interview, interview marks, candidate assessment, cabin crew, airhostess, flight attendant, 07-09-2006, 02-12-2005, a.o.8/1990, clears, steps, appears, final interview, 37th elt meeting 07-09-2006, 13th elt meeting 02-12-2005"
Recruitment Policy,What monthly stipend is paid to a Trainee Airhostess who uses boarding and lodging facilities?,"Rs.3,000 per month.",A.O.8/1990; 37th ELT Meeting 07-09-2006; 13th ELT Meeting 02-12-2005,"PIA, PIACL, chapter 28, recruitment / induction, clause 28.01.14, recruitment policy, cabin crew induction, PIA recruitment policy, merit-based hiring, employee induction, cabin crew, airhostess, flight attendant, rs.3,000, 3000 rupees, 07-09-2006, 02-12-2005, a.o.8/1990, monthly stipend, paid, trainee airhostess, boarding, lodging facilities, rs, 3, 000 per month, rs.3,000 per month, 37th elt meeting 07-09-2006, 13th elt meeting 02-12-2005"
Recruitment Policy,What monthly stipend is paid to a Trainee Airhostess without boarding and lodging facilities?,"Rs.5,000 per month.",A.O.8/1990; 37th ELT Meeting 07-09-2006; 13th ELT Meeting 02-12-2005,"PIA, PIACL, chapter 28, recruitment / induction, clause 28.01.14, recruitment policy, cabin crew induction, PIA recruitment policy, merit-based hiring, employee induction, cabin crew, airhostess, flight attendant, rs.5,000, 5000 rupees, 07-09-2006, 02-12-2005, a.o.8/1990, monthly stipend, paid, trainee airhostess, boarding, lodging facilities, rs, 5, 000 per month, rs.5,000 per month, 37th elt meeting 07-09-2006, 13th elt meeting 02-12-2005"
Recruitment Policy,Who may be recruited in Security Services?,Ex-Defence or ex-Police personnel with an exemplary service record.,PP.098/83/2778 dated 31-10-1983; 52nd ELT Meeting 02-05-2007,"PIA, PIACL, chapter 28, recruitment / induction, clause 28.01.15, recruitment policy, security recruitment, PIA recruitment policy, merit-based hiring, employee induction, police clearance, character verification, antecedent check, 31-10-1983, 02-05-2007, recruited, security, ex-defence, ex-police personnel, exemplary, record, ex-defence or ex-police personnel with an exemplary service record, pp.098/83/2778 dated 31-10-1983, 52nd elt meeting 02-05-2007"
Recruitment Policy,What is the age limit for Security Services recruitment?,50 years.,PP.098/83/2778 dated 31-10-1983; 52nd ELT Meeting 02-05-2007,"PIA, PIACL, chapter 28, recruitment / induction, clause 28.01.15, recruitment policy, security recruitment, PIA recruitment policy, merit-based hiring, employee induction, age limit, upper age limit, recruitment age, 50 years, 31-10-1983, 02-05-2007, security, pp.098/83/2778 dated 31-10-1983, 52nd elt meeting 02-05-2007"
Recruitment Policy,How should Security Guards be hired?,Through a suitable Security Agency on a services-hired basis.,PP.098/83/2778 dated 31-10-1983; 52nd ELT Meeting 02-05-2007,"PIA, PIACL, chapter 28, recruitment / induction, clause 28.01.15, recruitment policy, security recruitment, PIA recruitment policy, merit-based hiring, employee induction, 31-10-1983, 02-05-2007, security guards, security agency, services-hired, through a suitable security agency on a services-hired basis, pp.098/83/2778 dated 31-10-1983, 52nd elt meeting 02-05-2007"
Recruitment Policy,"What is the normal contract period for technical or professional consultants, advisors and specialists?","One year, extendable subject to satisfactory performance.",47th ELT Meeting dated 01-02-2007,"PIA, PIACL, chapter 28, recruitment / induction, clause 28.01.16, recruitment policy, specialized contracts, PIA recruitment policy, merit-based hiring, employee induction, 01-02-2007, one year, 1 year, normal contract period, technical, professional consultants, advisors, specialists, extendable, performance, one year, extendable subject to satisfactory performance, 47th elt meeting dated 01-02-2007"
Recruitment Policy,Which persons may be engaged under the specialized one-year contract provision?,"Technical and professional consultants or advisors, persons with specialized skills or experience, and retired or superannuated employees including pilots.",47th ELT Meeting dated 01-02-2007,"PIA, PIACL, chapter 28, recruitment / induction, clause 28.01.16, recruitment policy, specialized contracts, PIA recruitment policy, merit-based hiring, employee induction, rs, 01-02-2007, engaged, specialized one-year contract provision, technical, professional consultants, advisors, specialized skills, experience, superannuated, including pilots, 47th elt meeting dated 01-02-2007"
Recruitment Policy,Who determines the terms and conditions of specialized contract engagement?,The competent authority.,47th ELT Meeting dated 01-02-2007,"PIA, PIACL, chapter 28, recruitment / induction, clause 28.01.16, recruitment policy, specialized contracts, PIA recruitment policy, merit-based hiring, employee induction, 01-02-2007, specialized contract engagement, competent authority, the competent authority, 47th elt meeting dated 01-02-2007"
Recruitment Policy,What information must be submitted to the Board at the end of each quarter?,"A list of all persons employed under the clause during the quarter, including the terms and conditions of each appointment.",47th ELT Meeting dated 01-02-2007,"PIA, PIACL, chapter 28, recruitment / induction, clause 28.01.16, recruitment policy, specialized contracts, PIA recruitment policy, merit-based hiring, employee induction, 01-02-2007, end, each quarter, list, all, clause, quarter, each appointment, 47th elt meeting dated 01-02-2007"
Recruitment Policy,Who may normally apply for vacant PIACL positions?,Pakistani nationals only.,,"PIA, PIACL, chapter 28, recruitment / induction, clause 28.01.17, recruitment policy, nationality, PIA recruitment policy, merit-based hiring, employee induction, vacant PIACL, pakistani nationals only"
Recruitment Policy,Can a foreign national be appointed?,"Yes, in special circumstances with prior competent-authority approval, on terms, conditions and duration determined by that authority.",,"PIA, PIACL, chapter 28, recruitment / induction, clause 28.01.17, recruitment policy, nationality, PIA recruitment policy, merit-based hiring, employee induction, foreign national, special circumstances, prior competent-authority approval, duration, authority"
Recruitment Policy,Where may a PIA employee be required to serve?,Anywhere within or outside Pakistan.,,"PIA, PIACL, chapter 28, recruitment / induction, clause 28.01.18, recruitment policy, service liability, PIA recruitment policy, merit-based hiring, employee induction, serve, anywhere, pakistan, anywhere within or outside pakistan"
Recruitment Policy,In what type of post may an employee be required to serve?,Any post in the service of the Company.,,"PIA, PIACL, chapter 28, recruitment / induction, clause 28.01.18, recruitment policy, service liability, PIA recruitment policy, merit-based hiring, employee induction, type, serve, any, any post in the service of the company"
Recruitment Policy,May an employee be required to perform duties in the air or on the ground?,Yes.,,"PIA, PIACL, chapter 28, recruitment / induction, clause 28.01.18, recruitment policy, service liability, PIA recruitment policy, merit-based hiring, employee induction, perform duties, air, ground"
Recruitment Policy,What declaration must an employee sign regarding service liability?,"A declaration in the form and manner prescribed by the competent authority, confirming liability to serve and obey lawful orders.",,"PIA, PIACL, chapter 28, recruitment / induction, clause 28.01.18, recruitment policy, service liability, PIA recruitment policy, merit-based hiring, employee induction, declaration, sign regarding, liability, form, manner prescribed, competent authority, confirming liability, serve, obey lawful orders"
Recruitment Policy,"Who may prescribe the educational, technical and experience requirements for a post?",The competent authority.,,"PIA, PIACL, chapter 28, recruitment / induction, clause 28.01.19, recruitment policy, job specifications, PIA recruitment policy, merit-based hiring, employee induction, prescribe, technical, experience, competent authority, the competent authority"
Recruitment Policy,Which job specifications may the competent authority relax in a particular case?,"Age, experience, height or weight, if expedient in the Company's interest and reasons are recorded.",,"PIA, PIACL, chapter 28, recruitment / induction, clause 28.01.19, recruitment policy, job specifications, PIA recruitment policy, merit-based hiring, employee induction, competent authority relax, particular case, age, experience, height, weight, expedient, interest, reasons, recorded"
Recruitment Policy,Which documents are accepted as proof of date of birth?,A matriculation certificate or a valid birth certificate.,,"PIA, PIACL, chapter 28, recruitment / induction, clause 28.01.20, recruitment policy, date of birth, PIA recruitment policy, merit-based hiring, employee induction, documents, accepted, proof, date, birth, matriculation certificate, valid birth certificate, a matriculation certificate or a valid birth certificate"
Recruitment Policy,Can the accepted date of birth be changed later during service?,No.,,"PIA, PIACL, chapter 28, recruitment / induction, clause 28.01.20, recruitment policy, date of birth, PIA recruitment policy, merit-based hiring, employee induction, accepted date, birth, changed later"
Recruitment Policy,What date is used when only the year and month of birth are declared?,The 16th day of that month.,O.O.17/1983 dated 16-07-1983,"PIA, PIACL, chapter 28, recruitment / induction, clause 28.01.21, recruitment policy, date of birth, PIA recruitment policy, merit-based hiring, employee induction, 16-07-1983, o.o.17/1983, date, birth, declared, 16 th day, the 16th day of that month, o.o.17/1983 dated 16-07-1983"
Recruitment Policy,How is date of birth determined when only approximate age is stated?,"The year of birth is calculated by deducting the stated age from the appointment date, and the date and month are taken as 1 July.",,"PIA, PIACL, chapter 28, recruitment / induction, clause 28.01.22, recruitment policy, date of birth, PIA recruitment policy, merit-based hiring, employee induction, date, birth, only approximate age, stated, calculated, deducting, stated age, appointment date, taken, 1 july"
Recruitment Policy,What domicile information must a new employee provide?,A written declaration of domicile supported by a valid domicile certificate issued by the competent authority.,PIAC Employees (S&D) Regulations,"PIA, PIACL, chapter 28, recruitment / induction, clause 28.01.23, recruitment policy, domicile, PIA recruitment policy, merit-based hiring, employee induction, domicile certificate, provincial domicile, new, written declaration, domicile supported, valid domicile certificate, competent authority, piac employees (s, d) regulations"
Recruitment Policy,Why is domicile declaration required on appointment?,"Because PIACL, as a State-Owned Entity, must follow regional and provincial quotas.",PIAC Employees (S&D) Regulations,"PIA, PIACL, chapter 28, recruitment / induction, clause 28.01.23, recruitment policy, domicile, PIA recruitment policy, merit-based hiring, employee induction, domicile certificate, provincial domicile, domicile declaration, because PIACL, state-owned entity, follow regional, provincial quotas, piac employees (s, d) regulations"
Recruitment Policy,What security condition applies to appointment and retention?,Security clearance prescribed by the Company or directed by the Federal Government.,,"PIA, PIACL, chapter 28, recruitment / induction, clause 28.01.24, recruitment policy, appointment and retention checks, PIA recruitment policy, merit-based hiring, employee induction, security clearance, background verification, security condition, retention, security clearance prescribed, directed, federal government"
Recruitment Policy,Which educational check applies to appointment and retention?,Verification of educational documents.,,"PIA, PIACL, chapter 28, recruitment / induction, clause 28.01.24, recruitment policy, appointment and retention checks, PIA recruitment policy, merit-based hiring, employee induction, educational check, retention, verification, educational documents, verification of educational documents"
Recruitment Policy,Which domicile check applies to appointment and retention?,Verification of the domicile certificate.,,"PIA, PIACL, chapter 28, recruitment / induction, clause 28.01.24, recruitment policy, appointment and retention checks, PIA recruitment policy, merit-based hiring, employee induction, domicile certificate, provincial domicile, domicile check, retention, verification, verification of the domicile certificate"
Recruitment Policy,Which office must process security clearance during probation?,"The Recruitment & Placement Section, as focal office.",,"PIA, PIACL, chapter 28, recruitment / induction, clause 28.01.24, recruitment policy, appointment and retention checks, PIA recruitment policy, merit-based hiring, employee induction, security clearance, background verification, office, probation, recruitment placement section, focal office, the recruitment & placement section, as focal office"
Recruitment Policy,Must ex-service personnel appointed in PIA provide a separate domicile certificate?,No.,A.O.4/1980 dated 24-01-1984,"PIA, PIACL, chapter 28, recruitment / induction, clause 28.01.25, recruitment policy, ex-service domicile, PIA recruitment policy, merit-based hiring, employee induction, domicile certificate, provincial domicile, 24-01-1984, a.o.4/1980, ex-service personnel appointed, PIA provide, separate domicile certificate, a.o.4/1980 dated 24-01-1984"
Recruitment Policy,What is accepted as domicile proof for ex-service personnel?,The domicile information recorded by Armed Forces authorities in the discharge certificate.,A.O.4/1980 dated 24-01-1984,"PIA, PIACL, chapter 28, recruitment / induction, clause 28.01.25, recruitment policy, ex-service domicile, PIA recruitment policy, merit-based hiring, employee induction, domicile certificate, provincial domicile, 24-01-1984, a.o.4/1980, accepted, domicile proof, ex-service personnel, domicile, recorded, armed forces authorities, discharge certificate, a.o.4/1980 dated 24-01-1984"
Recruitment Policy,How many passport-size photographs must a new employee submit?,Two latest passport-size photographs.,,"PIA, PIACL, chapter 28, recruitment / induction, clause 28.01.26, recruitment policy, employee photographs, PIA recruitment policy, merit-based hiring, employee induction, many passport-size photographs, new, two latest passport-size photographs"
Recruitment Policy,Where is an employee's photograph placed?,In the employee's Service Record.,,"PIA, PIACL, chapter 28, recruitment / induction, clause 28.01.26, recruitment policy, employee photographs, PIA recruitment policy, merit-based hiring, employee induction, photograph placed, record, in the employee's service record"
Recruitment Policy,By when must Recruitment & Placement obtain the new entrant's photographs?,Before issuing the appointment letter.,,"PIA, PIACL, chapter 28, recruitment / induction, clause 28.01.26, recruitment policy, employee photographs, PIA recruitment policy, merit-based hiring, employee induction, recruitment placement, new entrant photographs, appointment letter, before issuing the appointment letter"
Employment of Dependents,"How many children of a serving, retired or deceased employee may apply under the dependent policy?",Only one son or daughter.,A.O.30/2009 dated 11-06-2009; A.O.23/2015 dated 21-10-2015,"PIA, PIACL, chapter 28, recruitment / induction, clause 28.02.02, employment of dependents, employee dependent policy, dependent employment, family quota, dependent child, employee dependent, family employment, 11-06-2009, 21-10-2015, a.o.30/2009, a.o.23/2015, many children, only one son, daughter, only one son or daughter, a.o.30/2009 dated 11-06-2009, a.o.23/2015 dated 21-10-2015"
Employment of Dependents,What marital and employment status must the eligible dependent have?,The son or daughter must be unmarried and unemployed.,A.O.30/2009 dated 11-06-2009; A.O.23/2015 dated 21-10-2015,"PIA, PIACL, chapter 28, recruitment / induction, clause 28.02.02, employment of dependents, employee dependent policy, dependent employment, family quota, dependent child, employee dependent, family employment, 11-06-2009, 21-10-2015, a.o.30/2009, a.o.23/2015, marital, employment status, son, daughter, unmarried, unemployed, the son or daughter must be unmarried and unemployed, a.o.30/2009 dated 11-06-2009, a.o.23/2015 dated 21-10-2015"
Employment of Dependents,Must an employee's dependent meet the job specifications?,Yes.,A.O.30/2009 dated 11-06-2009; A.O.23/2015 dated 21-10-2015,"PIA, PIACL, chapter 28, recruitment / induction, clause 28.02.02, employment of dependents, employee dependent policy, dependent employment, family quota, dependent child, employee dependent, family employment, 11-06-2009, 21-10-2015, a.o.30/2009, a.o.23/2015, dependent meet, job specifications, a.o.30/2009 dated 11-06-2009, a.o.23/2015 dated 21-10-2015"
Employment of Dependents,What dependent quota is allocated for officer positions?,5%.,A.O.30/2009 dated 11-06-2009; A.O.23/2015 dated 21-10-2015,"PIA, PIACL, chapter 28, recruitment / induction, clause 28.02.03, employment of dependents, quota, employee dependent policy, dependent employment, family quota, recruitment quota, provincial quota, regional quota, dependent child, employee dependent, family employment, 5%, 5 percent, 11-06-2009, 21-10-2015, a.o.30/2009, a.o.23/2015, dependent quota, allocated, a.o.30/2009 dated 11-06-2009, a.o.23/2015 dated 21-10-2015"
Employment of Dependents,What dependent quota is allocated for staff positions?,10%.,A.O.30/2009 dated 11-06-2009; A.O.23/2015 dated 21-10-2015,"PIA, PIACL, chapter 28, recruitment / induction, clause 28.02.03, employment of dependents, quota, employee dependent policy, dependent employment, family quota, recruitment quota, provincial quota, regional quota, dependent child, employee dependent, family employment, 10%, 10 percent, 11-06-2009, 21-10-2015, a.o.30/2009, a.o.23/2015, dependent quota, allocated, staff, a.o.30/2009 dated 11-06-2009, a.o.23/2015 dated 21-10-2015"
Employment of Dependents,Does the dependent quota apply to apprenticeship?,"Yes, it applies to external induction including apprenticeship.",A.O.30/2009 dated 11-06-2009; A.O.23/2015 dated 21-10-2015,"PIA, PIACL, chapter 28, recruitment / induction, clause 28.02.03, employment of dependents, quota, employee dependent policy, dependent employment, family quota, recruitment quota, provincial quota, regional quota, dependent child, employee dependent, family employment, 11-06-2009, 21-10-2015, a.o.30/2009, a.o.23/2015, dependent quota, apprenticeship, external induction including apprenticeship, yes, it applies to external induction including apprenticeship, a.o.30/2009 dated 11-06-2009, a.o.23/2015 dated 21-10-2015"
Employment of Dependents,How is the dependent quota treated within regional and provincial quotas?,"Dependents remain within the specified quota of their respective region, province or merit category.",A.O.30/2009 dated 11-06-2009; A.O.23/2015 dated 21-10-2015,"PIA, PIACL, chapter 28, recruitment / induction, clause 28.02.03, employment of dependents, quota, employee dependent policy, dependent employment, family quota, recruitment quota, provincial quota, regional quota, merit list, merit-based selection, selection ranking, dependent child, employee dependent, family employment, 11-06-2009, 21-10-2015, a.o.30/2009, a.o.23/2015, dependent quota, regional, provincial quotas, dependents, specified quota, region, province, merit category, a.o.30/2009 dated 11-06-2009"
Employment of Dependents,Is educational-qualification relaxation available to dependents?,No.,A.O.30/2009 dated 11-06-2009; A.O.23/2015 dated 21-10-2015,"PIA, PIACL, chapter 28, recruitment / induction, clause 28.02.04, employment of dependents, educational qualification, employee dependent policy, dependent employment, family quota, dependent child, employee dependent, family employment, 11-06-2009, 21-10-2015, a.o.30/2009, a.o.23/2015, educational-qualification relaxation, dependents, a.o.30/2009 dated 11-06-2009, a.o.23/2015 dated 21-10-2015"
Employment of Dependents,Who interviews employee dependents?,The same Selection Board that interviews external candidates for the advertised job.,A.O.30/2009 dated 11-06-2009; A.O.23/2015 dated 21-10-2015,"PIA, PIACL, chapter 28, recruitment / induction, clause 28.02.05, employment of dependents, selection board, employee dependent policy, dependent employment, family quota, interview panel, assessment board, dependent child, employee dependent, family employment, 11-06-2009, 21-10-2015, a.o.30/2009, a.o.23/2015, interviews, dependents, same selection board, interviews external, job, a.o.30/2009 dated 11-06-2009, a.o.23/2015 dated 21-10-2015"
Employment of Dependents,Where must dependents submit applications?,At the PIA Recruitment Office against advertised positions.,A.O.30/2009 dated 11-06-2009; A.O.23/2015 dated 21-10-2015,"PIA, PIACL, chapter 28, recruitment / induction, clause 28.02.06, employment of dependents, application procedure, employee dependent policy, dependent employment, family quota, dependent child, employee dependent, family employment, 11-06-2009, 21-10-2015, a.o.30/2009, a.o.23/2015, dependents, applications, PIA recruitment office, at the PIA recruitment office against advertised positions, a.o.30/2009 dated 11-06-2009, a.o.23/2015 dated 21-10-2015"
Employment of Dependents,Who must verify a dependent's application?,The concerned HR Business Manager.,A.O.30/2009 dated 11-06-2009; A.O.23/2015 dated 21-10-2015,"PIA, PIACL, chapter 28, recruitment / induction, clause 28.02.06, employment of dependents, application procedure, employee dependent policy, dependent employment, family quota, dependent child, employee dependent, family employment, 11-06-2009, 21-10-2015, HR, a.o.30/2009, a.o.23/2015, verify, dependent application, HR business manager, the concerned HR business manager, a.o.30/2009 dated 11-06-2009, a.o.23/2015 dated 21-10-2015"
Employment of Dependents,Who ensures dependent applications are processed strictly under policy?,The Deputy General Manager (Recruitment & Placement).,A.O.30/2009 dated 11-06-2009; A.O.23/2015 dated 21-10-2015,"PIA, PIACL, chapter 28, recruitment / induction, clause 28.02.06, employment of dependents, application procedure, employee dependent policy, dependent employment, family quota, dependent child, employee dependent, family employment, 11-06-2009, 21-10-2015, a.o.30/2009, a.o.23/2015, ensures dependent applications, strictly, deputy, manager recruitment placement, the deputy general manager (recruitment & placement), a.o.30/2009 dated 11-06-2009, a.o.23/2015 dated 21-10-2015"
Restrictions on Employment,Can dependents or close relatives of PIA officials be employed on local pay scales at a foreign station without special approval?,No. Specific approval of the Chief HR Officer / CEO is required.,A.O.14/1984; A.O.20/2014,"PIA, PIACL, chapter 28, recruitment / induction, clause 28.03.01, restrictions on employment, foreign-station relatives, employment restrictions, foreign station restrictions, conflict of interest, dependent child, employee dependent, family employment, foreign station, local employee, overseas hiring, CEO, HR, a.o.14/1984, a.o.20/2014, dependents, close relatives, PIA officials, special approval, chief HR officer CEO"
Restrictions on Employment,Can a former PIA employee be hired as a local employee at a foreign station?,No.,A.O.19/2014 dated 25-08-2014,"PIA, PIACL, chapter 28, recruitment / induction, clause 28.03.01(a), restrictions on employment, former employees, employment restrictions, foreign station restrictions, conflict of interest, foreign station, local employee, overseas hiring, 25-08-2014, a.o.19/2014, former PIA, a.o.19/2014 dated 25-08-2014"
Restrictions on Employment,Who determines the appointing authority and service terms for local employees at foreign stations?,"The competent authority, in accordance with the applicable service rules of that country.",PIAC Employees (S&D) Regulations,"PIA, PIACL, chapter 28, recruitment / induction, clause 28.03.02, restrictions on employment, foreign local appointments, employment restrictions, foreign station restrictions, conflict of interest, appointing authority, foreign stations, competent authority, accordance, country, piac employees (s, d) regulations"
Restrictions on Employment,Can a Pakistan-based employee be appointed as a local employee at a foreign station?,Normally no; only if the competent authority permits it in a particular case and records reasons in writing.,PIAC Employees (S&D) Regulations,"PIA, PIACL, chapter 28, recruitment / induction, clause 28.03.02, restrictions on employment, foreign local appointments, employment restrictions, foreign station restrictions, conflict of interest, foreign station, local employee, overseas hiring, pakistan-based, competent authority permits, particular case, records reasons, writing, piac employees (s, d) regulations"
Restrictions on Employment,How must local-employee vacancies at foreign stations be filled?,Through proper advertisement in local newspapers to ensure merit and transparency.,A.O.26/1980 dated 09-04-1980,"PIA, PIACL, chapter 28, recruitment / induction, clause 28.03.03, restrictions on employment, foreign local appointments, employment restrictions, foreign station restrictions, conflict of interest, merit list, merit-based selection, selection ranking, 09-04-1980, a.o.26/1980, local-employee vacancies, foreign stations, filled, proper advertisement, local newspapers, ensure merit, transparency, a.o.26/1980 dated 09-04-1980"
Restrictions on Employment,In which death-on-service cases may compassionate family employment be offered?,Air crash and security-related cases only.,A.O.16/2014; Admin Order 16/2015,"PIA, PIACL, chapter 28, recruitment / induction, clause 28.03.04, restrictions on employment, death-on-service employment, employment restrictions, foreign station restrictions, conflict of interest, a.o.16/2014, admin order 16/2015, death-on-service cases, compassionate family employment, air crash, security-related cases only, air crash and security-related cases only"
Restrictions on Employment,Which family member may be offered compassionate employment?,"One family member - widow, son, daughter, brother or sister of the deceased employee.",A.O.16/2014; Admin Order 16/2015,"PIA, PIACL, chapter 28, recruitment / induction, clause 28.03.04, restrictions on employment, death-on-service employment, employment restrictions, foreign station restrictions, conflict of interest, a.o.16/2014, admin order 16/2015, family member, compassionate employment, one family member widow, son, daughter, brother, sister"
Restrictions on Employment,How is the position offered to the family member determined?,It must be commensurate with the person's qualifications and experience.,A.O.16/2014; Admin Order 16/2015,"PIA, PIACL, chapter 28, recruitment / induction, clause 28.03.04, restrictions on employment, death-on-service employment, employment restrictions, foreign station restrictions, conflict of interest, a.o.16/2014, admin order 16/2015, family member, commensurate, qualifications, experience, it must be commensurate with the person's qualifications and experience"
Restrictions on Employment,What nature of employment is offered to the family member?,"The same nature as the deceased employee's employment: regular, contractual or temporary.",A.O.16/2014; Admin Order 16/2015,"PIA, PIACL, chapter 28, recruitment / induction, clause 28.03.04, restrictions on employment, death-on-service employment, employment restrictions, foreign station restrictions, conflict of interest, contract appointment, contract employment, fixed-term contract, a.o.16/2014, admin order 16/2015, nature, family member, same nature, temporary"
Temporary / Daily Wages Appointments,What is the general policy on daily-wage employment within Pakistan?,"As far as possible, no daily-wage staff should be employed.",,"PIA, PIACL, chapter 28, recruitment / induction, clause 28.04.01, temporary / daily wages appointments, daily-wage restriction, temporary hiring, daily wage staff, outsourced workers, outsourced worker, manpower service provider, daily-wage employment, pakistan, far, possible, no daily-wage staff, as far as possible, no daily-wage staff should be employed"
Temporary / Daily Wages Appointments,Whose prior approval is required when outsourced workers are absolutely essential?,The Chief HR Officer's prior approval.,,"PIA, PIACL, chapter 28, recruitment / induction, clause 28.04.01, temporary / daily wages appointments, outsourced hiring, temporary hiring, daily wage staff, outsourced workers, outsourced worker, manpower service provider, HR, prior approval, absolutely essential, chief HR officer prior approval, the chief HR officer's prior approval"
Temporary / Daily Wages Appointments,Through whom should outsourced workers be hired?,Through a manpower service provider.,,"PIA, PIACL, chapter 28, recruitment / induction, clause 28.04.01, temporary / daily wages appointments, outsourced hiring, temporary hiring, daily wage staff, outsourced workers, outsourced worker, manpower service provider, manpower, provider, through a manpower service provider"
Temporary / Daily Wages Appointments,Who initiates outsourced-worker hiring cases and maintains the records?,The HR Outsourcing Unit / User Department.,,"PIA, PIACL, chapter 28, recruitment / induction, clause 28.04.01, temporary / daily wages appointments, outsourced hiring, temporary hiring, daily wage staff, outsourced workers, outsourced worker, manpower service provider, HR, initiates outsourced-worker hiring cases, records, HR outsourcing unit user department, the HR outsourcing unit / user department"
Temporary / Daily Wages Appointments,Can an outsourced worker be engaged without Chief HR Officer approval?,No.,A.O.29/1975; HO:HRA&C/120/P&P dated 23-01-2009,"PIA, PIACL, chapter 28, recruitment / induction, clause 28.04.02, temporary / daily wages appointments, approval compliance, temporary hiring, daily wage staff, outsourced workers, outsourced worker, manpower service provider, 23-01-2009, HR, a.o.29/1975, engaged, chief HR officer approval, ho:hra, c/120/p, p dated 23-01-2009"
Temporary / Daily Wages Appointments,What happens if outsourced workers are hired without required approval?,Action may be taken against the responsible individual under PIAC Employees (S&D) Regulations.,A.O.29/1975; HO:HRA&C/120/P&P dated 23-01-2009,"PIA, PIACL, chapter 28, recruitment / induction, clause 28.04.02, temporary / daily wages appointments, approval compliance, temporary hiring, daily wage staff, outsourced workers, outsourced worker, manpower service provider, 23-01-2009, a.o.29/1975, action, taken, responsible individual, piac, s&d, ho:hra, c/120/p, p dated 23-01-2009"
Temporary / Daily Wages Appointments,Can wages be paid for an outsourced worker whose Chief HR Officer clearance is unavailable?,No.,A.O.29/1975; HO:HRA&C/120/P&P dated 23-01-2009,"PIA, PIACL, chapter 28, recruitment / induction, clause 28.04.02, temporary / daily wages appointments, approval compliance, temporary hiring, daily wage staff, outsourced workers, outsourced worker, manpower service provider, 23-01-2009, HR, a.o.29/1975, wages, paid, chief HR officer clearance, unavailable, ho:hra, c/120/p, p dated 23-01-2009"
Benefits for Temporary Employees,Are outsourced workers entitled to privileges available to regular employees?,"No, except where a privilege is specifically provided.",,"PIA, PIACL, chapter 28, recruitment / induction, clause 28.05.01, benefits for temporary employees, non-admissibility, temporary employee benefits, outsourced worker benefits, benefit eligibility, outsourced workers, privileges, except, privilege, specifically, no, except where a privilege is specifically provided"
Benefits for Temporary Employees,May outsourced workers apply against advertised positions?,"Yes, if they meet the required criteria.",A.O.58/1982 dated 30-12-1982,"PIA, PIACL, chapter 28, recruitment / induction, clause 28.05.02, benefits for temporary employees, applying for regular positions, temporary employee benefits, outsourced worker benefits, benefit eligibility, 30-12-1982, a.o.58/1982, outsourced workers, meet, criteria, yes, if they meet the required criteria, a.o.58/1982 dated 30-12-1982"
Benefits for Temporary Employees,From what date are applicable benefits admissible to a selected outsourced worker?,From the date of selection.,A.O.58/1982 dated 30-12-1982,"PIA, PIACL, chapter 28, recruitment / induction, clause 28.05.02, benefits for temporary employees, benefits after selection, temporary employee benefits, outsourced worker benefits, benefit eligibility, outsourced worker, daily wage staff, manpower service provider, 30-12-1982, a.o.58/1982, date, benefits admissible, from the date of selection, a.o.58/1982 dated 30-12-1982"
Benefits for Temporary Employees,Are benefits from temporary employment carried forward after selection?,No.,A.O.58/1982 dated 30-12-1982,"PIA, PIACL, chapter 28, recruitment / induction, clause 28.05.02, benefits for temporary employees, benefits after selection, temporary employee benefits, outsourced worker benefits, benefit eligibility, 30-12-1982, a.o.58/1982, benefits, temporary employment carried forward, a.o.58/1982 dated 30-12-1982"
Job Analysis / Specifications,Who develops job specifications and job descriptions?,"The General Manager Organizational Development / Deputy General Manager Staff Development, in consultation with the concerned Department.",A.O.06/1981 dated 28-01-1981,"PIA, PIACL, chapter 28, recruitment / induction, clause 28.06, job analysis / specifications, job analysis, job specification, job description, 28-01-1981, a.o.06/1981, develops job specifications, job descriptions, manager organizational development deputy, manager staff development, a.o.06/1981 dated 28-01-1981"
Job Analysis / Specifications,May job specifications be tailored to suit an individual?,No.,A.O.06/1981 dated 28-01-1981,"PIA, PIACL, chapter 28, recruitment / induction, clause 28.06, job analysis / specifications, fairness, job analysis, job specification, job description, 28-01-1981, a.o.06/1981, job specifications, tailored, suit, individual, a.o.06/1981 dated 28-01-1981"
Job Analysis / Specifications,Why should job specifications contain wider alternatives?,To allow internal candidates with equivalent or comparable qualifications to apply and to give the Selection Board a wider choice.,A.O.06/1981 dated 28-01-1981,"PIA, PIACL, chapter 28, recruitment / induction, clause 28.06, job analysis / specifications, fairness, job analysis, job specification, job description, selection board, interview panel, assessment board, 28-01-1981, a.o.06/1981, job specifications, wider alternatives, comparable qualifications, give, wider choice, a.o.06/1981 dated 28-01-1981"
Job Analysis / Specifications,What should happen if only one candidate applies against an internal advertisement?,The post should be re-advertised internally with amended job specifications or advertised externally.,A.O.06/1981 dated 28-01-1981,"PIA, PIACL, chapter 28, recruitment / induction, clause 28.06, job analysis / specifications, single applicant, job analysis, job specification, job description, 28-01-1981, a.o.06/1981, only one, internal advertisement, re-advertised internally, amended job specifications, externally, a.o.06/1981 dated 28-01-1981"
Interview Procedure,Who completes a separate Candidate Assessment Report for each candidate?,The Selection Board President and every member.,A.O.26/1979 dated 01-08-1979,"PIA, PIACL, chapter 28, recruitment / induction, clause 28.07, interview procedure, assessment reports, candidate assessment, selection board, interview panel, assessment board, interview, interview marks, 01-08-1979, a.o.26/1979, separate, assessment report, each, selection board president, every member, the selection board president and every member, a.o.26/1979 dated 01-08-1979"
Interview Procedure,What happens to the Assessment Reports completed by Board members?,They form part of the Assessment Report completed by the President.,A.O.26/1979 dated 01-08-1979,"PIA, PIACL, chapter 28, recruitment / induction, clause 28.07, interview procedure, assessment reports, candidate assessment, selection board, interview, interview marks, 01-08-1979, a.o.26/1979, board members, form part, assessment report, president, a.o.26/1979 dated 01-08-1979"
Interview Procedure,How is a candidate's final assessment calculated?,By averaging the total marks awarded by the President and Selection Board members.,A.O.26/1979 dated 01-08-1979,"PIA, PIACL, chapter 28, recruitment / induction, clause 28.07, interview procedure, final assessment, candidate assessment, selection board, interview panel, assessment board, interview, interview marks, 01-08-1979, a.o.26/1979, final assessment calculated, averaging, total marks awarded, president, selection board members, a.o.26/1979 dated 01-08-1979"
Interview Procedure,Where are the marks awarded by the President and members recorded?,"In the appropriate column of the Candidate Assessment Report completed by the President, under each member's signature.",A.O.26/1979 dated 01-08-1979,"PIA, PIACL, chapter 28, recruitment / induction, clause 28.07, interview procedure, recording marks, candidate assessment, selection board, interview, interview marks, 01-08-1979, a.o.26/1979, marks awarded, president, members recorded, appropriate column, assessment report, each member signature, a.o.26/1979 dated 01-08-1979"
Interview Procedure,How is each candidate's merit-list position determined?,On the basis of average marks obtained.,A.O.26/1979 dated 01-08-1979,"PIA, PIACL, chapter 28, recruitment / induction, clause 28.07, interview procedure, merit list, candidate assessment, selection board, interview, interview marks, merit-based selection, selection ranking, 01-08-1979, a.o.26/1979, each, average marks, on the basis of average marks obtained, a.o.26/1979 dated 01-08-1979"
Appointment Procedure,Who determines vacancy positions?,"The Departments, according to the approved establishment.",A.O.20/1975 dated 29-03-1975; A.O.34/1976 dated 16-07-1976,"PIA, PIACL, chapter 28, recruitment / induction, clause 28.08, appointment procedure, vacancy determination, appointment process, vacancy approval, offer letter process, 29-03-1975, 16-07-1976, a.o.20/1975, a.o.34/1976, the departments, according to the approved establishment, a.o.20/1975 dated 29-03-1975, a.o.34/1976 dated 16-07-1976"
Appointment Procedure,To whom are vacancy positions conveyed?,To the General Manager (Organizational Development).,A.O.20/1975 dated 29-03-1975; A.O.34/1976 dated 16-07-1976,"PIA, PIACL, chapter 28, recruitment / induction, clause 28.08, appointment procedure, vacancy determination, appointment process, vacancy approval, offer letter process, 29-03-1975, 16-07-1976, a.o.20/1975, a.o.34/1976, conveyed, manager organizational development, to the general manager (organizational development), a.o.20/1975 dated 29-03-1975, a.o.34/1976 dated 16-07-1976"
Appointment Procedure,What must a Department indicate when conveying vacancies?,"Whether posts are to be filled internally, externally, or through both channels.",A.O.20/1975 dated 29-03-1975; A.O.34/1976 dated 16-07-1976,"PIA, PIACL, chapter 28, recruitment / induction, clause 28.08, appointment procedure, vacancy determination, appointment process, vacancy approval, offer letter process, 29-03-1975, 16-07-1976, a.o.20/1975, a.o.34/1976, department indicate, conveying vacancies, filled internally, externally, both channels, a.o.20/1975 dated 29-03-1975, a.o.34/1976 dated 16-07-1976"
Appointment Procedure,What must be submitted if post specifications differ from the Company JD Manual?,"The specifications, vacancy position and competent-authority approval.",A.O.20/1975 dated 29-03-1975; A.O.34/1976 dated 16-07-1976,"PIA, PIACL, chapter 28, recruitment / induction, clause 28.08, appointment procedure, vacancy determination, appointment process, vacancy approval, offer letter process, 29-03-1975, 16-07-1976, a.o.20/1975, a.o.34/1976, specifications differ, jd manual, competent-authority approval, the specifications, vacancy position and competent-authority approval, a.o.20/1975 dated 29-03-1975, a.o.34/1976 dated 16-07-1976"
Appointment Procedure,Where are internal vacancies advertised?,On the ERP Module.,A.O.20/1975 dated 29-03-1975; A.O.34/1976 dated 16-07-1976,"PIA, PIACL, chapter 28, recruitment / induction, clause 28.08, appointment procedure, advertising, appointment process, vacancy approval, offer letter process, 29-03-1975, 16-07-1976, a.o.20/1975, a.o.34/1976, internal vacancies, erp module, on the erp module, a.o.20/1975 dated 29-03-1975, a.o.34/1976 dated 16-07-1976"
Appointment Procedure,Where are external vacancies advertised?,In electronic and print media and on the National Job Portal.,A.O.20/1975 dated 29-03-1975; A.O.34/1976 dated 16-07-1976,"PIA, PIACL, chapter 28, recruitment / induction, clause 28.08, appointment procedure, advertising, appointment process, vacancy approval, offer letter process, 29-03-1975, 16-07-1976, a.o.20/1975, a.o.34/1976, external vacancies, electronic, print media, national job portal, a.o.20/1975 dated 29-03-1975, a.o.34/1976 dated 16-07-1976"
Appointment Procedure,What details must an appointment advertisement include?,"Detailed job description and specifications, qualifications, experience, age and other relevant requirements.",A.O.20/1975 dated 29-03-1975; A.O.34/1976 dated 16-07-1976,"PIA, PIACL, chapter 28, recruitment / induction, clause 28.08, appointment procedure, advertising, appointment process, vacancy approval, offer letter process, job specification, job description, job analysis, 29-03-1975, 16-07-1976, a.o.20/1975, a.o.34/1976, appointment advertisement, detailed job description, qualifications, experience, age, other relevant, a.o.20/1975 dated 29-03-1975, a.o.34/1976 dated 16-07-1976"
Appointment Procedure,Why must each advertised position carry a separate code?,To prevent applications for different positions from being mixed.,A.O.20/1975 dated 29-03-1975; A.O.34/1976 dated 16-07-1976,"PIA, PIACL, chapter 28, recruitment / induction, clause 28.08, appointment procedure, advertising, appointment process, vacancy approval, offer letter process, 29-03-1975, 16-07-1976, a.o.20/1975, a.o.34/1976, each, carry, separate code, prevent applications, different, mixed, to prevent applications for different positions from being mixed, a.o.20/1975 dated 29-03-1975, a.o.34/1976 dated 16-07-1976"
Appointment Procedure,Which section receives appointment applications?,The Recruitment & Placement Section.,A.O.20/1975 dated 29-03-1975; A.O.34/1976 dated 16-07-1976,"PIA, PIACL, chapter 28, recruitment / induction, clause 28.08, appointment procedure, applications, appointment process, vacancy approval, offer letter process, 29-03-1975, 16-07-1976, a.o.20/1975, a.o.34/1976, section receives appointment applications, recruitment placement section, the recruitment & placement section, a.o.20/1975 dated 29-03-1975, a.o.34/1976 dated 16-07-1976"
Appointment Procedure,How should applications for different positions be maintained?,In separate lots.,A.O.20/1975 dated 29-03-1975; A.O.34/1976 dated 16-07-1976,"PIA, PIACL, chapter 28, recruitment / induction, clause 28.08, appointment procedure, applications, appointment process, vacancy approval, offer letter process, 29-03-1975, 16-07-1976, a.o.20/1975, a.o.34/1976, different, separate lots, in separate lots, a.o.20/1975 dated 29-03-1975, a.o.34/1976 dated 16-07-1976"
Appointment Procedure,Who assists Recruitment & Placement in screening applications?,The concerned Department or Departments.,A.O.20/1975 dated 29-03-1975; A.O.34/1976 dated 16-07-1976,"PIA, PIACL, chapter 28, recruitment / induction, clause 28.08, appointment procedure, screening, appointment process, vacancy approval, offer letter process, 29-03-1975, 16-07-1976, a.o.20/1975, a.o.34/1976, assists recruitment placement, screening applications, the concerned department or departments, a.o.20/1975 dated 29-03-1975, a.o.34/1976 dated 16-07-1976"
Appointment Procedure,Who arranges tests and interviews for shortlisted candidates?,The Recruitment & Placement Section in consultation with the concerned Department.,A.O.20/1975 dated 29-03-1975; A.O.34/1976 dated 16-07-1976,"PIA, PIACL, chapter 28, recruitment / induction, clause 28.08, appointment procedure, screening, appointment process, vacancy approval, offer letter process, 29-03-1975, 16-07-1976, a.o.20/1975, a.o.34/1976, arranges tests, interviews, shortlisted, recruitment placement section, a.o.20/1975 dated 29-03-1975, a.o.34/1976 dated 16-07-1976"
Appointment Procedure,For which external appointments is a qualifying test mandatory?,PG-III to PG-VI appointments.,A.O.20/1975 dated 29-03-1975; A.O.34/1976 dated 16-07-1976,"PIA, PIACL, chapter 28, recruitment / induction, clause 28.08, appointment procedure, selection tools, appointment process, vacancy approval, offer letter process, PG-III to PG-VI, pay group-iii to pay group-vi, 29-03-1975, 16-07-1976, PG, a.o.20/1975, a.o.34/1976, external appointments, qualifying test mandatory, PG-III, PG-VI appointments, PG-III to PG-VI appointments, a.o.20/1975 dated 29-03-1975, a.o.34/1976 dated 16-07-1976"
Appointment Procedure,Which selections are conducted through interviews only?,"Internal selections, external managerial-level positions and fixed-category employees.",A.O.20/1975 dated 29-03-1975; A.O.34/1976 dated 16-07-1976,"PIA, PIACL, chapter 28, recruitment / induction, clause 28.08, appointment procedure, selection tools, appointment process, vacancy approval, offer letter process, 29-03-1975, 16-07-1976, a.o.20/1975, a.o.34/1976, selections, interviews only, internal selections, external managerial-level, fixed-category, internal selections, external managerial-level positions and fixed-category employees, a.o.20/1975 dated 29-03-1975, a.o.34/1976 dated 16-07-1976"
Appointment Procedure,What happens after a PG-III to PG-VI external candidate qualifies the test?,The candidate is called for an interview.,A.O.20/1975 dated 29-03-1975; A.O.34/1976 dated 16-07-1976,"PIA, PIACL, chapter 28, recruitment / induction, clause 28.08, appointment procedure, selection tools, appointment process, vacancy approval, offer letter process, interview, interview marks, candidate assessment, PG-III to PG-VI, pay group-iii to pay group-vi, 29-03-1975, 16-07-1976, PG, a.o.20/1975, a.o.34/1976, PG-III, PG-VI external, test, called, the candidate is called for an interview, a.o.20/1975 dated 29-03-1975, a.o.34/1976 dated 16-07-1976"
Appointment Procedure,Is an interview mandatory in the selection process?,Yes.,A.O.20/1975 dated 29-03-1975; A.O.34/1976 dated 16-07-1976,"PIA, PIACL, chapter 28, recruitment / induction, clause 28.08, appointment procedure, selection tools, appointment process, vacancy approval, offer letter process, interview, interview marks, candidate assessment, 29-03-1975, 16-07-1976, a.o.20/1975, a.o.34/1976, interview mandatory, a.o.20/1975 dated 29-03-1975, a.o.34/1976 dated 16-07-1976"
Appointment Procedure,Who must be represented on the properly constituted Selection Board?,HR and the concerned Department.,A.O.20/1975 dated 29-03-1975; A.O.34/1976 dated 16-07-1976,"PIA, PIACL, chapter 28, recruitment / induction, clause 28.08, appointment procedure, selection board, appointment process, vacancy approval, offer letter process, interview panel, assessment board, 29-03-1975, 16-07-1976, HR, a.o.20/1975, a.o.34/1976, represented, properly constituted selection board, HR and the concerned department, a.o.20/1975 dated 29-03-1975, a.o.34/1976 dated 16-07-1976"
Appointment Procedure,Who presides over Selection Boards for PG-I to PG-VIII appointments?,The Chief HR Officer.,A.O.20/1975 dated 29-03-1975; A.O.34/1976 dated 16-07-1976,"PIA, PIACL, chapter 28, recruitment / induction, clause 28.08, appointment procedure, selection board, appointment process, vacancy approval, offer letter process, interview panel, assessment board, PG-I to PG-VIII, pay group-i to pay group-viii, 29-03-1975, 16-07-1976, HR, PG, a.o.20/1975, a.o.34/1976, selection boards, PG-I, PG-VIII appointments, chief HR officer, the chief HR officer, a.o.20/1975 dated 29-03-1975, a.o.34/1976 dated 16-07-1976"
Appointment Procedure,Who presides over Selection Boards for PG-IX and above?,The CEO.,A.O.20/1975 dated 29-03-1975; A.O.34/1976 dated 16-07-1976,"PIA, PIACL, chapter 28, recruitment / induction, clause 28.08, appointment procedure, selection board, appointment process, vacancy approval, offer letter process, interview panel, assessment board, PG-IX, pay group-ix, 29-03-1975, 16-07-1976, CEO, PG, a.o.20/1975, a.o.34/1976, selection boards, above, the CEO, a.o.20/1975 dated 29-03-1975, a.o.34/1976 dated 16-07-1976"
Appointment Procedure,When are verification rolls prepared?,Simultaneously with preparation of the Merit List.,A.O.20/1975 dated 29-03-1975; A.O.34/1976 dated 16-07-1976,"PIA, PIACL, chapter 28, recruitment / induction, clause 28.08, appointment procedure, verification rolls, appointment process, vacancy approval, offer letter process, merit list, merit-based selection, selection ranking, 29-03-1975, 16-07-1976, a.o.20/1975, a.o.34/1976, verification rolls prepared, simultaneously, preparation, simultaneously with preparation of the merit list, a.o.20/1975 dated 29-03-1975, a.o.34/1976 dated 16-07-1976"
Appointment Procedure,To whom are verification rolls forwarded?,The General Manager Security.,A.O.20/1975 dated 29-03-1975; A.O.34/1976 dated 16-07-1976,"PIA, PIACL, chapter 28, recruitment / induction, clause 28.08, appointment procedure, verification rolls, appointment process, vacancy approval, offer letter process, 29-03-1975, 16-07-1976, a.o.20/1975, a.o.34/1976, verification rolls forwarded, manager security, the general manager security, a.o.20/1975 dated 29-03-1975, a.o.34/1976 dated 16-07-1976"
Appointment Procedure,What does Recruitment & Placement do after merit-list approval?,"It issues offer letters, arranges medical examinations, raises employment and personal proformas, completes personal files and forwards them to the concerned HR Business Managers.",A.O.20/1975 dated 29-03-1975; A.O.34/1976 dated 16-07-1976,"PIA, PIACL, chapter 28, recruitment / induction, clause 28.08, appointment procedure, post-selection processing, appointment process, vacancy approval, offer letter process, merit list, merit-based selection, selection ranking, rs, 29-03-1975, 16-07-1976, HR, a.o.20/1975, a.o.34/1976, recruitment placement, merit-list approval, letters, arranges medical examinations, raises employment, personal proformas, personal files, forwards, HR business managers, a.o.20/1975 dated 29-03-1975, a.o.34/1976 dated 16-07-1976"
Appointment Procedure,Within what period must completed personal files be forwarded to HR Business Managers?,Within 30 days.,A.O.20/1975 dated 29-03-1975; A.O.34/1976 dated 16-07-1976,"PIA, PIACL, chapter 28, recruitment / induction, clause 28.08, appointment procedure, post-selection processing, appointment process, vacancy approval, offer letter process, 30 days, 29-03-1975, 16-07-1976, HR, a.o.20/1975, a.o.34/1976, period, personal files, forwarded, HR business managers, within 30 days, a.o.20/1975 dated 29-03-1975, a.o.34/1976 dated 16-07-1976"
Appointment of Medical Specialists,"Which body approves appointment, terms, conditions and honorarium of visiting Medical Consultants / Specialists?",The Medical Committee chaired by the Chief Concerned heading the Medical Division.,Circular 29/2021 dated 20-12-2021,"PIA, PIACL, chapter 28, recruitment / induction, clause 28.09.01, appointment of medical specialists, approval mechanism, medical consultant appointment, visiting specialist, honorarium, 20-12-2021, circular 29/2021, visiting medical consultants specialists, medical committee chaired, heading, medical division, circular 29/2021 dated 20-12-2021"
Appointment of Medical Specialists,Where may approved visiting Consultants / Specialists serve?,On the PIACL Medical Panel at various stations and locations in Pakistan.,Circular 29/2021 dated 20-12-2021,"PIA, PIACL, chapter 28, recruitment / induction, clause 28.09.01, appointment of medical specialists, approval mechanism, medical consultant appointment, visiting specialist, honorarium, 20-12-2021, circular 29/2021, visiting consultants specialists serve, PIACL medical panel, various stations, locations, pakistan, circular 29/2021 dated 20-12-2021"
Appointment of Medical Specialists,What is the maximum age for engagement of a Medical Consultant / Specialist?,65 years.,Circular 29/2021 dated 20-12-2021,"PIA, PIACL, chapter 28, recruitment / induction, clause 28.09.01, appointment of medical specialists, medical consultant appointment, visiting specialist, honorarium, medical specialist, medical consultant, visiting consultant, consultant, advisor, consultancy, 65 years, 20-12-2021, circular 29/2021, maximum age, engagement, medical consultant specialist, circular 29/2021 dated 20-12-2021"
Appointment of Medical Specialists,What qualification and experience are required for a Medical Consultant / Specialist?,A recognized medical qualification from PMDC and relevant experience.,Circular 29/2021 dated 20-12-2021,"PIA, PIACL, chapter 28, recruitment / induction, clause 28.09.01, appointment of medical specialists, medical consultant appointment, visiting specialist, honorarium, medical specialist, medical consultant, visiting consultant, consultant, advisor, consultancy, 20-12-2021, PMDC, circular 29/2021, experience, medical consultant specialist, recognized medical qualification, relevant experience, a recognized medical qualification from PMDC and relevant experience, circular 29/2021 dated 20-12-2021"
Appointment of Medical Specialists,On what basis are Medical Consultants / Specialists engaged?,On an honorarium basis.,Circular 29/2021 dated 20-12-2021,"PIA, PIACL, chapter 28, recruitment / induction, clause 28.09.01, appointment of medical specialists, engagement basis, medical consultant appointment, visiting specialist, honorarium, 20-12-2021, circular 29/2021, medical consultants specialists engaged, on an honorarium basis, circular 29/2021 dated 20-12-2021"
Appointment of Medical Specialists,What is the monthly honorarium for a Medical Consultant / Specialist?,"Rs.25,000 per month.",Circular 29/2021 dated 20-12-2021,"PIA, PIACL, chapter 28, recruitment / induction, clause 28.09.01, appointment of medical specialists, honorarium, medical consultant appointment, visiting specialist, medical specialist, medical consultant, visiting consultant, consultant, advisor, consultancy, rs.25,000, 25000 rupees, 20-12-2021, circular 29/2021, monthly honorarium, medical consultant specialist, rs, 25, 000 per month, rs.25,000 per month, circular 29/2021 dated 20-12-2021"
Appointment of Medical Specialists,From which budget is the honorarium paid?,"The Medical Division's Revenue Expenditure budget, after Medical Committee approval.",Circular 29/2021 dated 20-12-2021,"PIA, PIACL, chapter 28, recruitment / induction, clause 28.09.01, appointment of medical specialists, honorarium, medical consultant appointment, visiting specialist, 20-12-2021, circular 29/2021, budget, honorarium paid, medical division revenue expenditure budget, medical committee approval, the medical division's revenue expenditure budget, after medical committee approval, circular 29/2021 dated 20-12-2021"
Appointment of Medical Specialists,What domestic ticket facility is available to visiting Medical Consultants / Specialists?,Two 75% rebated NS-1 Economy Class tickets per year on domestic routes.,Circular 29/2021 dated 20-12-2021,"PIA, PIACL, chapter 28, recruitment / induction, clause 28.09.01, appointment of medical specialists, ticket facility, medical consultant appointment, visiting specialist, honorarium, 75%, 75 percent, 20-12-2021, circular 29/2021, domestic ticket facility, visiting medical consultants specialists, two 75% rebated ns-1 economy, economy class tickets per year, domestic routes, circular 29/2021 dated 20-12-2021"
Appointment of Medical Specialists,What international ticket facility is available to visiting Medical Consultants / Specialists?,Two 75% rebated NS-1 Economy Class tickets per year on international routes.,Circular 29/2021 dated 20-12-2021,"PIA, PIACL, chapter 28, recruitment / induction, clause 28.09.01, appointment of medical specialists, ticket facility, medical consultant appointment, visiting specialist, honorarium, 75%, 75 percent, 20-12-2021, circular 29/2021, international ticket facility, visiting medical consultants specialists, two 75% rebated ns-1 economy, economy class tickets per year, international routes, circular 29/2021 dated 20-12-2021"
Appointment of Medical Specialists,When does the ticket facility become available?,After six months of satisfactory service from initial engagement.,Circular 29/2021 dated 20-12-2021,"PIA, PIACL, chapter 28, recruitment / induction, clause 28.09.01, appointment of medical specialists, ticket facility, medical consultant appointment, visiting specialist, honorarium, 20-12-2021, circular 29/2021, six months, 6 months, engagement, after six months of satisfactory service from initial engagement, circular 29/2021 dated 20-12-2021"
Appointment of Medical Specialists,Can the ticket entitlement accumulate and be transferred?,It may accumulate for up to two years and may be transferred to the spouse or dependent children according to PIACL rules.,Circular 29/2021 dated 20-12-2021,"PIA, PIACL, chapter 28, recruitment / induction, clause 28.09.01, appointment of medical specialists, ticket facility, medical consultant appointment, visiting specialist, honorarium, dependent child, employee dependent, family employment, 20-12-2021, circular 29/2021, two years, 2 years, ticket entitlement accumulate, transferred, accumulate, spouse, dependent children, circular 29/2021 dated 20-12-2021"
Appointment of Medical Specialists,How often must a Medical Consultant / Specialist visit PIACL medical premises?,At least three days per week.,Circular 29/2021 dated 20-12-2021,"PIA, PIACL, chapter 28, recruitment / induction, clause 28.09.01, appointment of medical specialists, visits, medical consultant appointment, visiting specialist, honorarium, medical specialist, medical consultant, visiting consultant, consultant, advisor, consultancy, 20-12-2021, circular 29/2021, three days, 3 days, often, medical consultant specialist visit PIACL, specialist visit PIACL medical premises, least three days per week, at least three days per week, circular 29/2021 dated 20-12-2021"
Appointment of Medical Specialists,What is the minimum duration of each Medical Consultant / Specialist visit?,Two hours per visit.,Circular 29/2021 dated 20-12-2021,"PIA, PIACL, chapter 28, recruitment / induction, clause 28.09.01, appointment of medical specialists, visits, medical consultant appointment, visiting specialist, honorarium, medical specialist, medical consultant, visiting consultant, consultant, advisor, consultancy, 20-12-2021, circular 29/2021, two hours, 2 hours, minimum duration, each medical consultant specialist visit, two hours per visit, circular 29/2021 dated 20-12-2021"
Induction / Placement of Medical Officers,In which pay group is an MBBS Medical Officer with at least two years' experience initially inducted?,PG-VI.,A.O.23/1986 dated 24-11-1986; A.O.39/1989 dated 20-12-1989,"PIA, PIACL, chapter 28, recruitment / induction, clause 28.10.01, induction / placement of medical officers, initial induction, medical officer induction, MBBS placement, PMDC experience, medical officer, MBBS doctor, PMDC registration, PG-VI, pay group-vi, 24-11-1986, 20-12-1989, MBBS, PG, a.o.23/1986, a.o.39/1989, two years, 2 years, MBBS medical officer, least two years experience, a.o.23/1986 dated 24-11-1986, a.o.39/1989 dated 20-12-1989"
Induction / Placement of Medical Officers,When is a PG-VI Medical Officer placed in PG-VII?,"After completing five years' experience from the date of PMDC registration, subject to satisfactory performance.",A.O.23/1986 dated 24-11-1986; A.O.39/1989 dated 20-12-1989,"PIA, PIACL, chapter 28, recruitment / induction, clause 28.10.01, induction / placement of medical officers, placement, medical officer induction, MBBS placement, PMDC experience, medical officer, MBBS doctor, PMDC registration, PG-VI, pay group-vi, PG-VII, pay group-vii, 24-11-1986, 20-12-1989, PMDC, PG, a.o.23/1986, a.o.39/1989, five years, 5 years, PG-VI medical officer placed, completing five years experience, date, performance, a.o.23/1986 dated 24-11-1986, a.o.39/1989 dated 20-12-1989"
Induction / Placement of Medical Officers,In which pay group may a Medical Officer with five years' experience be directly recruited or placed?,PG-VII.,A.O.23/1986 dated 24-11-1986; A.O.39/1989 dated 20-12-1989,"PIA, PIACL, chapter 28, recruitment / induction, clause 28.10.01, induction / placement of medical officers, direct placement, medical officer induction, MBBS placement, PMDC experience, medical officer, MBBS doctor, PMDC registration, PG-VII, pay group-vii, 24-11-1986, 20-12-1989, PG, a.o.23/1986, a.o.39/1989, five years, 5 years, five years experience, recruited, a.o.23/1986 dated 24-11-1986, a.o.39/1989 dated 20-12-1989"
Induction / Placement of Medical Officers,Can Management place a PG-VI Medical Officer in PG-VII before completion of five years' experience?,"Yes, in exceptional cases.",A.O.23/1986 dated 24-11-1986; A.O.39/1989 dated 20-12-1989,"PIA, PIACL, chapter 28, recruitment / induction, clause 28.10.02, induction / placement of medical officers, exceptional placement, medical officer induction, MBBS placement, PMDC experience, medical officer, MBBS doctor, PMDC registration, PG-VI, pay group-vi, PG-VII, pay group-vii, 24-11-1986, 20-12-1989, PG, a.o.23/1986, a.o.39/1989, five years, 5 years, management place, PG-VI medical officer, completion, five years experience, exceptional cases, yes, in exceptional cases, a.o.23/1986 dated 24-11-1986, a.o.39/1989 dated 20-12-1989"
Induction / Placement of Medical Officers,Can Management induct a Medical Officer with less than two years' experience?,Yes.,A.O.23/1986 dated 24-11-1986; A.O.39/1989 dated 20-12-1989,"PIA, PIACL, chapter 28, recruitment / induction, clause 28.10.02, induction / placement of medical officers, exceptional induction, medical officer induction, MBBS placement, PMDC experience, medical officer, MBBS doctor, PMDC registration, 24-11-1986, 20-12-1989, a.o.23/1986, a.o.39/1989, two years, 2 years, management induct, less, two years experience, a.o.23/1986 dated 24-11-1986, a.o.39/1989 dated 20-12-1989"
Re-employment,Under what general circumstances may an ex-employee be considered for re-employment?,"At the competent authority's discretion in an extremely genuine case, against an established vacant post in the department or division where the person previously worked.",A.O.54/1976 dated 28-10-1976,"PIA, PIACL, chapter 28, recruitment / induction, clause 28.11.01, re-employment, basic eligibility, ex-employee rehiring, fresh employment, fresh employee, 28-10-1976, a.o.54/1976, ex-employee, competent authority discretion, extremely genuine case, established vacant, division, previously worked, a.o.54/1976 dated 28-10-1976"
Re-employment,Which separation reasons may qualify an ex-employee for re-employment?,"Resignation, termination due to abolition of a post, or closure of an establishment, provided the service record was satisfactory.",A.O.54/1976 dated 28-10-1976,"PIA, PIACL, chapter 28, recruitment / induction, clause 28.11.01, re-employment, basic eligibility, ex-employee rehiring, fresh employment, fresh employee, 28-10-1976, a.o.54/1976, separation reasons, ex-employee, resignation, termination due, abolition, closure, record, a.o.54/1976 dated 28-10-1976"
Re-employment,How must an ex-employee be selected for re-employment?,Through established selection procedures after verification of credentials and a finding of medical fitness by the Company Medical Officer.,A.O.54/1976 dated 28-10-1976,"PIA, PIACL, chapter 28, recruitment / induction, clause 28.11.01, re-employment, selection and fitness, ex-employee rehiring, fresh employment, medical fitness, fitness certificate, medical examination, medical officer, MBBS doctor, PMDC registration, fresh employee, 28-10-1976, a.o.54/1976, ex-employee, established selection, verification, credentials, finding, a.o.54/1976 dated 28-10-1976"
Re-employment,What personal-record check is required before re-employment?,The HR Department must scrutinize the personal record and find the person suitable.,A.O.54/1976 dated 28-10-1976,"PIA, PIACL, chapter 28, recruitment / induction, clause 28.11.01, re-employment, HR scrutiny, ex-employee rehiring, fresh employment, fresh employee, 28-10-1976, HR, a.o.54/1976, personal-record check, HR department, scrutinize, personal record, find, a.o.54/1976 dated 28-10-1976"
Re-employment,Can a re-employed ex-employee claim seniority over existing employees in similar posts?,No.,A.O.54/1976 dated 28-10-1976,"PIA, PIACL, chapter 28, recruitment / induction, clause 28.11.01, re-employment, rights after re-employment, ex-employee rehiring, fresh employment, fresh employee, 28-10-1976, a.o.54/1976, re-employed ex-employee claim seniority, existing, similar, a.o.54/1976 dated 28-10-1976"
Re-employment,Can a re-employed ex-employee claim other benefits based on the former service?,No.,A.O.54/1976 dated 28-10-1976,"PIA, PIACL, chapter 28, recruitment / induction, clause 28.11.01, re-employment, rights after re-employment, ex-employee rehiring, fresh employment, fresh employee, 28-10-1976, a.o.54/1976, re-employed ex-employee claim other benefits, ex-employee claim other benefits based, former, a.o.54/1976 dated 28-10-1976"
Re-employment,What document may be required for service performed between leaving PIA and re-employment?,"A proper service certificate from the intervening employer, if any.",A.O.43/1977 dated 06-10-1977,"PIA, PIACL, chapter 28, recruitment / induction, clause 28.11.01, re-employment, intervening service, ex-employee rehiring, fresh employment, fresh employee, 06-10-1977, a.o.43/1977, document, performed, leaving PIA, proper, certificate, intervening employer, any, a proper service certificate from the intervening employer, if any, a.o.43/1977 dated 06-10-1977"
Re-employment,After what period is re-employment normally not offered?,After five years from acceptance of resignation or termination.,A.O.43/1977 dated 06-10-1977,"PIA, PIACL, chapter 28, recruitment / induction, clause 28.11.01, re-employment, time limit, ex-employee rehiring, fresh employment, fresh employee, 06-10-1977, a.o.43/1977, five years, 5 years, period, not, acceptance, resignation, termination, after five years from acceptance of resignation or termination, a.o.43/1977 dated 06-10-1977"
Re-employment,How is a re-employed person treated for service purposes?,As a fresh employee.,PIAC Employees (S&D) Regulations,"PIA, PIACL, chapter 28, recruitment / induction, clause 28.11.02, re-employment, fresh employment status, ex-employee rehiring, fresh employment, fresh employee, re-employed, purposes, fresh, as a fresh employee, piac employees (s, d) regulations"
Re-employment,Is a re-employed person entitled to advantages of past PIA service?,No.,PIAC Employees (S&D) Regulations,"PIA, PIACL, chapter 28, recruitment / induction, clause 28.11.02, re-employment, fresh employment status, ex-employee rehiring, fresh employment, fresh employee, re-employed, advantages, past PIA, piac employees (s, d) regulations"
Re-employment,On what basis may a person be re-employed after retirement?,Contract service only.,PIAC Employees (S&D) Regulations,"PIA, PIACL, chapter 28, recruitment / induction, clause 28.11.02, re-employment, retired employees, ex-employee rehiring, fresh employment, fresh employee, re-employed, retirement, contract, contract service only, piac employees (s, d) regulations"
Re-employment,How is consultancy granted after superannuation treated?,"As re-employment, subject to the same rules as re-employment after superannuation.",DA letter DA/03/86 dated 12-01-1986,"PIA, PIACL, chapter 28, recruitment / induction, clause 28.11.03, re-employment, consultants after superannuation, ex-employee rehiring, fresh employment, fresh employee, 12-01-1986, consultancy, superannuation, same, da letter da/03/86 dated 12-01-1986"
Re-employment,May consultant-appointment powers be used to bypass re-employment rules after superannuation?,No.,DA letter DA/03/86 dated 12-01-1986,"PIA, PIACL, chapter 28, recruitment / induction, clause 28.11.03, re-employment, consultants after superannuation, ex-employee rehiring, fresh employment, fresh employee, consultant, advisor, consultancy, 12-01-1986, consultant-appointment powers, bypass re-employment, superannuation, da letter da/03/86 dated 12-01-1986"
Re-employment,Is re-employment beyond superannuation a normal practice?,"No, it should be an exception rather than the rule.",Circular 37/2010 dated 01-09-2010,"PIA, PIACL, chapter 28, recruitment / induction, clause 28.11.04, re-employment, re-employment after retirement, ex-employee rehiring, fresh employment, fresh employee, 01-09-2010, circular 37/2010, re-employment beyond superannuation, normal practice, exception rather, rule, no, it should be an exception rather than the rule, circular 37/2010 dated 01-09-2010"
Re-employment,When may re-employment beyond superannuation be recommended?,When the person's experience is vitally important and suitably qualified and experienced replacements are unavailable.,Circular 37/2010 dated 01-09-2010,"PIA, PIACL, chapter 28, recruitment / induction, clause 28.11.04, re-employment, re-employment after retirement, ex-employee rehiring, fresh employment, fresh employee, 01-09-2010, circular 37/2010, re-employment beyond superannuation, recommended, experience, vitally important, suitably, experienced replacements, unavailable, circular 37/2010 dated 01-09-2010"
Re-employment,What replacement-related condition must be met for re-employment after retirement?,No suitably qualified or experienced officer is available to replace the retiring officer.,Circular 37/2010 dated 01-09-2010,"PIA, PIACL, chapter 28, recruitment / induction, clause 28.11.04, re-employment, re-employment after retirement, ex-employee rehiring, fresh employment, fresh employee, 01-09-2010, circular 37/2010, replacement-related condition, met, retirement, no suitably, experienced officer, replace, retiring officer, circular 37/2010 dated 01-09-2010"
Re-employment,What competency condition applies to the retiring officer?,The officer must be highly competent and distinguished in the profession or field.,Circular 37/2010 dated 01-09-2010,"PIA, PIACL, chapter 28, recruitment / induction, clause 28.11.04, re-employment, re-employment after retirement, ex-employee rehiring, fresh employment, fresh employee, 01-09-2010, circular 37/2010, competency condition, retiring officer, highly competent, distinguished, profession, field, circular 37/2010 dated 01-09-2010"
Re-employment,May re-employment after retirement create a promotion block?,No.,Circular 37/2010 dated 01-09-2010,"PIA, PIACL, chapter 28, recruitment / induction, clause 28.11.04, re-employment, re-employment after retirement, ex-employee rehiring, fresh employment, fresh employee, 01-09-2010, circular 37/2010, retirement create, promotion block, circular 37/2010 dated 01-09-2010"
Re-employment,What public-interest condition applies to retention of a retiring officer?,Retention for a specified period must be in the public interest.,Circular 37/2010 dated 01-09-2010,"PIA, PIACL, chapter 28, recruitment / induction, clause 28.11.04, re-employment, re-employment after retirement, ex-employee rehiring, fresh employment, fresh employee, 01-09-2010, circular 37/2010, public-interest condition, retention, retiring officer, specified period, public interest, circular 37/2010 dated 01-09-2010"
Re-employment,How early must a re-employment proposal reach the Establishment Division?,Six months before the officer reaches superannuation.,Circular 37/2010 dated 01-09-2010,"PIA, PIACL, chapter 28, recruitment / induction, clause 28.11.04, re-employment, re-employment proposal, ex-employee rehiring, fresh employment, fresh employee, 01-09-2010, circular 37/2010, six months, 6 months, early, re-employment proposal reach, establishment division, officer reaches superannuation, six months before the officer reaches superannuation, circular 37/2010 dated 01-09-2010"
Re-employment,Who must sign and approve the re-employment proposal before it reaches the Establishment Division?,It must be signed by the Secretary or Additional Secretary Incharge and approved by the Minister Incharge.,Circular 37/2010 dated 01-09-2010,"PIA, PIACL, chapter 28, recruitment / induction, clause 28.11.04, re-employment, re-employment proposal, ex-employee rehiring, fresh employment, fresh employee, 01-09-2010, circular 37/2010, sign, reaches, establishment division, signed, secretary, additional secretary incharge, minister incharge, circular 37/2010 dated 01-09-2010"
Re-employment,What information about a substitute must accompany the proposal?,"Details of steps taken to train the substitute, if any.",Circular 37/2010 dated 01-09-2010,"PIA, PIACL, chapter 28, recruitment / induction, clause 28.11.04, re-employment, re-employment proposal, ex-employee rehiring, fresh employment, fresh employee, 01-09-2010, circular 37/2010, substitute, accompany, proposal, steps taken, train, any, details of steps taken to train the substitute, if any, circular 37/2010 dated 01-09-2010"
Re-employment,Which personnel records must accompany the proposal?,"PARs with photograph, ICP Chart and bio-data on the prescribed proforma.",Circular 37/2010 dated 01-09-2010,"PIA, PIACL, chapter 28, recruitment / induction, clause 28.11.04, re-employment, re-employment proposal, ex-employee rehiring, fresh employment, fresh employee, 01-09-2010, ICP, circular 37/2010, personnel records, accompany, proposal, pars, photograph, ICP chart, bio-data, prescribed proforma, circular 37/2010 dated 01-09-2010"
Re-employment,What medical document must accompany the proposal?,A certificate that the officer is medically fit.,Circular 37/2010 dated 01-09-2010,"PIA, PIACL, chapter 28, recruitment / induction, clause 28.11.04, re-employment, re-employment proposal, ex-employee rehiring, fresh employment, fresh employee, 01-09-2010, circular 37/2010, medical document, accompany, proposal, certificate, medically fit, a certificate that the officer is medically fit, circular 37/2010 dated 01-09-2010"
Re-employment,Who must approve re-employment beyond superannuation?,The Prime Minister.,Circular 37/2010 dated 01-09-2010,"PIA, PIACL, chapter 28, recruitment / induction, clause 28.11.04, re-employment, re-employment approval, ex-employee rehiring, fresh employment, fresh employee, 01-09-2010, circular 37/2010, re-employment beyond superannuation, prime minister, the prime minister, circular 37/2010 dated 01-09-2010"
Re-employment,For how long are employees taking golden handshake or early-retirement benefits barred from public-sector employment?,At least five years.,Circular 10/1999 dated 23-06-1999,"PIA, PIACL, chapter 28, recruitment / induction, clause 28.11.05, re-employment, golden handshake restriction, ex-employee rehiring, fresh employment, fresh employee, 23-06-1999, circular 10/1999, five years, 5 years, long, taking golden handshake, early-retirement benefits barred, public-sector employment, least five years, at least five years, circular 10/1999 dated 23-06-1999"
Re-employment,Which forms of engagement are covered by the five-year restriction?,"Re-employment, contract appointment, consultancy contract and other forms of employment under government, public-sector companies and autonomous or semi-autonomous bodies.",Circular 10/1999 dated 23-06-1999,"PIA, PIACL, chapter 28, recruitment / induction, clause 28.11.05, re-employment, golden handshake restriction, ex-employee rehiring, fresh employment, fresh employee, contract appointment, contract employment, fixed-term contract, 23-06-1999, circular 10/1999, forms, engagement, covered, five-year restriction, consultancy contract, other forms, public-sector companies, autonomous, semi-autonomous bodies, circular 10/1999 dated 23-06-1999"
Re-employment,How are salary and benefits determined for re-employed employees?,"As fresh employment, on revised terms and conditions approved by the competent authority for the case.",HO:HRA&C/043/P&P dated 01-08-2008,"PIA, PIACL, chapter 28, recruitment / induction, clause 28.11.06, re-employment, salary and benefits, ex-employee rehiring, fresh employment, fresh employee, 01-08-2008, salary, benefits, re-employed, revised, competent authority, case, ho:hra, c/043/p, p dated 01-08-2008"
Re-employment,Can re-employed employees claim the salary or benefits received before cessation of service?,No.,HO:HRA&C/043/P&P dated 01-08-2008,"PIA, PIACL, chapter 28, recruitment / induction, clause 28.11.06, re-employment, salary and benefits, ex-employee rehiring, fresh employment, fresh employee, 01-08-2008, re-employed, claim, salary, benefits received, cessation, ho:hra, c/043/p, p dated 01-08-2008"
Reinstatement,Who must approve reinstatement of an employee?,"The CEO / Chairman, following a review petition, or reinstatement may occur under a court order.",A.O.40/2009 dated 26-08-2009,"PIA, PIACL, chapter 28, recruitment / induction, clause 28.12.01, reinstatement, employee reinstatement, restoration of service, court-ordered reinstatement, court order, 26-08-2009, CEO, a.o.40/2009, CEO chairman, review petition, a.o.40/2009 dated 26-08-2009"
Reinstatement,Which service actions may be challenged through a reinstatement review petition?,"Termination, dismissal, compulsory retirement or removal from service.",A.O.40/2009 dated 26-08-2009,"PIA, PIACL, chapter 28, recruitment / induction, clause 28.12.01, reinstatement, covered actions, employee reinstatement, restoration of service, court-ordered reinstatement, court order, 26-08-2009, a.o.40/2009, actions, challenged, reinstatement review petition, termination, dismissal, compulsory retirement, removal, termination, dismissal, compulsory retirement or removal from service, a.o.40/2009 dated 26-08-2009"
Reinstatement,How is the period between termination and reinstatement normally adjusted?,Against accumulated Privilege Leave.,A.O.40/2009 dated 26-08-2009,"PIA, PIACL, chapter 28, recruitment / induction, clause 28.12.02, reinstatement, absence adjustment, employee reinstatement, restoration of service, court-ordered reinstatement, court order, 26-08-2009, a.o.40/2009, period, termination, adjusted, accumulated privilege leave, against accumulated privilege leave, a.o.40/2009 dated 26-08-2009"
Reinstatement,How is the intervening period treated if no Privilege Leave is available?,As leave without pay.,A.O.40/2009 dated 26-08-2009,"PIA, PIACL, chapter 28, recruitment / induction, clause 28.12.02, reinstatement, absence adjustment, employee reinstatement, restoration of service, court-ordered reinstatement, court order, 26-08-2009, a.o.40/2009, intervening period, no privilege leave, leave, as leave without pay, a.o.40/2009 dated 26-08-2009"
Reinstatement,"How is the absence period regularized when reinstatement is ordered by a court, government directive or ordinance?",According to the directions contained in the relevant decision or order.,A.O.40/2009 dated 26-08-2009,"PIA, PIACL, chapter 28, recruitment / induction, clause 28.12.02, reinstatement, court or government orders, employee reinstatement, restoration of service, court-ordered reinstatement, court order, 26-08-2009, a.o.40/2009, absence period regularized, ordered, court, government directive, ordinance, directions contained, relevant decision, order, a.o.40/2009 dated 26-08-2009"
Reinstatement,Does a reinstated employee retain benefits of service rendered before termination?,Yes.,A.O.40/2009 dated 26-08-2009,"PIA, PIACL, chapter 28, recruitment / induction, clause 28.12.02, reinstatement, past service benefits, employee reinstatement, restoration of service, court-ordered reinstatement, court order, 26-08-2009, a.o.40/2009, reinstated, retain benefits, rendered, termination, a.o.40/2009 dated 26-08-2009"
Reinstatement,"Is reinstatement considered for an employee who resigned, was declared redundant or was outsourced?",No.,A.O.40/2009 dated 26-08-2009,"PIA, PIACL, chapter 28, recruitment / induction, clause 28.12.02, reinstatement, ineligible cases, employee reinstatement, restoration of service, court-ordered reinstatement, court order, 26-08-2009, a.o.40/2009, resigned, declared redundant, outsourced, a.o.40/2009 dated 26-08-2009"
Reinstatement,When is seniority re-fixed after reinstatement?,When the intervening period includes more than 120 days of leave without pay; that period is deducted.,A.O.40/2009 dated 26-08-2009,"PIA, PIACL, chapter 28, recruitment / induction, clause 28.12.02, reinstatement, seniority, employee reinstatement, restoration of service, court-ordered reinstatement, court order, 120 days, 26-08-2009, a.o.40/2009, seniority re-fixed, intervening period, more, leave, period, deducted, a.o.40/2009 dated 26-08-2009"
Reinstatement,In which pay group is a reinstated employee placed?,"The same pay group, in the same or another department or station.",A.O.40/2009 dated 26-08-2009,"PIA, PIACL, chapter 28, recruitment / induction, clause 28.12.02, reinstatement, placement, employee reinstatement, restoration of service, court-ordered reinstatement, court order, 26-08-2009, a.o.40/2009, reinstated, same, another department, station, a.o.40/2009 dated 26-08-2009"
Reinstatement,How is basic pay fixed when reinstatement is ordered by a court?,"Annual increments and revisionary benefits for the intervening period are allowed, except performance-based merit increases for 2006, 2007 and 2008.",HO:HRA&C/043/P&P dated 01-08-2008,"PIA, PIACL, chapter 28, recruitment / induction, clause 28.12.03, reinstatement, salary - court order, employee reinstatement, restoration of service, court-ordered reinstatement, merit list, merit-based selection, selection ranking, court order, 01-08-2008, basic, ordered, court, annual increments, revisionary benefits, intervening period, except performance-based merit increases, 2006, 2007, 2008, ho:hra, c/043/p, p dated 01-08-2008"
Reinstatement,When are retrospective financial benefits admissible in a court-ordered reinstatement?,Only when specifically stated in the court order.,HO:HRA&C/043/P&P dated 01-08-2008,"PIA, PIACL, chapter 28, recruitment / induction, clause 28.12.03, reinstatement, salary - court order, employee reinstatement, restoration of service, court-ordered reinstatement, court order, 01-08-2008, retrospective financial benefits admissible, specifically stated, only when specifically stated in the court order, ho:hra, c/043/p, p dated 01-08-2008"
Reinstatement,How is basic pay fixed when reinstatement is at Management's sole discretion?,"Annual increments and revisionary benefits for the intervening period are allowed, except performance-based merit increases for 2006, 2007 and 2008, but without backdated financial benefits.",HO:HRA&C/043/P&P dated 01-08-2008,"PIA, PIACL, chapter 28, recruitment / induction, clause 28.12.03, reinstatement, salary - management discretion, employee reinstatement, restoration of service, court-ordered reinstatement, merit list, merit-based selection, selection ranking, court order, 01-08-2008, basic, management sole discretion, annual increments, revisionary benefits, intervening period, except performance-based merit increases, 2006, 2007, 2008, backdated financial benefits, ho:hra, c/043/p, p dated 01-08-2008"
Reinstatement,Is a review required for the terms and conditions of a reinstated employee?,"No, because continuity of service applies.",HO:HRA&C/043/P&P dated 01-08-2008,"PIA, PIACL, chapter 28, recruitment / induction, clause 28.12.03, reinstatement, terms and conditions, employee reinstatement, restoration of service, court-ordered reinstatement, court order, 01-08-2008, review, reinstated, because continuity, no, because continuity of service applies, ho:hra, c/043/p, p dated 01-08-2008"
Internal / External Selection,To which employees does the internal and external selection policy apply?,"Regular and contractual employees, including re-deployed employees.",A.O.42/2010 dated 16-11-2010,"PIA, PIACL, chapter 28, recruitment / induction, clause 28.13, internal / external selection, internal selection, external selection, career progression, contract appointment, contract employment, fixed-term contract, 16-11-2010, a.o.42/2010, including re-deployed, regular and contractual employees, including re-deployed employees, a.o.42/2010 dated 16-11-2010"
Internal / External Selection,What service is required to apply for a position in the applicant's present pay group?,At least two years in the present pay group.,A.O.42/2010 dated 16-11-2010,"PIA, PIACL, chapter 28, recruitment / induction, clause 28.13.01, internal / external selection, length of service, internal selection, external selection, career progression, 16-11-2010, a.o.42/2010, two years, 2 years, applicant present, least two years, present, at least two years in the present pay group, a.o.42/2010 dated 16-11-2010"
Internal / External Selection,What service is required to apply for a position one pay group higher?,"At least three years in the present pay group, or 10 years total service with at least two years in the present pay group.",A.O.42/2010 dated 16-11-2010,"PIA, PIACL, chapter 28, recruitment / induction, clause 28.13.01, internal / external selection, length of service, internal selection, external selection, career progression, 10 years, 16-11-2010, a.o.42/2010, two years, 2 years, three years, 3 years, one, higher, least three years, present, 10 years total, least two years, a.o.42/2010 dated 16-11-2010"
Internal / External Selection,For what level of internally or externally advertised position may an employee apply?,"An equivalent position or one step higher, subject to job specifications and service criteria.",A.O.42/2010 dated 16-11-2010,"PIA, PIACL, chapter 28, recruitment / induction, clause 28.13.01, internal / external selection, eligibility scope, internal selection, external selection, career progression, 16-11-2010, a.o.42/2010, level, internally, externally, one step higher, job specifications, criteria, a.o.42/2010 dated 16-11-2010"
Internal / External Selection,When does an internally selected PG-VII-or-above employee receive the higher pay group if no waiver was granted?,From the date of selection or joining the new position.,A.O.42/2010; A.O.09/2014,"PIA, PIACL, chapter 28, recruitment / induction, clause 28.13.02, internal / external selection, higher PG without waiver, internal selection, external selection, career progression, PG-VII, pay group-vii, PG, a.o.42/2010, a.o.09/2014, internally, pg-vii-or-above, receive, higher, no waiver, date, joining, new, from the date of selection or joining the new position"
Internal / External Selection,When does an internally selected employee who received an eligibility waiver receive the higher pay group?,After completing two years of satisfactory service in the selected position.,A.O.42/2010; A.O.09/2014,"PIA, PIACL, chapter 28, recruitment / induction, clause 28.13.02, internal / external selection, higher PG with waiver, internal selection, external selection, career progression, PG, a.o.42/2010, a.o.09/2014, two years, 2 years, internally, received, waiver receive, higher, completing two years"
Internal / External Selection,When does an employee selected for a higher position through external advertisement receive the higher pay group?,From the date of selection or joining.,A.O.42/2010; A.O.09/2014,"PIA, PIACL, chapter 28, recruitment / induction, clause 28.13.02, internal / external selection, external selection, internal selection, career progression, a.o.42/2010, a.o.09/2014, higher, external advertisement receive, date, joining, from the date of selection or joining"
Internal / External Selection,Is there an upper age limit for internally advertised positions?,"Normally no, except jobs involving direct customer dealing in front offices or extensive training.",A.O.42/2010; A.O.09/2014,"PIA, PIACL, chapter 28, recruitment / induction, clause 28.13.02, internal / external selection, upper age - internal, internal selection, external selection, career progression, age limit, upper age limit, recruitment age, a.o.42/2010, a.o.09/2014, there, internally, except jobs involving direct customer, jobs involving direct customer dealing, front offices, extensive training"
Internal / External Selection,Is age relaxation available for externally advertised positions?,"Normally no, except positions requiring professional qualifications.",A.O.42/2010; A.O.09/2014,"PIA, PIACL, chapter 28, recruitment / induction, clause 28.13.02, internal / external selection, upper age - external, internal selection, external selection, career progression, age relaxation, upper age limit relaxation, age waiver, a.o.42/2010, a.o.09/2014, externally, except, requiring professional qualifications, normally no, except positions requiring professional qualifications"
Internal / External Selection,Which external positions may allow upper-age relaxation?,"Positions requiring professional degrees from recognized universities, such as MBA, MPA, MAS, MCS, BE, CA or ACMA.",A.O.42/2010; A.O.09/2014,"PIA, PIACL, chapter 28, recruitment / induction, clause 28.13.02, internal / external selection, upper age - professional jobs, internal selection, external selection, career progression, age relaxation, upper age limit relaxation, age waiver, ACMA, MPA, MBA, MCS, MAS, CA, a.o.42/2010, a.o.09/2014, upper-age relaxation, requiring professional degrees, recognized universities, such"
Internal / External Selection,"Must employee applicants meet the prescribed Division, Grade or GPA?","Yes, as stated in the advertised job specifications.",A.O.42/2010; A.O.09/2014,"PIA, PIACL, chapter 28, recruitment / induction, clause 28.13.02, internal / external selection, academic marks, internal selection, external selection, career progression, a.o.42/2010, a.o.09/2014, applicants meet, prescribed division, grade, gpa, stated, job specifications, yes, as stated in the advertised job specifications"
Internal / External Selection,How long must a selected employee remain in the selected position before claiming further progression after a higher pay group?,Two years.,A.O.42/2010; A.O.09/2014,"PIA, PIACL, chapter 28, recruitment / induction, clause 28.13.02, internal / external selection, progression restriction, internal selection, external selection, career progression, a.o.42/2010, a.o.09/2014, two years, 2 years, long, claiming, progression, higher"
Internal / External Selection,Does selection change a regular employee's employment nature?,No. A regular employee remains in the regular cadre even if selected against a temporary or contractual post.,A.O.42/2010; A.O.09/2014,"PIA, PIACL, chapter 28, recruitment / induction, clause 28.13.02, internal / external selection, employment status, internal selection, external selection, career progression, contract appointment, contract employment, fixed-term contract, a.o.42/2010, a.o.09/2014, selection change, employment nature, cadre even, temporary"
Internal / External Selection,What happens to the employment status of a selected contractual employee?,The employee remains contractual and a revised contract is executed without changing the P-number.,A.O.42/2010; A.O.09/2014,"PIA, PIACL, chapter 28, recruitment / induction, clause 28.13.02, internal / external selection, employment status, internal selection, external selection, career progression, contract appointment, contract employment, fixed-term contract, a.o.42/2010, a.o.09/2014, revised contract, executed, changing, p-number"
Internal / External Selection,For what purposes is contract service counted?,For internal or external selection and placement based on qualification.,Circular 03/2010 dated 21-01-2010,"PIA, PIACL, chapter 28, recruitment / induction, clause 28.13.02, internal / external selection, contract service credit, internal selection, external selection, career progression, 21-01-2010, circular 03/2010, purposes, contract, counted, placement based, for internal or external selection and placement based on qualification, circular 03/2010 dated 21-01-2010"
Internal / External Selection,For what purposes is contract service not counted?,Promotion or placement based on seniority or time scale.,Circular 03/2010 dated 21-01-2010,"PIA, PIACL, chapter 28, recruitment / induction, clause 28.13.02, internal / external selection, contract service credit, internal selection, external selection, career progression, 21-01-2010, circular 03/2010, purposes, contract, not counted, promotion, placement based, seniority, time scale, promotion or placement based on seniority or time scale, circular 03/2010 dated 21-01-2010"
Internal / External Selection,How is an internal-selection application submitted?,Through ERP.,A.O.42/2010 dated 16-11-2010,"PIA, PIACL, chapter 28, recruitment / induction, clause 28.13.03, internal / external selection, application method, internal selection, external selection, career progression, 16-11-2010, a.o.42/2010, internal-selection application, erp, through erp, a.o.42/2010 dated 16-11-2010"
Internal / External Selection,How is an external-selection application submitted?,On the prescribed form with required documents to the Recruitment & Selection Section.,A.O.42/2010 dated 16-11-2010,"PIA, PIACL, chapter 28, recruitment / induction, clause 28.13.03, internal / external selection, application method, internal selection, external selection, career progression, 16-11-2010, a.o.42/2010, external-selection application, prescribed form, documents, recruitment selection section, a.o.42/2010 dated 16-11-2010"
Internal / External Selection,Are applications received after the due date entertained?,No.,A.O.42/2010 dated 16-11-2010,"PIA, PIACL, chapter 28, recruitment / induction, clause 28.13.03, internal / external selection, application deadline, internal selection, external selection, career progression, 16-11-2010, a.o.42/2010, applications received, due date entertained, a.o.42/2010 dated 16-11-2010"
Internal / External Selection,Who is called for a written test or interview?,Applicants who meet the advertised job specifications under the rules.,A.O.42/2010 dated 16-11-2010,"PIA, PIACL, chapter 28, recruitment / induction, clause 28.13.03, internal / external selection, testing and interview, internal selection, external selection, career progression, written test, selection test, test score, interview, interview marks, candidate assessment, 16-11-2010, a.o.42/2010, called, applicants, meet, job specifications, applicants who meet the advertised job specifications under the rules, a.o.42/2010 dated 16-11-2010"
Internal / External Selection,Who serves on the Selection Board for PG-I to PG-VI or equivalent positions?,"Chief HR Officer, Chief Concerned, GM Concerned and DGM Recruitment & Placement.",A.O.42/2010 dated 16-11-2010,"PIA, PIACL, chapter 28, recruitment / induction, clause 28.13.04, internal / external selection, selection board composition, internal selection, external selection, career progression, selection board, interview panel, assessment board, PG-I to PG-VI, pay group-i to pay group-vi, 16-11-2010, DGM, HR, GM, PG, a.o.42/2010, serves, PG-I, PG-VI, chief HR officer, DGM recruitment placement, a.o.42/2010 dated 16-11-2010"
Internal / External Selection,Who serves on the Selection Board for PG-VII / PG-VIII or equivalent positions?,"Chief HR Officer, Chief Concerned, GM Concerned and DGM Recruitment & Placement.",A.O.42/2010 dated 16-11-2010,"PIA, PIACL, chapter 28, recruitment / induction, clause 28.13.04, internal / external selection, selection board composition, internal selection, external selection, career progression, selection board, interview panel, assessment board, PG-VII, pay group-vii, PG-VIII, pay group-viii, 16-11-2010, DGM, HR, GM, PG, a.o.42/2010, serves, PG-VII PG-VIII, chief HR officer, DGM recruitment placement, a.o.42/2010 dated 16-11-2010"
Internal / External Selection,Who serves on the Selection Board for PG-IX / PG-X and above or equivalent positions?,"CEO, Chief HR Officer, Chief Concerned and DGM Recruitment & Placement.",A.O.42/2010 dated 16-11-2010,"PIA, PIACL, chapter 28, recruitment / induction, clause 28.13.04, internal / external selection, selection board composition, internal selection, external selection, career progression, selection board, interview panel, assessment board, PG-IX, pay group-ix, PG-X, pay group-x, 16-11-2010, DGM, CEO, HR, PG, a.o.42/2010, serves, PG-IX PG-X, above, chief HR officer, DGM recruitment placement, a.o.42/2010 dated 16-11-2010"
Internal / External Selection,What is the minimum quorum for a Selection Board?,Three members.,A.O.42/2010 dated 16-11-2010,"PIA, PIACL, chapter 28, recruitment / induction, clause 28.13.04, internal / external selection, selection board quorum, internal selection, external selection, career progression, selection board, interview panel, assessment board, 16-11-2010, a.o.42/2010, minimum quorum, three members, a.o.42/2010 dated 16-11-2010"
Internal / External Selection,Which representation is mandatory in the Selection Board quorum?,At least one member from the HR Department.,A.O.42/2010 dated 16-11-2010,"PIA, PIACL, chapter 28, recruitment / induction, clause 28.13.04, internal / external selection, selection board quorum, internal selection, external selection, career progression, selection board, interview panel, assessment board, 16-11-2010, HR, a.o.42/2010, representation, mandatory, least one member, HR department, at least one member from the HR department, a.o.42/2010 dated 16-11-2010"
Internal / External Selection,What happens to basic pay when an employee is selected in the same or equivalent pay group?,It remains unchanged.,A.O.42/2010; A.O.09/2014,"PIA, PIACL, chapter 28, recruitment / induction, clause 28.13.05, internal / external selection, salary fixation, internal selection, external selection, career progression, a.o.42/2010, a.o.09/2014, basic, same, unchanged, it remains unchanged"
Internal / External Selection,How is basic pay fixed on selection to the next higher pay group or position?,"By adding 10% to current basic pay or using the initial basic pay of the higher group, whichever is greater.",A.O.42/2010; A.O.09/2014,"PIA, PIACL, chapter 28, recruitment / induction, clause 28.13.05, internal / external selection, salary fixation, internal selection, external selection, career progression, 10%, 10 percent, a.o.42/2010, a.o.09/2014, basic, next higher, adding 10%, current basic, using, higher, whichever, greater"
Internal / External Selection,When is the pay increase applied to internally selected PG-VII-and-above employees?,"From the date of placement in PG-VII or above, immediately or after two years as applicable.",A.O.42/2010; A.O.09/2014,"PIA, PIACL, chapter 28, recruitment / induction, clause 28.13.05, internal / external selection, salary fixation, internal selection, external selection, career progression, PG-VII, pay group-vii, PG, a.o.42/2010, a.o.09/2014, two years, 2 years, increase, internally, pg-vii-and-above, date, placement, above, immediately"
Internal / External Selection,When is salary fixation applied to an employee selected through an external advertisement?,Immediately from the date of joining the selected or new position.,A.O.42/2010; A.O.09/2014,"PIA, PIACL, chapter 28, recruitment / induction, clause 28.13.05, internal / external selection, salary fixation, internal selection, external selection, career progression, a.o.42/2010, a.o.09/2014, external advertisement, immediately, date, joining, new"
Internal / External Selection,When are selected employees released from their current Department?,"After issuance of the Selection Letter, except PEC employees and approved retention cases.",OO-17/2022 dated 26-12-2022,"PIA, PIACL, chapter 28, recruitment / induction, clause 28.13.06, internal / external selection, release after selection, internal selection, external selection, career progression, 26-12-2022, oo-17/2022, released, current department, issuance, selection letter, except pec, retention cases, oo-17/2022 dated 26-12-2022"
Internal / External Selection,Whose approval is required to retain a selected employee for operational or administrative reasons?,The CEO's approval.,OO-17/2022 dated 26-12-2022,"PIA, PIACL, chapter 28, recruitment / induction, clause 28.13.06, internal / external selection, release after selection, internal selection, external selection, career progression, 26-12-2022, CEO, oo-17/2022, retain, operational, administrative reasons, CEO approval, the ceo's approval, oo-17/2022 dated 26-12-2022"
Internal / External Selection,Whose clearance is required for release from PEC?,The Director General PEC.,OO-17/2022 dated 26-12-2022,"PIA, PIACL, chapter 28, recruitment / induction, clause 28.13.06, internal / external selection, release after selection, internal selection, external selection, career progression, 26-12-2022, oo-17/2022, clearance, release, pec, director, the director general pec, oo-17/2022 dated 26-12-2022"
Internal / External Selection,From what date is seniority of a regular selected employee reckoned?,"From joining the new department or post, or placement in the higher pay group, as applicable.",,"PIA, PIACL, chapter 28, recruitment / induction, clause 28.13.06, internal / external selection, seniority, internal selection, external selection, career progression, date, reckoned, joining, new department, placement, higher"
Internal / External Selection,What happens to leave and passages earned in the previous grade or trade?,They are carried forward for use under the applicable rules.,,"PIA, PIACL, chapter 28, recruitment / induction, clause 28.13.06, internal / external selection, leave and passage, internal selection, external selection, career progression, leave, passages earned, previous grade, trade, carried forward, they are carried forward for use under the applicable rules"
Internal / External Selection,What conduct record is required for internal or external selection?,Good conduct and a clean record.,,"PIA, PIACL, chapter 28, recruitment / induction, clause 28.13.06, internal / external selection, conduct requirement, internal selection, external selection, career progression, record, good, clean record, good conduct and a clean record"
Internal / External Selection,Who is ineligible for internal or external selection due to insufficient time in the present pay group?,"An employee with less than two years in the present pay group since appointment, promotion, selection or re-designation.",A.O.08/2018 dated 23-10-2018,"PIA, PIACL, chapter 28, recruitment / induction, clause 28.13.06, internal / external selection, two-year restriction, internal selection, external selection, career progression, 23-10-2018, a.o.08/2018, two years, 2 years, ineligible, external selection due, insufficient time, present, less, since appointment, promotion, re-designation, a.o.08/2018 dated 23-10-2018"
Internal / External Selection,For how long does standby status remain valid for an internally selected employee?,"One year from competent-authority approval, subject to vacancy availability.",A.O.23/2014 dated 21-10-2014,"PIA, PIACL, chapter 28, recruitment / induction, clause 28.13.06-a, internal / external selection, standby status, internal selection, external selection, career progression, 21-10-2014, a.o.23/2014, one year, 1 year, long, valid, internally, competent-authority approval, vacancy availability, one year from competent-authority approval, subject to vacancy availability, a.o.23/2014 dated 21-10-2014"
Internal / External Selection,What may prevent a standby candidate from being considered when a vacancy arises?,Disciplinary action or any other reason warranting non-consideration.,A.O.23/2014 dated 21-10-2014,"PIA, PIACL, chapter 28, recruitment / induction, clause 28.13.06-a, internal / external selection, standby status, internal selection, external selection, career progression, 21-10-2014, a.o.23/2014, prevent, standby, vacancy arises, disciplinary action, any other reason warranting non-consideration, disciplinary action or any other reason warranting non-consideration, a.o.23/2014 dated 21-10-2014"
Internal / External Selection,Does a standby candidate have a right to claim selection?,"No, especially if no vacancy arises within one year or arises after the validity period expires.",A.O.23/2014 dated 21-10-2014,"PIA, PIACL, chapter 28, recruitment / induction, clause 28.13.06-a, internal / external selection, standby status, internal selection, external selection, career progression, 21-10-2014, a.o.23/2014, one year, 1 year, standby, right, claim selection, especially, no vacancy arises, arises, validity period expires, a.o.23/2014 dated 21-10-2014"
Internal / External Selection,How long is lien retained when change of trade depends on successful training?,For a period equal to the training period.,,"PIA, PIACL, chapter 28, recruitment / induction, clause 28.13.07, internal / external selection, lien, internal selection, external selection, career progression, long, lien retained, change, trade depends, successful training, period equal, training period, for a period equal to the training period"
Internal / External Selection,What is transferred after successful completion of training?,"Accumulated Privilege Leave, Sick Leave and Passage account to the new grade or trade.",,"PIA, PIACL, chapter 28, recruitment / induction, clause 28.13.07, internal / external selection, lien, internal selection, external selection, career progression, transferred, successful completion, accumulated privilege leave, sick leave, passage account, new grade, trade"
Internal / External Selection,What happens if the employee fails the training?,The employee returns to the substantive post with all benefits as if service there had continued uninterrupted.,,"PIA, PIACL, chapter 28, recruitment / induction, clause 28.13.07, internal / external selection, lien, internal selection, external selection, career progression, fails, returns, substantive, all benefits, there, uninterrupted"
Internal / External Selection,How long is lien retained where no training is involved?,For a period equal to the probationary period of the post.,,"PIA, PIACL, chapter 28, recruitment / induction, clause 28.13.07, internal / external selection, lien, internal selection, external selection, career progression, long, lien retained, no training, involved, period equal, probationary period"
Cadet Pilots & Trainee Engineers,What is the objective of the policy for cadets and trainee engineers?,"To provide equal emoluments and facilities and absorb them in regular cadres after training, subject to the Company's permanent-absorption policy.",,"PIA, PIACL, chapter 28, recruitment / induction, clause 28.14, cadet pilots & trainee engineers, policy objective, cadet pilot policy, trainee engineer policy, aviation trainees, cadets, trainee engineers, provide equal emoluments, absorb, permanent-absorption"
Cadet Pilots & Trainee Engineers,On what basis are pilots appointed against permanent positions?,On contract basis.,A.O.29(A)/2011 dated 10-10-2011,"PIA, PIACL, chapter 28, recruitment / induction, clause 28.14.01, cadet pilots & trainee engineers, pilot employment, cadet pilot policy, trainee engineer policy, aviation trainees, pilot, cockpit crew, flight operations, 10-10-2011, a.o.29(a)/2011, pilots appointed, permanent, contract, on contract basis, a.o.29(a)/2011 dated 10-10-2011"
Cadet Pilots & Trainee Engineers,What probationary period applies before a pilot's confirmation?,18 months of satisfactory performance counted from the first productive flight.,A.O.29(A)/2011 dated 10-10-2011,"PIA, PIACL, chapter 28, recruitment / induction, clause 28.14.01, cadet pilots & trainee engineers, pilot confirmation, cadet pilot policy, trainee engineer policy, aviation trainees, pilot, cockpit crew, flight operations, 18 months, 10-10-2011, a.o.29(a)/2011, probationary period, performance counted, first productive flight, a.o.29(a)/2011 dated 10-10-2011"
Cadet Pilots & Trainee Engineers,Which contractual pilots were considered for permanent absorption from 01-10-2011?,"Pilots below age 50 who had completed at least six months' contractual service by 30-09-2011, subject to Chief of Flight Operations recommendation.",A.O.29(A)/2011 dated 10-10-2011,"PIA, PIACL, chapter 28, recruitment / induction, clause 28.14.01, cadet pilots & trainee engineers, pilot absorption, cadet pilot policy, trainee engineer policy, aviation trainees, pilot, cockpit crew, flight operations, contract appointment, contract employment, fixed-term contract, 01-10-2011, 30-09-2011, 10-10-2011, a.o.29(a)/2011, six months, 6 months, contractual pilots, permanent absorption, pilots below age 50, least six months contractual, flight operations recommendation, a.o.29(a)/2011 dated 10-10-2011"
Cadet Pilots & Trainee Engineers,What service is required for pilots inducted after 30-09-2011 to be considered for permanent absorption?,"18 months of satisfactory service after the first productive flight, compliance with permanent-employment criteria, and recommendation of the Chief of Flight Operations.",A.O.29(A)/2011 dated 10-10-2011,"PIA, PIACL, chapter 28, recruitment / induction, clause 28.14.01, cadet pilots & trainee engineers, pilot absorption, cadet pilot policy, trainee engineer policy, aviation trainees, pilot, cockpit crew, flight operations, 18 months, 30-09-2011, 10-10-2011, a.o.29(a)/2011, pilots inducted, permanent absorption, first productive flight, compliance, permanent-employment criteria, recommendation, a.o.29(a)/2011 dated 10-10-2011"
Cadet Pilots & Trainee Engineers,How is seniority decided within a pilot batch joining on the same date?,By merit and age.,,"PIA, PIACL, chapter 28, recruitment / induction, clause 28.14.01, cadet pilots & trainee engineers, pilot seniority, cadet pilot policy, trainee engineer policy, aviation trainees, merit list, merit-based selection, selection ranking, pilot, cockpit crew, flight operations, seniority, pilot batch joining, same date, merit, age, by merit and age"
Cadet Pilots & Trainee Engineers,Who is senior when internal and external pilot candidates join together?,"Internal candidates, due to prior Company service and airline orientation.",,"PIA, PIACL, chapter 28, recruitment / induction, clause 28.14.01, cadet pilots & trainee engineers, pilot seniority, cadet pilot policy, trainee engineer policy, aviation trainees, pilot, cockpit crew, flight operations, senior, external pilot, join together, due, prior, airline orientation, internal candidates, due to prior company service and airline orientation"
Cadet Pilots & Trainee Engineers,"Are Cadet Pilots recruited internally, externally or both?",Both internally and externally.,A.O.1/1978 dated 01-01-1978,"PIA, PIACL, chapter 28, recruitment / induction, clause 28.14.02, cadet pilots & trainee engineers, cadet pilot recruitment, cadet pilot policy, trainee engineer policy, aviation trainees, cadet pilot, pilot trainee, flight training, pilot, cockpit crew, flight operations, 01-01-1978, a.o.1/1978, cadet pilots recruited internally, externally, both, both internally, both internally and externally, a.o.1/1978 dated 01-01-1978"
Cadet Pilots & Trainee Engineers,What educational qualification is required for a Cadet Pilot?,Intermediate / A-Level with 2nd Class or B Grade.,A.O.1/1978 dated 01-01-1978,"PIA, PIACL, chapter 28, recruitment / induction, clause 28.14.02, cadet pilots & trainee engineers, cadet pilot criteria, cadet pilot policy, trainee engineer policy, aviation trainees, cadet pilot, pilot trainee, flight training, pilot, cockpit crew, flight operations, 01-01-1978, a.o.1/1978, educational qualification, intermediate a-level, 2 nd class, b grade, intermediate / a-level with 2nd class or b grade, a.o.1/1978 dated 01-01-1978"
Cadet Pilots & Trainee Engineers,What licence is required for a Cadet Pilot?,A Commercial Pilot Licence.,A.O.1/1978 dated 01-01-1978,"PIA, PIACL, chapter 28, recruitment / induction, clause 28.14.02, cadet pilots & trainee engineers, cadet pilot criteria, cadet pilot policy, trainee engineer policy, aviation trainees, cadet pilot, pilot trainee, flight training, pilot, cockpit crew, flight operations, 01-01-1978, a.o.1/1978, licence, commercial pilot licence, a commercial pilot licence, a.o.1/1978 dated 01-01-1978"
Cadet Pilots & Trainee Engineers,Who decides the age limit for Cadet Pilots?,Management from time to time.,A.O.1/1978 dated 01-01-1978,"PIA, PIACL, chapter 28, recruitment / induction, clause 28.14.02, cadet pilots & trainee engineers, cadet pilot criteria, cadet pilot policy, trainee engineer policy, aviation trainees, age limit, upper age limit, recruitment age, cadet pilot, pilot trainee, flight training, pilot, cockpit crew, flight operations, 01-01-1978, a.o.1/1978, cadet pilots, management, time, management from time to time, a.o.1/1978 dated 01-01-1978"
Cadet Pilots & Trainee Engineers,What stipend is paid to an outsider Cadet Pilot from outside Karachi?,"PKR 25,000 per month.",A.O.07/1994; 32nd ELT Meeting 10-07-2006,"PIA, PIACL, chapter 28, recruitment / induction, clause 28.14.03, cadet pilots & trainee engineers, cadet pilot stipend, cadet pilot policy, trainee engineer policy, aviation trainees, cadet pilot, pilot trainee, flight training, pilot, cockpit crew, flight operations, pkr 25,000, 25000 rupees, 10-07-2006, a.o.07/1994, stipend, paid, outsider cadet pilot, karachi, pkr 25, 000 per month, pkr 25,000 per month, 32nd elt meeting 10-07-2006"
Cadet Pilots & Trainee Engineers,What hotel facility is provided to an outsider Cadet Pilot from outside Karachi?,"Airport Hotel accommodation on twin-sharing basis, paid directly by PIA at PKR 45,000.",A.O.07/1994; 32nd ELT Meeting 10-07-2006,"PIA, PIACL, chapter 28, recruitment / induction, clause 28.14.03, cadet pilots & trainee engineers, cadet pilot accommodation, cadet pilot policy, trainee engineer policy, aviation trainees, cadet pilot, pilot trainee, flight training, pilot, cockpit crew, flight operations, pkr 45,000, 45000 rupees, 10-07-2006, a.o.07/1994, hotel facility, outsider cadet pilot, karachi, airport hotel accommodation, twin-sharing, paid, pkr 45, 000, 32nd elt meeting 10-07-2006"
Cadet Pilots & Trainee Engineers,What stipend is paid when PIA does not provide boarding or lodging?,"Rs.50,000 per month.",A.O.07/1994; 32nd ELT Meeting 10-07-2006,"PIA, PIACL, chapter 28, recruitment / induction, clause 28.14.03, cadet pilots & trainee engineers, cadet pilot stipend, cadet pilot policy, trainee engineer policy, aviation trainees, cadet pilot, pilot trainee, flight training, pilot, cockpit crew, flight operations, rs.50,000, 50000 rupees, 10-07-2006, a.o.07/1994, stipend, paid, not provide boarding, lodging, rs, 50, 000 per month, rs.50,000 per month, 32nd elt meeting 10-07-2006"
Cadet Pilots & Trainee Engineers,Are Cadet Pilots entitled to other allowances available to regular employees?,No.,A.O.07/1994; 32nd ELT Meeting 10-07-2006,"PIA, PIACL, chapter 28, recruitment / induction, clause 28.14.03, cadet pilots & trainee engineers, cadet pilot allowances, cadet pilot policy, trainee engineer policy, aviation trainees, cadet pilot, pilot trainee, flight training, pilot, cockpit crew, flight operations, 10-07-2006, a.o.07/1994, cadet pilots, other allowances, 32nd elt meeting 10-07-2006"
Cadet Pilots & Trainee Engineers,What do internally selected Cadet Pilots receive during training?,Their existing salary and allowances until re-designation as Flight Officer.,A.O.07/1994; 32nd ELT Meeting 10-07-2006,"PIA, PIACL, chapter 28, recruitment / induction, clause 28.14.03, cadet pilots & trainee engineers, internal cadet pilots, cadet pilot policy, trainee engineer policy, aviation trainees, 10-07-2006, a.o.07/1994, internally, cadet pilots receive, existing salary, allowances until re-designation, flight officer, their existing salary and allowances until re-designation as flight officer, 32nd elt meeting 10-07-2006"
Cadet Pilots & Trainee Engineers,How much annual vacation is a cadet entitled to after one year of training?,7 days.,A.O.28/1977 dated 03-07-1977,"PIA, PIACL, chapter 28, recruitment / induction, clause 28.14.04, cadet pilots & trainee engineers, cadet leave, cadet pilot policy, trainee engineer policy, aviation trainees, 7 days, 03-07-1977, a.o.28/1977, one year, 1 year, much annual vacation, cadet, a.o.28/1977 dated 03-07-1977"
Cadet Pilots & Trainee Engineers,How much Casual Leave is a cadet entitled to during one year of training?,6 days.,A.O.28/1977 dated 03-07-1977,"PIA, PIACL, chapter 28, recruitment / induction, clause 28.14.04, cadet pilots & trainee engineers, cadet leave, cadet pilot policy, trainee engineer policy, aviation trainees, 6 days, 03-07-1977, a.o.28/1977, one year, 1 year, much casual leave, cadet, a.o.28/1977 dated 03-07-1977"
Cadet Pilots & Trainee Engineers,How much Sick Leave is a cadet entitled to during one year of training?,"6 days, subject to a medical certificate from the Company's doctor.",A.O.28/1977 dated 03-07-1977,"PIA, PIACL, chapter 28, recruitment / induction, clause 28.14.04, cadet pilots & trainee engineers, cadet leave, cadet pilot policy, trainee engineer policy, aviation trainees, 6 days, 03-07-1977, a.o.28/1977, one year, 1 year, much sick leave, cadet, medical certificate, doctor, a.o.28/1977 dated 03-07-1977"
Cadet Pilots & Trainee Engineers,Are cadets entitled to gazetted and closed holidays?,"Yes, as allowed to other employees.",A.O.28/1977 dated 03-07-1977,"PIA, PIACL, chapter 28, recruitment / induction, clause 28.14.04, cadet pilots & trainee engineers, cadet leave, cadet pilot policy, trainee engineer policy, aviation trainees, 03-07-1977, a.o.28/1977, cadets, gazetted, closed holidays, other, yes, as allowed to other employees, a.o.28/1977 dated 03-07-1977"
Cadet Pilots & Trainee Engineers,What passage entitlement applies to cadets?,The entitlement stated in their training contract and passage rules.,,"PIA, PIACL, chapter 28, recruitment / induction, clause 28.14.05, cadet pilots & trainee engineers, cadet passage, cadet pilot policy, trainee engineer policy, aviation trainees, passage entitlement, cadets, entitlement stated, training contract, passage, the entitlement stated in their training contract and passage rules"
Cadet Pilots & Trainee Engineers,How are internally selected candidates treated during training?,At par with other trainees for all purposes.,,"PIA, PIACL, chapter 28, recruitment / induction, clause 28.14.06, cadet pilots & trainee engineers, internal trainees, cadet pilot policy, trainee engineer policy, aviation trainees, PAR, internally, other trainees, all purposes, at PAR with other trainees for all purposes"
Cadet Pilots & Trainee Engineers,What existing entitlements may internally selected candidates carry forward into training?,Leave and passage balances at their credit.,,"PIA, PIACL, chapter 28, recruitment / induction, clause 28.14.06, cadet pilots & trainee engineers, internal trainees, cadet pilot policy, trainee engineer policy, aviation trainees, existing entitlements, internally, carry forward, leave, passage balances, credit, leave and passage balances at their credit"
Cadet Pilots & Trainee Engineers,How long is lien maintained for internally selected candidates?,For a period equal to the training period.,,"PIA, PIACL, chapter 28, recruitment / induction, clause 28.14.06, cadet pilots & trainee engineers, internal trainees, cadet pilot policy, trainee engineer policy, aviation trainees, long, lien, internally, period equal, training period, for a period equal to the training period"
Cadet Pilots & Trainee Engineers,"What bond amount is payable if an Aeronautical Cadet abandons training, fails to obtain the degree or is removed for misconduct?","Rs.500,000.",A.O.06/2003 dated 24-03-2003; MRP/CADETS/04/149 dated 08-04-2004,"PIA, PIACL, chapter 28, recruitment / induction, clause 28.14.08, cadet pilots & trainee engineers, aeronautical cadet bond, cadet pilot policy, trainee engineer policy, aviation trainees, rs.500,000, 500000 rupees, 24-03-2003, 08-04-2004, a.o.06/2003, bond amount, payable, aeronautical cadet abandons training, fails, degree, removed, misconduct, rs, 500, 000, a.o.06/2003 dated 24-03-2003, mrp/cadets/04/149 dated 08-04-2004"
Cadet Pilots & Trainee Engineers,What monthly stipend is paid to an Aeronautical Cadet?,"Rs.30,000 per month.",A.O.06/2003 dated 24-03-2003; MRP/CADETS/04/149 dated 08-04-2004,"PIA, PIACL, chapter 28, recruitment / induction, clause 28.14.08, cadet pilots & trainee engineers, aeronautical cadet stipend, cadet pilot policy, trainee engineer policy, aviation trainees, rs.30,000, 30000 rupees, 24-03-2003, 08-04-2004, a.o.06/2003, monthly stipend, paid, aeronautical cadet, rs, 30, 000 per month, rs.30,000 per month, a.o.06/2003 dated 24-03-2003, mrp/cadets/04/149 dated 08-04-2004"
Cadet Pilots & Trainee Engineers,What annual travel facility is available to an Aeronautical Cadet?,"Up to four First Class train tickets or four free sublo Economy Class air tickets for self only, round trip between training place and hometown in Pakistan.",A.O.06/2003 dated 24-03-2003; MRP/CADETS/04/149 dated 08-04-2004,"PIA, PIACL, chapter 28, recruitment / induction, clause 28.14.08, cadet pilots & trainee engineers, aeronautical cadet travel, cadet pilot policy, trainee engineer policy, aviation trainees, 24-03-2003, 08-04-2004, a.o.06/2003, annual travel facility, aeronautical cadet, four first class train tickets, four free sublo economy class, sublo economy class air tickets, self only, round trip, training place, hometown, pakistan, a.o.06/2003 dated 24-03-2003, mrp/cadets/04/149 dated 08-04-2004"
Cadet Pilots & Trainee Engineers,For what travel occasions may an Aeronautical Cadet use the annual travel facility?,"Term breaks, leave periods or holidays.",A.O.06/2003 dated 24-03-2003; MRP/CADETS/04/149 dated 08-04-2004,"PIA, PIACL, chapter 28, recruitment / induction, clause 28.14.08, cadet pilots & trainee engineers, aeronautical cadet travel, cadet pilot policy, trainee engineer policy, aviation trainees, 24-03-2003, 08-04-2004, a.o.06/2003, travel occasions, aeronautical cadet, annual travel facility, term breaks, leave periods, holidays, term breaks, leave periods or holidays, a.o.06/2003 dated 24-03-2003, mrp/cadets/04/149 dated 08-04-2004"
Cadet Pilots & Trainee Engineers,Is the Aeronautical Cadet travel facility accumulative?,No.,A.O.06/2003 dated 24-03-2003; MRP/CADETS/04/149 dated 08-04-2004,"PIA, PIACL, chapter 28, recruitment / induction, clause 28.14.08, cadet pilots & trainee engineers, aeronautical cadet travel, cadet pilot policy, trainee engineer policy, aviation trainees, 24-03-2003, 08-04-2004, a.o.06/2003, aeronautical cadet travel facility accumulative, a.o.06/2003 dated 24-03-2003, mrp/cadets/04/149 dated 08-04-2004"
Cadet Pilots & Trainee Engineers,What medical coverage is provided to an Aeronautical Cadet?,"Full medical coverage for self at PIA medical facilities during sickness or hospitalization; PAF may provide MI-room and emergency hospitalization, with expenses reimbursed by PIA.",A.O.06/2003 dated 24-03-2003; MRP/CADETS/04/149 dated 08-04-2004,"PIA, PIACL, chapter 28, recruitment / induction, clause 28.14.08, cadet pilots & trainee engineers, aeronautical cadet medical, cadet pilot policy, trainee engineer policy, aviation trainees, 24-03-2003, 08-04-2004, a.o.06/2003, medical coverage, aeronautical cadet, full medical coverage, self, PIA medical facilities, sickness, hospitalization, paf, provide mi-room, emergency hospitalization, expenses reimbursed, a.o.06/2003 dated 24-03-2003, mrp/cadets/04/149 dated 08-04-2004"
Cadet Pilots & Trainee Engineers,What clothing facilities are provided to Aeronautical Cadets?,"Uniform and sports or games dress approved by Management, or reimbursement of those expenses.",A.O.06/2003 dated 24-03-2003; MRP/CADETS/04/149 dated 08-04-2004,"PIA, PIACL, chapter 28, recruitment / induction, clause 28.14.08, cadet pilots & trainee engineers, aeronautical cadet uniform, cadet pilot policy, trainee engineer policy, aviation trainees, 24-03-2003, 08-04-2004, a.o.06/2003, clothing facilities, aeronautical cadets, uniform, sports, games dress, management, reimbursement, expenses, a.o.06/2003 dated 24-03-2003, mrp/cadets/04/149 dated 08-04-2004"
Cadet Pilots & Trainee Engineers,How long must an Aeronautical Cadet serve PIA after obtaining the degree?,"At least 10 years, counted from the date of initial licence or approval through CAA / Chief Engineer (QS) notification.",A.O.06/2003 dated 24-03-2003; MRP/CADETS/04/149 dated 08-04-2004,"PIA, PIACL, chapter 28, recruitment / induction, clause 28.14.08, cadet pilots & trainee engineers, aeronautical cadet service, cadet pilot policy, trainee engineer policy, aviation trainees, rs, 10 years, 24-03-2003, 08-04-2004, a.o.06/2003, long, aeronautical cadet serve PIA, obtaining, degree, least 10 years, counted, date, licence, caa chief engineer qs notification, a.o.06/2003 dated 24-03-2003, mrp/cadets/04/149 dated 08-04-2004"
Cadet Pilots & Trainee Engineers,On what basis and equivalent pay group are B.E. or equivalent Trainee Engineers employed?,"On contract equivalent to PG-V (OEPS), with admissible benefits.",A.O.44/1978; A.O.23/1991; A.O.06/2003,"PIA, PIACL, chapter 28, recruitment / induction, clause 28.14.09, cadet pilots & trainee engineers, trainee engineer appointment, cadet pilot policy, trainee engineer policy, aviation trainees, trainee engineer, engineering trainee, aircraft engineering, PG-V, pay group-v, PG, a.o.44/1978, a.o.23/1991, a.o.06/2003, b, e, equivalent trainee engineers employed, contract equivalent, PG-V oeps, admissible benefits, on contract equivalent to PG-V (oeps), with admissible benefits"
Cadet Pilots & Trainee Engineers,May a Trainee Engineer apply against internal or external advertisements during employment with PIA?,No.,A.O.44/1978; A.O.23/1991; A.O.06/2003,"PIA, PIACL, chapter 28, recruitment / induction, clause 28.14.09, cadet pilots & trainee engineers, trainee engineer restriction, cadet pilot policy, trainee engineer policy, aviation trainees, trainee engineer, engineering trainee, aircraft engineering, a.o.44/1978, a.o.23/1991, a.o.06/2003, external advertisements"
Cadet Pilots & Trainee Engineers,How long must a Trainee Engineer serve after successful training?,At least 10 years from the date of initial licence or approval through CAA / Chief Engineer (QS) notification.,A.O.44/1978; A.O.23/1991; A.O.06/2003,"PIA, PIACL, chapter 28, recruitment / induction, clause 28.14.09, cadet pilots & trainee engineers, trainee engineer service bond, cadet pilot policy, trainee engineer policy, aviation trainees, trainee engineer, engineering trainee, aircraft engineering, 10 years, a.o.44/1978, a.o.23/1991, a.o.06/2003, long, trainee engineer serve, successful training, least 10 years, date, licence, caa chief engineer qs notification"
Cadet Pilots & Trainee Engineers,When is a Trainee Engineer or the sureties liable to repay training cost?,"If the trainee abandons training or service, or is terminated for misconduct before completing the 10-year service period.",A.O.44/1978; A.O.23/1991; A.O.06/2003,"PIA, PIACL, chapter 28, recruitment / induction, clause 28.14.09, cadet pilots & trainee engineers, trainee engineer bond recovery, cadet pilot policy, trainee engineer policy, aviation trainees, trainee engineer, engineering trainee, aircraft engineering, training cost recovery, service bond, bond recovery, a.o.44/1978, a.o.23/1991, a.o.06/2003, sureties liable, repay training cost, trainee abandons training, terminated, misconduct, completing, 10 year, period"
Cadet Pilots & Trainee Engineers,What is the stated Trainee Engineer bond amount?,"Rs.125,000, or another amount determined by the Company as the training cost.",A.O.44/1978; A.O.23/1991; A.O.06/2003,"PIA, PIACL, chapter 28, recruitment / induction, clause 28.14.09, cadet pilots & trainee engineers, trainee engineer bond recovery, cadet pilot policy, trainee engineer policy, aviation trainees, trainee engineer, engineering trainee, aircraft engineering, training cost recovery, service bond, bond recovery, rs.125,000, 125000 rupees, a.o.44/1978, a.o.23/1991, a.o.06/2003, stated trainee engineer bond amount, rs, 125, 000, another amount, training cost"
Cadet Pilots & Trainee Engineers,What percentage of the bond is recoverable during the first three years of the bond period?,100%.,A.O.44/1978; A.O.23/1991; A.O.06/2003,"PIA, PIACL, chapter 28, recruitment / induction, clause 28.14.09, cadet pilots & trainee engineers, trainee engineer bond recovery, cadet pilot policy, trainee engineer policy, aviation trainees, trainee engineer, engineering trainee, aircraft engineering, training cost recovery, service bond, bond recovery, 100%, 100 percent, a.o.44/1978, a.o.23/1991, a.o.06/2003, three years, 3 years, bond, recoverable, first three years, bond period"
Cadet Pilots & Trainee Engineers,What percentage of the bond is recoverable during years four to six?,60%.,A.O.44/1978; A.O.23/1991; A.O.06/2003,"PIA, PIACL, chapter 28, recruitment / induction, clause 28.14.09, cadet pilots & trainee engineers, trainee engineer bond recovery, cadet pilot policy, trainee engineer policy, aviation trainees, trainee engineer, engineering trainee, aircraft engineering, training cost recovery, service bond, bond recovery, 60%, 60 percent, a.o.44/1978, a.o.23/1991, a.o.06/2003, bond, recoverable, years four, six"
Cadet Pilots & Trainee Engineers,What percentage of the bond is recoverable during years seven and eight?,40%.,A.O.44/1978; A.O.23/1991; A.O.06/2003,"PIA, PIACL, chapter 28, recruitment / induction, clause 28.14.09, cadet pilots & trainee engineers, trainee engineer bond recovery, cadet pilot policy, trainee engineer policy, aviation trainees, trainee engineer, engineering trainee, aircraft engineering, training cost recovery, service bond, bond recovery, 40%, 40 percent, a.o.44/1978, a.o.23/1991, a.o.06/2003, bond, recoverable, years seven, eight"
Cadet Pilots & Trainee Engineers,What percentage of the bond is recoverable during years nine and ten?,20%.,A.O.44/1978; A.O.23/1991; A.O.06/2003,"PIA, PIACL, chapter 28, recruitment / induction, clause 28.14.09, cadet pilots & trainee engineers, trainee engineer bond recovery, cadet pilot policy, trainee engineer policy, aviation trainees, trainee engineer, engineering trainee, aircraft engineering, training cost recovery, service bond, bond recovery, 20%, 20 percent, a.o.44/1978, a.o.23/1991, a.o.06/2003, bond, recoverable, years nine, ten"
Cadet Pilots & Trainee Engineers,"Does the pro-rata bond formula also apply to the Rs.500,000 bond of cadets who join as Trainee Engineers?",Yes.,A.O.44/1978; A.O.23/1991; A.O.06/2003,"PIA, PIACL, chapter 28, recruitment / induction, clause 28.14.09, cadet pilots & trainee engineers, trainee engineer bond recovery, cadet pilot policy, trainee engineer policy, aviation trainees, trainee engineer, engineering trainee, aircraft engineering, training cost recovery, service bond, bond recovery, rs.500,000, 500000 rupees, a.o.44/1978, a.o.23/1991, a.o.06/2003, pro-rata bond formula also, rs, 500, 000 bond, cadets, join, trainee engineers"
Cadet Pilots & Trainee Engineers,What passage facility is available to Trainee Engineers taken in regular pay groups?,The same passage facility as other serving officers under the rules.,A.O.44/1978; A.O.23/1991; A.O.06/2003,"PIA, PIACL, chapter 28, recruitment / induction, clause 28.14.09, cadet pilots & trainee engineers, trainee engineer passage, cadet pilot policy, trainee engineer policy, aviation trainees, trainee engineer, engineering trainee, aircraft engineering, a.o.44/1978, a.o.23/1991, a.o.06/2003, passage facility, trainee engineers taken, same passage facility, other serving officers"
Cadet Pilots & Trainee Engineers,When does a Trainee Engineer become eligible for PIAC Provident Fund membership?,"On confirmation, which is effective from the date of obtaining the first licence or approval.",A.O.44/1978; A.O.23/1991; A.O.06/2003,"PIA, PIACL, chapter 28, recruitment / induction, clause 28.14.09, cadet pilots & trainee engineers, trainee engineer provident fund, cadet pilot policy, trainee engineer policy, aviation trainees, trainee engineer, engineering trainee, aircraft engineering, provident fund, pf deduction, retirement contribution, a.o.44/1978, a.o.23/1991, a.o.06/2003, piac provident fund membership, confirmation, effective, date, obtaining, first licence"
Cadet Pilots & Trainee Engineers,When does Provident Fund deduction start for a Trainee Engineer?,The source sentence ends with 'Provident Fund deduction shall start from the' and does not state the completing date.,A.O.44/1978; A.O.23/1991; A.O.06/2003,"PIA, PIACL, chapter 28, recruitment / induction, clause 28.14.09, cadet pilots & trainee engineers, trainee engineer provident fund, cadet pilot policy, trainee engineer policy, aviation trainees, trainee engineer, engineering trainee, aircraft engineering, provident fund, pf deduction, retirement contribution, a.o.44/1978, a.o.23/1991, a.o.06/2003, provident fund deduction start, source sentence ends, provident fund deduction, start, not, completing date"
Pilot Selection Procedure,"Which Department notifies pilot, Cadet Pilot and Trainee Pilot vacancies to Recruitment & Placement?",The Flight Operations Department.,A.O.29/1980 and corrigendum; DFO/CPilot/2025 dated 10-07-2025; Management approval P&C/Cadet Pilots/26 dated 06-01-2026,"PIA, PIACL, chapter 28, recruitment / induction, clause 28.15, pilot selection procedure, vacancy initiation, pilot selection, cadet pilot recruitment, flight operations vacancies, cadet pilot, pilot trainee, flight training, pilot, cockpit crew, flight operations, 10-07-2025, 06-01-2026, DFO, a.o.29/1980, department notifies pilot, trainee pilot vacancies, recruitment placement, flight operations department, the flight operations department, a.o.29/1980 and corrigendum, dfo/cpilot/2025 dated 10-07-2025, management approval p, c/cadet pilots/26 dated 06-01-2026"
Pilot Selection Procedure,What must accompany the vacancy notification?,The job specifications.,A.O.29/1980 and corrigendum; DFO/CPilot/2025 dated 10-07-2025; Management approval P&C/Cadet Pilots/26 dated 06-01-2026,"PIA, PIACL, chapter 28, recruitment / induction, clause 28.15, pilot selection procedure, vacancy initiation, pilot selection, cadet pilot recruitment, flight operations vacancies, pilot, cockpit crew, flight operations, 10-07-2025, 06-01-2026, DFO, a.o.29/1980, accompany, vacancy notification, job specifications, the job specifications, a.o.29/1980 and corrigendum, dfo/cpilot/2025 dated 10-07-2025, management approval p, c/cadet pilots/26 dated 06-01-2026"
Pilot Selection Procedure,Who issues the internal or external advertisement for pilot vacancies?,The Recruitment & Placement Section.,A.O.29/1980 and corrigendum; DFO/CPilot/2025 dated 10-07-2025; Management approval P&C/Cadet Pilots/26 dated 06-01-2026,"PIA, PIACL, chapter 28, recruitment / induction, clause 28.15, pilot selection procedure, advertisement, pilot selection, cadet pilot recruitment, flight operations vacancies, pilot, cockpit crew, flight operations, 10-07-2025, 06-01-2026, DFO, a.o.29/1980, external advertisement, pilot vacancies, recruitment placement section, the recruitment & placement section, a.o.29/1980 and corrigendum, dfo/cpilot/2025 dated 10-07-2025, management approval p, c/cadet pilots/26 dated 06-01-2026"
Pilot Selection Procedure,Who jointly vets pilot applications?,Recruitment & Placement and DGM Training Control or a nominated Flight Operations official.,A.O.29/1980 and corrigendum; DFO/CPilot/2025 dated 10-07-2025; Management approval P&C/Cadet Pilots/26 dated 06-01-2026,"PIA, PIACL, chapter 28, recruitment / induction, clause 28.15, pilot selection procedure, application vetting, pilot selection, cadet pilot recruitment, flight operations vacancies, pilot, cockpit crew, flight operations, 10-07-2025, 06-01-2026, DGM, DFO, a.o.29/1980, jointly vets pilot applications, recruitment placement, DGM training control, nominated flight operations official, a.o.29/1980 and corrigendum, dfo/cpilot/2025 dated 10-07-2025, management approval p, c/cadet pilots/26 dated 06-01-2026"
Pilot Selection Procedure,Who is called for the Technical Test or Computer-Based Test?,Applicants who fulfil the advertised job specifications.,A.O.29/1980 and corrigendum; DFO/CPilot/2025 dated 10-07-2025; Management approval P&C/Cadet Pilots/26 dated 06-01-2026,"PIA, PIACL, chapter 28, recruitment / induction, clause 28.15, pilot selection procedure, technical assessment, pilot selection, cadet pilot recruitment, flight operations vacancies, pilot, cockpit crew, flight operations, 10-07-2025, 06-01-2026, DFO, a.o.29/1980, called, technical test, computer-based test, applicants, fulfil, job specifications, applicants who fulfil the advertised job specifications, a.o.29/1980 and corrigendum, dfo/cpilot/2025 dated 10-07-2025, management approval p, c/cadet pilots/26 dated 06-01-2026"
Pilot Selection Procedure,Who sets the Technical Test paper or CBT data bank?,A Board comprising the Chief of Flight Operations and Chief Pilot Crew Training.,A.O.29/1980 and corrigendum; DFO/CPilot/2025 dated 10-07-2025; Management approval P&C/Cadet Pilots/26 dated 06-01-2026,"PIA, PIACL, chapter 28, recruitment / induction, clause 28.15, pilot selection procedure, technical assessment, pilot selection, cadet pilot recruitment, flight operations vacancies, pilot, cockpit crew, flight operations, 10-07-2025, 06-01-2026, DFO, a.o.29/1980, sets, technical test paper, cbt data bank, chief pilot crew training, a.o.29/1980 and corrigendum, dfo/cpilot/2025 dated 10-07-2025, management approval p, c/cadet pilots/26 dated 06-01-2026"
Pilot Selection Procedure,Who maintains the list of successful Technical Test / CBT candidates?,DGM Recruitment & Placement.,A.O.29/1980 and corrigendum; DFO/CPilot/2025 dated 10-07-2025; Management approval P&C/Cadet Pilots/26 dated 06-01-2026,"PIA, PIACL, chapter 28, recruitment / induction, clause 28.15, pilot selection procedure, test results, pilot selection, cadet pilot recruitment, flight operations vacancies, pilot, cockpit crew, flight operations, 10-07-2025, 06-01-2026, DGM, DFO, a.o.29/1980, list, successful technical test cbt, DGM recruitment placement, a.o.29/1980 and corrigendum, dfo/cpilot/2025 dated 10-07-2025, management approval p, c/cadet pilots/26 dated 06-01-2026"
Pilot Selection Procedure,Who sits on the pilot interview Selection Board?,"Chief of Flight Operations, Chief Pilot Crew Training, Chief Pilot Standards Inspection and GMOD / DGM Recruitment & Placement.",A.O.29/1980 and corrigendum; DFO/CPilot/2025 dated 10-07-2025; Management approval P&C/Cadet Pilots/26 dated 06-01-2026,"PIA, PIACL, chapter 28, recruitment / induction, clause 28.15, pilot selection procedure, interview board, pilot selection, cadet pilot recruitment, flight operations vacancies, selection board, interview panel, assessment board, interview, interview marks, candidate assessment, pilot, cockpit crew, flight operations, 10-07-2025, 06-01-2026, DGM, DFO, a.o.29/1980, sits, pilot interview selection board, chief pilot crew training, chief pilot standards inspection, gmod DGM recruitment placement, a.o.29/1980 and corrigendum, dfo/cpilot/2025 dated 10-07-2025, management approval p"
Pilot Selection Procedure,Who prepares the merit list after the Technical Test / CBT and interview?,DGM Recruitment & Placement.,A.O.29/1980 and corrigendum; DFO/CPilot/2025 dated 10-07-2025; Management approval P&C/Cadet Pilots/26 dated 06-01-2026,"PIA, PIACL, chapter 28, recruitment / induction, clause 28.15, pilot selection procedure, merit list, pilot selection, cadet pilot recruitment, flight operations vacancies, interview, interview marks, candidate assessment, merit-based selection, selection ranking, pilot, cockpit crew, flight operations, 10-07-2025, 06-01-2026, DGM, DFO, a.o.29/1980, prepares, technical test cbt, DGM recruitment placement, a.o.29/1980 and corrigendum, dfo/cpilot/2025 dated 10-07-2025, management approval p, c/cadet pilots/26 dated 06-01-2026"
Pilot Selection Procedure,What interview score is required to be called for a Flight Check?,70% or above.,A.O.29/1980 and corrigendum; DFO/CPilot/2025 dated 10-07-2025; Management approval P&C/Cadet Pilots/26 dated 06-01-2026,"PIA, PIACL, chapter 28, recruitment / induction, clause 28.15, pilot selection procedure, flight check eligibility, pilot selection, cadet pilot recruitment, flight operations vacancies, interview, interview marks, candidate assessment, pilot, cockpit crew, flight operations, 70%, 70 percent, 10-07-2025, 06-01-2026, DFO, a.o.29/1980, interview score, called, flight check, above, 70% or above, a.o.29/1980 and corrigendum, dfo/cpilot/2025 dated 10-07-2025, management approval p, c/cadet pilots/26 dated 06-01-2026"
Pilot Selection Procedure,Where is the Flight Check conducted?,On training equipment or a simulator according to OM Part-D clause 3.4.2.3.,A.O.29/1980 and corrigendum; DFO/CPilot/2025 dated 10-07-2025; Management approval P&C/Cadet Pilots/26 dated 06-01-2026,"PIA, PIACL, chapter 28, recruitment / induction, clause 28.15, pilot selection procedure, flight check, pilot selection, cadet pilot recruitment, flight operations vacancies, pilot, cockpit crew, flight operations, 10-07-2025, 06-01-2026, DFO, a.o.29/1980, training equipment, simulator, om part-d clause 3, 4, 2, 3, a.o.29/1980 and corrigendum, dfo/cpilot/2025 dated 10-07-2025, management approval p, c/cadet pilots/26 dated 06-01-2026"
Pilot Selection Procedure,Whose recommendation is required for the Flight Check?,Chief of Flight Operations and Chief Pilot Crew Training.,A.O.29/1980 and corrigendum; DFO/CPilot/2025 dated 10-07-2025; Management approval P&C/Cadet Pilots/26 dated 06-01-2026,"PIA, PIACL, chapter 28, recruitment / induction, clause 28.15, pilot selection procedure, flight check, pilot selection, cadet pilot recruitment, flight operations vacancies, pilot, cockpit crew, flight operations, 10-07-2025, 06-01-2026, DFO, a.o.29/1980, recommendation, chief pilot crew training, chief of flight operations and chief pilot crew training, a.o.29/1980 and corrigendum, dfo/cpilot/2025 dated 10-07-2025, management approval p, c/cadet pilots/26 dated 06-01-2026"
Pilot Selection Procedure,How is the Flight Check score used?,"Flight Operations provides each score, and it is integrated as a core component of the technical score.",A.O.29/1980 and corrigendum; DFO/CPilot/2025 dated 10-07-2025; Management approval P&C/Cadet Pilots/26 dated 06-01-2026,"PIA, PIACL, chapter 28, recruitment / induction, clause 28.15, pilot selection procedure, flight check, pilot selection, cadet pilot recruitment, flight operations vacancies, pilot, cockpit crew, flight operations, 10-07-2025, 06-01-2026, DFO, a.o.29/1980, flight check score, flight operations provides each score, integrated, core component, technical score, a.o.29/1980 and corrigendum, dfo/cpilot/2025 dated 10-07-2025, management approval p, c/cadet pilots/26 dated 06-01-2026"
Pilot Selection Procedure,What score is required to clear the Flight Check phase?,70% or above.,A.O.29/1980 and corrigendum; DFO/CPilot/2025 dated 10-07-2025; Management approval P&C/Cadet Pilots/26 dated 06-01-2026,"PIA, PIACL, chapter 28, recruitment / induction, clause 28.15, pilot selection procedure, flight check, pilot selection, cadet pilot recruitment, flight operations vacancies, pilot, cockpit crew, flight operations, 70%, 70 percent, 10-07-2025, 06-01-2026, DFO, a.o.29/1980, score, clear, flight check phase, above, 70% or above, a.o.29/1980 and corrigendum, dfo/cpilot/2025 dated 10-07-2025, management approval p, c/cadet pilots/26 dated 06-01-2026"
Pilot Selection Procedure,What is the weightage of the Computer-Based Test (NTS)?,20%.,A.O.29/1980 and corrigendum; DFO/CPilot/2025 dated 10-07-2025; Management approval P&C/Cadet Pilots/26 dated 06-01-2026,"PIA, PIACL, chapter 28, recruitment / induction, clause 28.15, pilot selection procedure, revised weightage, pilot selection, cadet pilot recruitment, flight operations vacancies, pilot, cockpit crew, flight operations, 20%, 20 percent, 10-07-2025, 06-01-2026, DFO, a.o.29/1980, weightage, computer-based test nts, a.o.29/1980 and corrigendum, dfo/cpilot/2025 dated 10-07-2025, management approval p, c/cadet pilots/26 dated 06-01-2026"
Pilot Selection Procedure,What is the weightage of the Flight Check?,40%.,A.O.29/1980 and corrigendum; DFO/CPilot/2025 dated 10-07-2025; Management approval P&C/Cadet Pilots/26 dated 06-01-2026,"PIA, PIACL, chapter 28, recruitment / induction, clause 28.15, pilot selection procedure, revised weightage, pilot selection, cadet pilot recruitment, flight operations vacancies, pilot, cockpit crew, flight operations, 40%, 40 percent, 10-07-2025, 06-01-2026, DFO, a.o.29/1980, weightage, flight check, a.o.29/1980 and corrigendum, dfo/cpilot/2025 dated 10-07-2025, management approval p, c/cadet pilots/26 dated 06-01-2026"
Pilot Selection Procedure,What is the weightage of the initial interview?,40%.,A.O.29/1980 and corrigendum; DFO/CPilot/2025 dated 10-07-2025; Management approval P&C/Cadet Pilots/26 dated 06-01-2026,"PIA, PIACL, chapter 28, recruitment / induction, clause 28.15, pilot selection procedure, revised weightage, pilot selection, cadet pilot recruitment, flight operations vacancies, interview, interview marks, candidate assessment, pilot, cockpit crew, flight operations, 40%, 40 percent, 10-07-2025, 06-01-2026, DFO, a.o.29/1980, weightage, a.o.29/1980 and corrigendum, dfo/cpilot/2025 dated 10-07-2025, management approval p, c/cadet pilots/26 dated 06-01-2026"
Pilot Selection Procedure,Which evaluations must be completed before the formal final interview?,Flight Check and medical / psychological evaluation.,A.O.29/1980 and corrigendum; DFO/CPilot/2025 dated 10-07-2025; Management approval P&C/Cadet Pilots/26 dated 06-01-2026,"PIA, PIACL, chapter 28, recruitment / induction, clause 28.15, pilot selection procedure, final selection, pilot selection, cadet pilot recruitment, flight operations vacancies, interview, interview marks, candidate assessment, pilot, cockpit crew, flight operations, 10-07-2025, 06-01-2026, DFO, a.o.29/1980, evaluations, formal final interview, flight check, medical psychological evaluation, flight check and medical / psychological evaluation, a.o.29/1980 and corrigendum, dfo/cpilot/2025 dated 10-07-2025, management approval p, c/cadet pilots/26 dated 06-01-2026"
Pilot Selection Procedure,What quota rule must be followed in the final merit process?,Regional and provincial quotas must be strictly followed.,A.O.29/1980 and corrigendum; DFO/CPilot/2025 dated 10-07-2025; Management approval P&C/Cadet Pilots/26 dated 06-01-2026,"PIA, PIACL, chapter 28, recruitment / induction, clause 28.15, pilot selection procedure, final selection, pilot selection, cadet pilot recruitment, flight operations vacancies, recruitment quota, provincial quota, regional quota, merit list, merit-based selection, selection ranking, pilot, cockpit crew, flight operations, 10-07-2025, 06-01-2026, DFO, a.o.29/1980, quota rule, followed, final merit, regional, provincial quotas, strictly followed, regional and provincial quotas must be strictly followed, a.o.29/1980 and corrigendum, dfo/cpilot/2025 dated 10-07-2025"
Pilot Selection Procedure,Who serves on the formal final interview Board?,"Chief of Flight Operations, Chief HR Officer, CP/GM Crew Training and GMOD / DGM Recruitment & Placement, headed by the CEO.",A.O.29/1980 and corrigendum; DFO/CPilot/2025 dated 10-07-2025; Management approval P&C/Cadet Pilots/26 dated 06-01-2026,"PIA, PIACL, chapter 28, recruitment / induction, clause 28.15, pilot selection procedure, final interview board, pilot selection, cadet pilot recruitment, flight operations vacancies, interview, interview marks, candidate assessment, pilot, cockpit crew, flight operations, 10-07-2025, 06-01-2026, DGM, DFO, CEO, HR, GM, a.o.29/1980, serves, formal final interview board, chief HR officer, cp/gm crew training, gmod DGM recruitment placement, headed, a.o.29/1980 and corrigendum, dfo/cpilot/2025 dated 10-07-2025"
Pilot Selection Procedure,When are offer letters issued and candidates sent to PIA Training Centre?,After management approval.,A.O.29/1980 and corrigendum; DFO/CPilot/2025 dated 10-07-2025; Management approval P&C/Cadet Pilots/26 dated 06-01-2026,"PIA, PIACL, chapter 28, recruitment / induction, clause 28.15, pilot selection procedure, offer and training, pilot selection, cadet pilot recruitment, flight operations vacancies, pilot, cockpit crew, flight operations, 10-07-2025, 06-01-2026, DFO, a.o.29/1980, letters, sent, PIA training centre, management approval, after management approval, a.o.29/1980 and corrigendum, dfo/cpilot/2025 dated 10-07-2025, management approval p, c/cadet pilots/26 dated 06-01-2026"
Re-hiring of Cockpit Crew,What is the enhanced upper age limit for pilots?,65 years.,Admin Order 13/2009 dated 27-03-2009,"PIA, PIACL, chapter 28, recruitment / induction, clause 28.16, re-hiring of cockpit crew, age limit, cockpit crew rehiring, pilot contract, superannuation, upper age limit, recruitment age, pilot, cockpit crew, flight operations, 65 years, 27-03-2009, admin order 13/2009, enhanced upper age limit, pilots, admin order 13/2009 dated 27-03-2009"
Re-hiring of Cockpit Crew,On what basis may pilots be rehired after retirement?,"On contract, subject to Company requirements for specific equipment and applicable rules.",Admin Order 13/2009 dated 27-03-2009,"PIA, PIACL, chapter 28, recruitment / induction, clause 28.16, re-hiring of cockpit crew, re-hiring basis, cockpit crew rehiring, pilot contract, superannuation, pilot, cockpit crew, flight operations, 27-03-2009, admin order 13/2009, pilots, rehired, retirement, contract, equipment, admin order 13/2009 dated 27-03-2009"
Re-hiring of Cockpit Crew,At what superannuation age may Cockpit Crew apply for contract re-employment after clearance and final settlement?,60 years.,Admin Order 26/2010 dated 27-07-2010,"PIA, PIACL, chapter 28, recruitment / induction, clause 28.16, re-hiring of cockpit crew, option after superannuation, cockpit crew rehiring, pilot contract, superannuation, re-employment, ex-employee rehiring, fresh employee, pilot, cockpit crew, flight operations, 60 years, 27-07-2010, admin order 26/2010, superannuation age, contract re-employment, clearance, final settlement, admin order 26/2010 dated 27-07-2010"
Re-hiring of Cockpit Crew,What is the maximum duration of each re-employment contract for a pilot after superannuation?,One year at a time.,Government letter 4(46)/2015-F-II dated 03-12-2015,"PIA, PIACL, chapter 28, recruitment / induction, clause 28.16, re-hiring of cockpit crew, contract duration, cockpit crew rehiring, pilot contract, superannuation, re-employment, ex-employee rehiring, fresh employee, pilot, cockpit crew, flight operations, 03-12-2015, one year, 1 year, maximum duration, each re-employment contract, time, one year at a time, government letter 4(46)/2015-f-ii dated 03-12-2015"
Re-hiring of Cockpit Crew,What is the overall maximum period for contract employment after superannuation?,"Five years or age 65, whichever is earlier.",Government letter 4(46)/2015-F-II dated 03-12-2015,"PIA, PIACL, chapter 28, recruitment / induction, clause 28.16, re-hiring of cockpit crew, overall limit, cockpit crew rehiring, pilot contract, superannuation, pilot, cockpit crew, flight operations, 03-12-2015, five years, 5 years, overall maximum period, contract employment, age 65, whichever, earlier, five years or age 65, whichever is earlier, government letter 4(46)/2015-f-ii dated 03-12-2015"
Re-hiring of Cockpit Crew,What must the Board ensure before re-employing a pilot?,That medical fitness and operational ability are tested with the highest transparency and expertise.,Government letter 4(46)/2015-F-II dated 03-12-2015,"PIA, PIACL, chapter 28, recruitment / induction, clause 28.16, re-hiring of cockpit crew, fitness and ability, cockpit crew rehiring, pilot contract, superannuation, medical fitness, fitness certificate, medical examination, re-employment, ex-employee rehiring, fresh employee, pilot, cockpit crew, flight operations, 03-12-2015, board ensure, re-employing, operational ability, tested, highest transparency, expertise, government letter 4(46)/2015-f-ii dated 03-12-2015"
Re-hiring of Cockpit Crew,How are rehired pilots with 30 or more years of service benchmarked?,Against regular counterparts having 30 years of service.,A.O.11/2023 dated 23-06-2023,"PIA, PIACL, chapter 28, recruitment / induction, clause 28.16, re-hiring of cockpit crew, pay benchmarking, cockpit crew rehiring, pilot contract, superannuation, pilot, cockpit crew, flight operations, 30 years, 23-06-2023, a.o.11/2023, rehired pilots, 30, more years, benchmarked, counterparts, against regular counterparts having 30 years of service, a.o.11/2023 dated 23-06-2023"
Re-hiring of Cockpit Crew,How are pilots who superannuated with less than 30 years of service paid on re-employment?,At the rate corresponding to their service length at superannuation.,A.O.11/2023 dated 23-06-2023,"PIA, PIACL, chapter 28, recruitment / induction, clause 28.16, re-hiring of cockpit crew, pay benchmarking, cockpit crew rehiring, pilot contract, superannuation, re-employment, ex-employee rehiring, fresh employee, pilot, cockpit crew, flight operations, 30 years, 23-06-2023, a.o.11/2023, pilots, superannuated, less, paid, corresponding, length, at the rate corresponding to their service length at superannuation, a.o.11/2023 dated 23-06-2023"
Management Trainee Officers,What qualification is required for regular induction as a Management Trainee Officer?,"MBA, MPA or equivalent from an HEC-approved institute or university.",A.O.06/2008; A.O.02/2007,"PIA, PIACL, chapter 28, recruitment / induction, clause 28.17.01, management trainee officers, management trainee officer, MTO induction, MBA MPA trainees, MTO, MBA MPA, HEC, MPA, MBA, a.o.06/2008, a.o.02/2007, hec-approved institute, university, MBA MPA or equivalent from an hec-approved institute or university"
Management Trainee Officers,What minimum academic result is required for Management Trainee Officer induction?,CGPA 3.0 out of 4.0 or 75% marks.,A.O.06/2008; A.O.02/2007,"PIA, PIACL, chapter 28, recruitment / induction, clause 28.17.01, management trainee officers, management trainee officer, MTO induction, MBA MPA trainees, MTO, MBA MPA, 75%, 75 percent, CGPA, a.o.06/2008, a.o.02/2007, minimum academic result, management trainee officer induction, CGPA 3, 0 out, 4, 0, 75% marks, CGPA 3.0 out of 4.0 or 75% marks"
Management Trainee Officers,In which pay group are Management Trainee Officers initially hired?,PG-V.,A.O.06/2008; A.O.02/2007,"PIA, PIACL, chapter 28, recruitment / induction, clause 28.17.01, management trainee officers, initial pay group, management trainee officer, MTO induction, MBA MPA trainees, MTO, MBA MPA, PG-V, pay group-v, PG, a.o.06/2008, a.o.02/2007"
Management Trainee Officers,When is a Management Trainee Officer placed in PG-VI?,After one year of satisfactory service in PG-V.,A.O.06/2008; A.O.02/2007,"PIA, PIACL, chapter 28, recruitment / induction, clause 28.17.01, management trainee officers, placement in PG-VI, management trainee officer, MTO induction, MBA MPA trainees, MTO, MBA MPA, PG-VI, pay group-vi, PG-V, pay group-v, PG, a.o.06/2008, a.o.02/2007, one year, 1 year, management trainee officer placed, after one year of satisfactory service in PG-V"
Management Trainee Officers,How long should an inducted Management Trainee serve in the same capacity in PG-VI before further movement?,At least six months.,,"PIA, PIACL, chapter 28, recruitment / induction, clause 28.17.02, management trainee officers, initial rotation, management trainee officer, MTO induction, MBA MPA trainees, MTO, MBA MPA, PG-VI, pay group-vi, PG, six months, 6 months, long, inducted management trainee serve, same capacity, movement, least six months, at least six months"
Management Trainee Officers,What rotation is required during the initial six-month period?,Rotation within different divisions of the selected Department.,,"PIA, PIACL, chapter 28, recruitment / induction, clause 28.17.02, management trainee officers, initial rotation, management trainee officer, MTO induction, MBA MPA trainees, MTO, MBA MPA, rotation, six-month period, different divisions, rotation within different divisions of the selected department"
Management Trainee Officers,Who monitors Management Trainees during the initial rotation period?,The HR Department or a cross-functional team designed for the task.,,"PIA, PIACL, chapter 28, recruitment / induction, clause 28.17.02, management trainee officers, monitoring, management trainee officer, MTO induction, MBA MPA trainees, MTO, MBA MPA, HR, monitors management trainees, rotation period, HR department, cross-functional team designed, task"
Management Trainee Officers,What transfer practice should be followed during the initial rotation period?,Transfers outside Head Office should be discouraged.,,"PIA, PIACL, chapter 28, recruitment / induction, clause 28.17.02, management trainee officers, transfers, management trainee officer, MTO induction, MBA MPA trainees, MTO, MBA MPA, transfer practice, followed, rotation period, head office, discouraged, transfers outside head office should be discouraged"
Management Trainee Officers,When may horizontal movement or re-designation of Management Trainees be considered?,"After two years, based on Company requirements and applicable rules.",,"PIA, PIACL, chapter 28, recruitment / induction, clause 28.17.02, management trainee officers, horizontal movement, management trainee officer, MTO induction, MBA MPA trainees, MTO, MBA MPA, rs, two years, 2 years, re-designation, management trainees, based, after two years, based on company requirements and applicable rules"
Management Trainee Officers,What does horizontal movement or re-designation mean?,Reassignment to a different job with a changed title and job description in the same pay group in another Department.,,"PIA, PIACL, chapter 28, recruitment / induction, clause 28.17.02, management trainee officers, horizontal movement, management trainee officer, MTO induction, MBA MPA trainees, job specification, job description, job analysis, MTO, MBA MPA, re-designation mean, reassignment, different job, changed title, same, another department"
Management Trainee Officers,"When are Management Trainees in Finance, Commercial, PHS or Engineering eligible for a first foreign posting?","After five years of service, subject to contract extension after five years and inclusion of field-office experience.",,"PIA, PIACL, chapter 28, recruitment / induction, clause 28.17.02, management trainee officers, foreign posting, management trainee officer, MTO induction, MBA MPA trainees, MTO, MBA MPA, five years, 5 years, management trainees, finance, commercial, phs, engineering, first foreign posting, contract extension, inclusion, field-office experience"
Management Trainee Officers,When may a Management Trainee apply for internally advertised positions?,"After two years of service, subject to job specifications and other conditions.",,"PIA, PIACL, chapter 28, recruitment / induction, clause 28.17.02, management trainee officers, internal selection, management trainee officer, MTO induction, MBA MPA trainees, MTO, MBA MPA, two years, 2 years, management trainee, internally, job specifications, other"
Management Trainee Officers,Who must approve exceptions to the MTO induction and placement guidelines?,The CEO.,,"PIA, PIACL, chapter 28, recruitment / induction, clause 28.17.02, management trainee officers, exceptions, management trainee officer, MTO induction, MBA MPA trainees, MTO, MBA MPA, CEO, placement, the CEO"
Management Trainee Officers,What must Recruitment & Selection obtain before advertising MTO vacancies?,Department-wise hiring requirements and CEO approval through the CHRO for the number of vacancies.,,"PIA, PIACL, chapter 28, recruitment / induction, clause 28.17.03, management trainee officers, external selection procedure, management trainee officer, MTO induction, MBA MPA trainees, MTO, MBA MPA, CHRO, CEO, recruitment selection, advertising MTO vacancies, department-wise hiring, CEO approval, number"
Management Trainee Officers,When may a written test be used for MTO applicants?,"When the number of applications is large, to shortlist candidates.",,"PIA, PIACL, chapter 28, recruitment / induction, clause 28.17.03, management trainee officers, external selection procedure, management trainee officer, MTO induction, MBA MPA trainees, written test, selection test, test score, MTO, MBA MPA, MTO applicants, number, applications, large, shortlist, when the number of applications is large, to shortlist candidates"
Management Trainee Officers,Who screens MTO applications and arranges tests or interviews?,The Recruitment & Placement Section.,,"PIA, PIACL, chapter 28, recruitment / induction, clause 28.17.03, management trainee officers, external selection procedure, management trainee officer, MTO induction, MBA MPA trainees, MTO, MBA MPA, screens MTO applications, arranges tests, interviews, recruitment placement section, the recruitment & placement section"
Management Trainee Officers,Who is called for an MTO interview?,Candidates who qualify the written test.,,"PIA, PIACL, chapter 28, recruitment / induction, clause 28.17.03, management trainee officers, external selection procedure, management trainee officer, MTO induction, MBA MPA trainees, written test, selection test, test score, interview, interview marks, candidate assessment, MTO, MBA MPA, called, MTO interview, candidates who qualify the written test"
Management Trainee Officers,Who conducts interviews of MTO candidates who qualify the test?,A Selection Board specified by Management.,,"PIA, PIACL, chapter 28, recruitment / induction, clause 28.17.03, management trainee officers, external selection procedure, management trainee officer, MTO induction, MBA MPA trainees, selection board, interview panel, assessment board, MTO, MBA MPA, interviews, test, selection board specified, management, a selection board specified by management"
Management Trainee Officers,Who presides over the MTO Selection Board?,The senior-most person.,,"PIA, PIACL, chapter 28, recruitment / induction, clause 28.17.03, management trainee officers, external selection procedure, management trainee officer, MTO induction, MBA MPA trainees, selection board, interview panel, assessment board, MTO, MBA MPA, MTO selection board, senior-most, the senior-most person"
Management Trainee Officers,Who acts as Member / Secretary of the MTO Selection Board?,The Deputy General Manager Recruitment & Placement.,,"PIA, PIACL, chapter 28, recruitment / induction, clause 28.17.03, management trainee officers, external selection procedure, management trainee officer, MTO induction, MBA MPA trainees, selection board, interview panel, assessment board, MTO, MBA MPA, acts, member secretary, MTO selection board, deputy, manager recruitment placement, the deputy general manager recruitment & placement"
Management Trainee Officers,What departmental recommendation must the Selection Board record?,Specific recommendations on each candidate's suitability for posting or assignment to various Company departments.,,"PIA, PIACL, chapter 28, recruitment / induction, clause 28.17.03, management trainee officers, external selection procedure, management trainee officer, MTO induction, MBA MPA trainees, selection board, interview panel, assessment board, MTO, MBA MPA, departmental recommendation, selection board record, recommendations, each, suitability, posting, assignment, various"
Management Trainee Officers,When is departmental allocation of external Management Trainees normally made?,"After six months, based on performance and managerial assessment.",,"PIA, PIACL, chapter 28, recruitment / induction, clause 28.17.04, management trainee officers, placement board, management trainee officer, MTO induction, MBA MPA trainees, MTO, MBA MPA, six months, 6 months, departmental allocation, external management trainees, based, performance, managerial assessment, after six months, based on performance and managerial assessment"
Management Trainee Officers,Who interviews Trainee Officers for placement in functional departments?,"A Board comprising the Chief HR Officer, Chief Training & Development, General Manager HRM and Principal PTC.",,"PIA, PIACL, chapter 28, recruitment / induction, clause 28.17.04, management trainee officers, placement board, management trainee officer, MTO induction, MBA MPA trainees, MTO, MBA MPA, PTC, HR, interviews trainee officers, placement, functional departments, chief HR officer, chief training development, manager hrm, principal PTC"
Management Trainee Officers,What human-resource factor is considered when placing a Trainee Officer?,The existing human-resource position and need of the concerned Department.,,"PIA, PIACL, chapter 28, recruitment / induction, clause 28.17.04, management trainee officers, placement criteria, management trainee officer, MTO induction, MBA MPA trainees, MTO, MBA MPA, human-resource factor, placing, trainee officer, existing human-resource, need, the existing human-resource position and need of the concerned department"
Management Trainee Officers,What educational-specialization factor is considered for MTO placement?,The candidate's MBA / MPA / MAS specialization.,,"PIA, PIACL, chapter 28, recruitment / induction, clause 28.17.04, management trainee officers, placement criteria, management trainee officer, MTO induction, MBA MPA trainees, MTO, MBA MPA, MPA, MBA, MAS, educational-specialization factor, MTO placement, MBA MPA MAS specialization, the candidate's MBA / MPA / MAS specialization"
Management Trainee Officers,What Selection Board input is considered for MTO placement?,The Selection Board's recommendations.,,"PIA, PIACL, chapter 28, recruitment / induction, clause 28.17.04, management trainee officers, placement criteria, management trainee officer, MTO induction, MBA MPA trainees, selection board, interview panel, assessment board, MTO, MBA MPA, selection board input, MTO placement, selection board recommendations, the selection board's recommendations"
Management Trainee Officers,What training-performance factor is considered for MTO placement?,Performance during the training programme at PIA Training Centre.,,"PIA, PIACL, chapter 28, recruitment / induction, clause 28.17.04, management trainee officers, placement criteria, management trainee officer, MTO induction, MBA MPA trainees, MTO, MBA MPA, training-performance factor, MTO placement, performance, training programme, PIA training centre, performance during the training programme at PIA training centre"
Management Trainee Officers,What candidate-preference factor is considered for MTO placement?,The candidate's special interest and choice.,,"PIA, PIACL, chapter 28, recruitment / induction, clause 28.17.04, management trainee officers, placement criteria, management trainee officer, MTO induction, MBA MPA trainees, MTO, MBA MPA, candidate-preference factor, MTO placement, special interest, choice, the candidate's special interest and choice"
Management Trainee Officers,What experience factor is considered for MTO placement?,Any relevant experience.,,"PIA, PIACL, chapter 28, recruitment / induction, clause 28.17.04, management trainee officers, placement criteria, management trainee officer, MTO induction, MBA MPA trainees, MTO, MBA MPA, experience factor, MTO placement, any relevant experience"
Absorption of Apprentice Mechanics,What happens after an Apprentice Mechanic qualifies three years of PTC training?,"The apprentice is absorbed as a Technician in PG-IV in the Engineering Department, subject to the permanent-absorption policy.",A.O.11/2011 dated 31-05-2011,"PIA, PIACL, chapter 28, recruitment / induction, clause 28.18, absorption of apprentice mechanics, absorption, apprentice mechanic absorption, technician placement, PTC training, apprentice mechanic, engineering technician, PG-IV, pay group-iv, 31-05-2011, PTC, PG, a.o.11/2011, three years, 3 years, apprentice, technician, engineering department, permanent-absorption, a.o.11/2011 dated 31-05-2011"
Absorption of Apprentice Mechanics,Which three-year qualification holders are directly inducted in PG-IV?,Holders of a three-year DAE from a Board of Technical Education or a three-year Apprentice Mechanic Certificate from PIA Training Centre.,A.O.11/2011 dated 31-05-2011,"PIA, PIACL, chapter 28, recruitment / induction, clause 28.18.01, absorption of apprentice mechanics, direct induction, apprentice mechanic absorption, technician placement, PTC training, apprentice mechanic, engineering technician, PG-IV, pay group-iv, 31-05-2011, DAE, PG, a.o.11/2011, three-year qualification holders, holders, three-year DAE, technical education, three-year apprentice mechanic certificate, PIA training centre, a.o.11/2011 dated 31-05-2011"
Absorption of Apprentice Mechanics,What placement applies to PG-III Technicians inducted on the basis of a three-year DAE or PTC Apprentice Mechanic Certificate?,They are placed in PG-IV with effect from 01-01-2009.,A.O.11/2011 dated 31-05-2011,"PIA, PIACL, chapter 28, recruitment / induction, clause 28.18.01, absorption of apprentice mechanics, placement of existing employees, apprentice mechanic absorption, technician placement, PTC training, apprentice mechanic, engineering technician, PG-III, pay group-iii, PG-IV, pay group-iv, 01-01-2009, 31-05-2011, DAE, PTC, PG, a.o.11/2011, placement, PG-III technicians inducted, three-year DAE, PTC apprentice mechanic certificate, effect, they are placed in PG-IV with effect from 01-01-2009, a.o.11/2011 dated 31-05-2011"
Contract Appointments,How are contract appointments to tenure posts regulated?,"According to the applicable law, rules, policy instructions and Federal Government directions governing the tenure post.",O.M.6/2/2000 dated 06-05-2000; Board meeting 22-07-2009,"PIA, PIACL, chapter 28, recruitment / induction, clause 28.19.01, contract appointments, tenure posts, contract appointment, fixed-term employment, tenure post, 6/2/2000, 06-05-2000, 22-07-2009, tenure, law, federal government directions governing, o.m.6/2/2000 dated 06-05-2000, board meeting 22-07-2009"
Contract Appointments,How may appointments be made for limited-life projects?,On contract by the prescribed appointing authority after open advertisement of vacancies.,O.M.6/2/2000 dated 06-05-2000; Board meeting 22-07-2009,"PIA, PIACL, chapter 28, recruitment / induction, clause 28.19.01, contract appointments, limited-life projects, contract appointment, fixed-term employment, tenure post, 6/2/2000, 06-05-2000, 22-07-2009, appointments, contract, prescribed appointing authority, open advertisement, o.m.6/2/2000 dated 06-05-2000, board meeting 22-07-2009"
Contract Appointments,What must a limited-project contract advertisement state?,"Academic and professional qualifications, experience, age, provincial or regional quotas, special quotas and other applicable requirements.",O.M.6/2/2000 dated 06-05-2000; Board meeting 22-07-2009,"PIA, PIACL, chapter 28, recruitment / induction, clause 28.19.01, contract appointments, project advertisements, contract appointment, fixed-term employment, tenure post, 6/2/2000, 06-05-2000, 22-07-2009, limited-project contract advertisement, academic, professional qualifications, experience, age, provincial, regional quotas, special quotas, other, o.m.6/2/2000 dated 06-05-2000, board meeting 22-07-2009"
Contract Appointments,Against what structure is normal contract employment generally made?,Against the respective pay groups of the particular category.,O.M.6/2/2000 dated 06-05-2000; Board meeting 22-07-2009,"PIA, PIACL, chapter 28, recruitment / induction, clause 28.19.01, contract appointments, normal contract pay, contract appointment, fixed-term employment, tenure post, 6/2/2000, 06-05-2000, 22-07-2009, structure, normal contract employment generally, particular category, against the respective pay groups of the particular category, o.m.6/2/2000 dated 06-05-2000, board meeting 22-07-2009"
Contract Appointments,How do salary and allowances of normal contractual employees compare with regular employees?,They are equivalent to regular employees in the respective pay groups.,O.M.6/2/2000 dated 06-05-2000; Board meeting 22-07-2009,"PIA, PIACL, chapter 28, recruitment / induction, clause 28.19.01, contract appointments, normal contract pay, contract appointment, fixed-term employment, tenure post, contract employment, fixed-term contract, 6/2/2000, 06-05-2000, 22-07-2009, salary, allowances, normal contractual, compare, o.m.6/2/2000 dated 06-05-2000, board meeting 22-07-2009"
Contract Appointments,Can Management set different contract terms when required?,"Yes, on a case-by-case basis.",O.M.6/2/2000 dated 06-05-2000; Board meeting 22-07-2009,"PIA, PIACL, chapter 28, recruitment / induction, clause 28.19.01, contract appointments, case-specific contracts, contract appointment, fixed-term employment, tenure post, 6/2/2000, 06-05-2000, 22-07-2009, management set different contract, case-by-case, yes, on a case-by-case basis, o.m.6/2/2000 dated 06-05-2000, board meeting 22-07-2009"
Contract Appointments,What determines a consolidated-salary contract package?,The individual's qualifications and experience.,O.M.6/2/2000 dated 06-05-2000; Board meeting 22-07-2009,"PIA, PIACL, chapter 28, recruitment / induction, clause 28.19.01, contract appointments, consolidated salary, contract appointment, fixed-term employment, tenure post, 6/2/2000, 06-05-2000, 22-07-2009, consolidated-salary contract package, individual qualifications, experience, the individual's qualifications and experience, o.m.6/2/2000 dated 06-05-2000, board meeting 22-07-2009"
Contract Appointments,Are contractual employees on consolidated salary entitled to Productivity Allowance?,No.,O.M.6/2/2000 dated 06-05-2000; Board meeting 22-07-2009,"PIA, PIACL, chapter 28, recruitment / induction, clause 28.19.01, contract appointments, consolidated salary, contract appointment, fixed-term employment, tenure post, contract employment, fixed-term contract, 6/2/2000, 06-05-2000, 22-07-2009, productivity allowance, o.m.6/2/2000 dated 06-05-2000, board meeting 22-07-2009"
Contract Appointments,Where must contract vacancies be advertised?,In leading national and regional newspapers.,O.M.6/2/2000 dated 06-05-2000; Board meeting 22-07-2009,"PIA, PIACL, chapter 28, recruitment / induction, clause 28.19.01, contract appointments, advertisement, contract appointment, fixed-term employment, tenure post, 6/2/2000, 06-05-2000, 22-07-2009, contract vacancies, leading national, regional newspapers, in leading national and regional newspapers, o.m.6/2/2000 dated 06-05-2000, board meeting 22-07-2009"
Contract Appointments,How must contract selections be made?,Through regularly constituted selection committees or boards.,O.M.6/2/2000 dated 06-05-2000; Board meeting 22-07-2009,"PIA, PIACL, chapter 28, recruitment / induction, clause 28.19.01, contract appointments, contract appointment, fixed-term employment, tenure post, 6/2/2000, 06-05-2000, 22-07-2009, contract selections, regularly constituted selection committees, boards, through regularly constituted selection committees or boards, o.m.6/2/2000 dated 06-05-2000, board meeting 22-07-2009"
Contract Appointments,When is open advertisement not required for contract appointment or re-employment of certain retired persons?,"For retired civil servants, Armed Forces officers and Supreme Court judges, provided appointment is made by or with prior approval of prescribed Federal Government authorities.",O.M.6/2/2000 dated 06-05-2000; Board meeting 22-07-2009,"PIA, PIACL, chapter 28, recruitment / induction, clause 28.19.01, contract appointments, retired persons, contract appointment, fixed-term employment, tenure post, re-employment, ex-employee rehiring, fresh employee, contract employment, fixed-term contract, 6/2/2000, 06-05-2000, 22-07-2009, open advertisement not, certain retired, retired civil servants, armed forces officers, supreme court judges, prior approval, prescribed federal government authorities, o.m.6/2/2000 dated 06-05-2000, board meeting 22-07-2009"
Contract Appointments,What is the maximum justified contract period under the standard rule?,Two years.,O.M.6/2/2000 dated 06-05-2000; Board meeting 22-07-2009,"PIA, PIACL, chapter 28, recruitment / induction, clause 28.19.01, contract appointments, contract period, contract appointment, fixed-term employment, tenure post, 6/2/2000, 06-05-2000, 22-07-2009, two years, 2 years, maximum justified contract period, standard rule, o.m.6/2/2000 dated 06-05-2000, board meeting 22-07-2009"
Contract Appointments,What termination clause should a standard contract contain?,One month's notice or one month's pay in lieu of notice.,O.M.6/2/2000 dated 06-05-2000; Board meeting 22-07-2009,"PIA, PIACL, chapter 28, recruitment / induction, clause 28.19.01, contract appointments, termination clause, contract appointment, fixed-term employment, tenure post, 6/2/2000, 06-05-2000, 22-07-2009, one month, 1 month, standard contract, one month notice, lieu, notice, o.m.6/2/2000 dated 06-05-2000, board meeting 22-07-2009"
Appointment of Consultants,What is the objective of the consultant-appointment guidelines?,"To ensure consultants are appointed transparently, competitively and cost-effectively only where a consciously and formally identified need exists.",Circular 13/2002 dated 14-04-2002,"PIA, PIACL, chapter 28, recruitment / induction, clause 28.20, appointment of consultants, guideline purpose, consultant appointment, advisor engagement, consultancy guidelines, consultant, advisor, consultancy, 14-04-2002, circular 13/2002, ensure consultants, appointed transparently, cost-effectively only, formally identified need exists, circular 13/2002 dated 14-04-2002"
Appointment of Consultants,What is the prerequisite before an organization obtains consultant services?,Identification of the need for a consultant.,Circular 13/2002 dated 14-04-2002,"PIA, PIACL, chapter 28, recruitment / induction, clause 28.20.01, appointment of consultants, need identification, consultant appointment, advisor engagement, consultancy guidelines, consultant, advisor, consultancy, 14-04-2002, circular 13/2002, prerequisite, organization, identification, need, identification of the need for a consultant, circular 13/2002 dated 14-04-2002"
Appointment of Consultants,For what type of problem may a consultant be engaged?,To address an uncommon problem.,Circular 13/2002 dated 14-04-2002,"PIA, PIACL, chapter 28, recruitment / induction, clause 28.20.02, appointment of consultants, consultant purpose, consultant appointment, advisor engagement, consultancy guidelines, consultant, advisor, consultancy, 14-04-2002, circular 13/2002, type, problem, engaged, address, uncommon problem, to address an uncommon problem, circular 13/2002 dated 14-04-2002"
Appointment of Consultants,May a consultant be engaged to provide technical supervision?,Yes.,Circular 13/2002 dated 14-04-2002,"PIA, PIACL, chapter 28, recruitment / induction, clause 28.20.02, appointment of consultants, consultant purpose, consultant appointment, advisor engagement, consultancy guidelines, consultant, advisor, consultancy, 14-04-2002, circular 13/2002, engaged, provide technical supervision, circular 13/2002 dated 14-04-2002"
Appointment of Consultants,May a consultant be engaged to introduce innovative practices or solutions?,Yes.,Circular 13/2002 dated 14-04-2002,"PIA, PIACL, chapter 28, recruitment / induction, clause 28.20.02, appointment of consultants, consultant purpose, consultant appointment, advisor engagement, consultancy guidelines, consultant, advisor, consultancy, 14-04-2002, circular 13/2002, engaged, introduce innovative practices, solutions, circular 13/2002 dated 14-04-2002"
Appointment of Consultants,What is project consultancy?,Technical support or supervision that fills a project-specific expertise gap and is funded from development funds.,Circular 13/2002 dated 14-04-2002,"PIA, PIACL, chapter 28, recruitment / induction, clause 28.20.02, appointment of consultants, consultancy categories, consultant appointment, advisor engagement, consultancy guidelines, 14-04-2002, circular 13/2002, project consultancy, technical support, supervision, fills, project-specific expertise gap, funded, development funds, circular 13/2002 dated 14-04-2002"
Appointment of Consultants,What is general or management consultancy?,"Expert advice unavailable in-house, including innovative solutions for financial, HR-management or technical issues, generally paid from the non-development budget.",Circular 13/2002 dated 14-04-2002,"PIA, PIACL, chapter 28, recruitment / induction, clause 28.20.02, appointment of consultants, consultancy categories, consultant appointment, advisor engagement, consultancy guidelines, 14-04-2002, HR, circular 13/2002, management consultancy, expert advice unavailable in-house, including innovative solutions, financial, hr-management, technical, generally paid, non-development budget, circular 13/2002 dated 14-04-2002"
Appointment of Consultants,What two characteristics must every consultancy assignment have?,It must be assignment-specific and time-bound.,Circular 13/2002 dated 14-04-2002,"PIA, PIACL, chapter 28, recruitment / induction, clause 28.20.02, appointment of consultants, consultancy characteristics, consultant appointment, advisor engagement, consultancy guidelines, 14-04-2002, circular 13/2002, two characteristics, every consultancy assignment, assignment-specific, time-bound, it must be assignment-specific and time-bound, circular 13/2002 dated 14-04-2002"
Appointment of Consultants,When should consultant services be preferred over developing in-house expertise?,Only when hiring a consultant is considered more value-effective.,Circular 13/2002 dated 14-04-2002,"PIA, PIACL, chapter 28, recruitment / induction, clause 28.20.02, appointment of consultants, value assessment, consultant appointment, advisor engagement, consultancy guidelines, consultant, advisor, consultancy, 14-04-2002, circular 13/2002, preferred, developing in-house expertise, more value-effective, only when hiring a consultant is considered more value-effective, circular 13/2002 dated 14-04-2002"
Appointment of Consultants,What must the organization determine before hiring a consultant?,Whether the required expertise is already available within the organization or government.,Circular 13/2002 dated 14-04-2002,"PIA, PIACL, chapter 28, recruitment / induction, clause 28.20.02, appointment of consultants, in-house expertise check, consultant appointment, advisor engagement, consultancy guidelines, consultant, advisor, consultancy, 14-04-2002, circular 13/2002, organization, expertise, already, circular 13/2002 dated 14-04-2002"
Appointment of Consultants,What must be explained when expertise is available in-house but a consultant is still proposed?,The reasons for not undertaking the assignment internally.,Circular 13/2002 dated 14-04-2002,"PIA, PIACL, chapter 28, recruitment / induction, clause 28.20.02, appointment of consultants, in-house expertise check, consultant appointment, advisor engagement, consultancy guidelines, consultant, advisor, consultancy, 14-04-2002, circular 13/2002, explained, expertise, in-house, still proposed, reasons, not undertaking, assignment internally, the reasons for not undertaking the assignment internally, circular 13/2002 dated 14-04-2002"
Appointment of Consultants,What task-related information must justify hiring a consultant?,Terms of reference and specific tasks to be accomplished.,Circular 13/2002 dated 14-04-2002,"PIA, PIACL, chapter 28, recruitment / induction, clause 28.20.02, appointment of consultants, hiring justification, consultant appointment, advisor engagement, consultancy guidelines, consultant, advisor, consultancy, 14-04-2002, circular 13/2002, task-related, justify hiring, reference, tasks, accomplished, terms of reference and specific tasks to be accomplished, circular 13/2002 dated 14-04-2002"
Appointment of Consultants,What deliverable information must be included in consultant-hiring justification?,Details of the required output.,Circular 13/2002 dated 14-04-2002,"PIA, PIACL, chapter 28, recruitment / induction, clause 28.20.02, appointment of consultants, hiring justification, consultant appointment, advisor engagement, consultancy guidelines, consultant, advisor, consultancy, 14-04-2002, circular 13/2002, deliverable, consultant-hiring justification, output, details of the required output, circular 13/2002 dated 14-04-2002"
Appointment of Consultants,What benefit information must be included in consultant-hiring justification?,Anticipated benefits of the assignment.,Circular 13/2002 dated 14-04-2002,"PIA, PIACL, chapter 28, recruitment / induction, clause 28.20.02, appointment of consultants, hiring justification, consultant appointment, advisor engagement, consultancy guidelines, consultant, advisor, consultancy, 14-04-2002, circular 13/2002, benefit, consultant-hiring justification, anticipated benefits, assignment, anticipated benefits of the assignment, circular 13/2002 dated 14-04-2002"
Appointment of Consultants,What expertise information must be included in consultant-hiring justification?,The professional expertise and experience required.,Circular 13/2002 dated 14-04-2002,"PIA, PIACL, chapter 28, recruitment / induction, clause 28.20.02, appointment of consultants, hiring justification, consultant appointment, advisor engagement, consultancy guidelines, consultant, advisor, consultancy, 14-04-2002, circular 13/2002, expertise, consultant-hiring justification, professional expertise, experience, the professional expertise and experience required, circular 13/2002 dated 14-04-2002"
Appointment of Consultants,What time information must be included in consultant-hiring justification?,The approximate time required to complete the job.,Circular 13/2002 dated 14-04-2002,"PIA, PIACL, chapter 28, recruitment / induction, clause 28.20.02, appointment of consultants, hiring justification, consultant appointment, advisor engagement, consultancy guidelines, consultant, advisor, consultancy, 14-04-2002, circular 13/2002, time, consultant-hiring justification, approximate time, job, the approximate time required to complete the job, circular 13/2002 dated 14-04-2002"
Appointment of Consultants,What financial information must be included in consultant-hiring justification?,A cost estimate.,Circular 13/2002 dated 14-04-2002,"PIA, PIACL, chapter 28, recruitment / induction, clause 28.20.02, appointment of consultants, hiring justification, consultant appointment, advisor engagement, consultancy guidelines, consultant, advisor, consultancy, 14-04-2002, circular 13/2002, financial, consultant-hiring justification, cost estimate, a cost estimate, circular 13/2002 dated 14-04-2002"
Appointment of Consultants,Who considers concept clearance for a non-development-budget consultancy?,"A committee headed by the Secretary of the concerned Ministry or Division and including representatives of Finance, Establishment, and Planning & Development Divisions.",Circular 13/2002 dated 14-04-2002,"PIA, PIACL, chapter 28, recruitment / induction, clause 28.20.02, appointment of consultants, concept clearance, consultant appointment, advisor engagement, consultancy guidelines, 14-04-2002, circular 13/2002, non-development-budget consultancy, committee headed, secretary, ministry, division, including representatives, finance, planning development divisions, circular 13/2002 dated 14-04-2002"
Appointment of Consultants,Who considers concept clearance for a development-budget consultancy?,The appropriate approval forum for development-budget consultancies.,Circular 13/2002 dated 14-04-2002,"PIA, PIACL, chapter 28, recruitment / induction, clause 28.20.02, appointment of consultants, concept clearance, consultant appointment, advisor engagement, consultancy guidelines, 14-04-2002, circular 13/2002, development-budget consultancy, appropriate approval forum, development-budget consultancies, the appropriate approval forum for development-budget consultancies, circular 13/2002 dated 14-04-2002"
Appointment of Consultants,Must consultancy requirements be advertised?,Yes.,Circular 13/2002 dated 14-04-2002,"PIA, PIACL, chapter 28, recruitment / induction, clause 28.20.03, appointment of consultants, hiring procedure, consultant appointment, advisor engagement, consultancy guidelines, 14-04-2002, circular 13/2002, consultancy, circular 13/2002 dated 14-04-2002"
Appointment of Consultants,What compensation information should a consultancy advertisement include?,"The range of the compensation package and facilities, depending on the nature of work.",Circular 13/2002 dated 14-04-2002,"PIA, PIACL, chapter 28, recruitment / induction, clause 28.20.03, appointment of consultants, hiring procedure, consultant appointment, advisor engagement, consultancy guidelines, 14-04-2002, circular 13/2002, compensation, consultancy advertisement, range, compensation package, depending, nature, work, circular 13/2002 dated 14-04-2002"
Appointment of Consultants,Who shortlists and prioritizes applicants?,An in-house committee of the client organization.,Circular 13/2002 dated 14-04-2002,"PIA, PIACL, chapter 28, recruitment / induction, clause 28.20.03, appointment of consultants, hiring procedure, consultant appointment, advisor engagement, consultancy guidelines, 14-04-2002, circular 13/2002, shortlists, prioritizes applicants, in-house committee, client organization, an in-house committee of the client organization, circular 13/2002 dated 14-04-2002"
Appointment of Consultants,Who heads the Selection Board for general or non-development-budget consultancies?,The Secretary of the concerned Ministry or Division.,Circular 13/2002 dated 14-04-2002,"PIA, PIACL, chapter 28, recruitment / induction, clause 28.20.03, appointment of consultants, general consultancy selection, consultant appointment, advisor engagement, consultancy guidelines, selection board, interview panel, assessment board, 14-04-2002, circular 13/2002, heads, non-development-budget consultancies, secretary, ministry, division, the secretary of the concerned ministry or division, circular 13/2002 dated 14-04-2002"
Appointment of Consultants,Which Divisions must be represented on the general-consultancy Selection Board?,The Establishment Division and Finance Division.,Circular 13/2002 dated 14-04-2002,"PIA, PIACL, chapter 28, recruitment / induction, clause 28.20.03, appointment of consultants, general consultancy selection, consultant appointment, advisor engagement, consultancy guidelines, selection board, interview panel, assessment board, 14-04-2002, circular 13/2002, divisions, represented, general-consultancy selection board, establishment division, finance division, the establishment division and finance division, circular 13/2002 dated 14-04-2002"
Appointment of Consultants,How many candidates must the general-consultancy Selection Board recommend?,A panel of at least three candidates in order of merit.,Circular 13/2002 dated 14-04-2002,"PIA, PIACL, chapter 28, recruitment / induction, clause 28.20.03, appointment of consultants, general consultancy selection, consultant appointment, advisor engagement, consultancy guidelines, selection board, interview panel, assessment board, merit list, merit-based selection, selection ranking, 14-04-2002, circular 13/2002, general-consultancy selection board recommend, panel, least three, order, merit, circular 13/2002 dated 14-04-2002"
Appointment of Consultants,What additional recommendation must the general-consultancy Selection Board make?,The compensation package for consultants placed on the panel.,Circular 13/2002 dated 14-04-2002,"PIA, PIACL, chapter 28, recruitment / induction, clause 28.20.03, appointment of consultants, general consultancy selection, consultant appointment, advisor engagement, consultancy guidelines, selection board, interview panel, assessment board, 14-04-2002, circular 13/2002, additional recommendation, general-consultancy selection board, compensation package, consultants placed, panel, the compensation package for consultants placed on the panel, circular 13/2002 dated 14-04-2002"
Appointment of Consultants,Which representation is required on a development-project consultancy Selection Board?,A representative of the Planning and Development Division.,Circular 13/2002 dated 14-04-2002,"PIA, PIACL, chapter 28, recruitment / induction, clause 28.20.03, appointment of consultants, development consultancy selection, consultant appointment, advisor engagement, consultancy guidelines, selection board, interview panel, assessment board, 14-04-2002, circular 13/2002, representation, development-project consultancy selection board, representative, planning, development division, a representative of the planning and development division, circular 13/2002 dated 14-04-2002"
Appointment of Consultants,How many names must be recommended for a development-project consultancy?,At least three names to the appropriate approval forum.,Circular 13/2002 dated 14-04-2002,"PIA, PIACL, chapter 28, recruitment / induction, clause 28.20.03, appointment of consultants, development consultancy selection, consultant appointment, advisor engagement, consultancy guidelines, 14-04-2002, circular 13/2002, many names, recommended, development-project consultancy, least three names, appropriate approval forum, at least three names to the appropriate approval forum, circular 13/2002 dated 14-04-2002"
Appointment of Consultants,What financial approval is required before appointment of a consultant?,Financial sanction from the competent authority for the terms and conditions recommended by the Selection Board.,Circular 13/2002 dated 14-04-2002,"PIA, PIACL, chapter 28, recruitment / induction, clause 28.20.03, appointment of consultants, financial sanction, consultant appointment, advisor engagement, consultancy guidelines, selection board, interview panel, assessment board, consultant, advisor, consultancy, 14-04-2002, circular 13/2002, financial approval, competent authority, recommended, circular 13/2002 dated 14-04-2002"
Appointment of Consultants,Who approves development or project-related consultancies?,"The competent approval forum, while observing any donor conditions for grant-funded consultancies.",Circular 13/2002 dated 14-04-2002,"PIA, PIACL, chapter 28, recruitment / induction, clause 28.20.04, appointment of consultants, final approval, consultant appointment, advisor engagement, consultancy guidelines, 14-04-2002, circular 13/2002, development, project-related consultancies, competent approval forum, while observing any donor, grant-funded consultancies, circular 13/2002 dated 14-04-2002"
Appointment of Consultants,Who approves general or non-development-budget consultancies?,The Chief Executive on a proposal routed through the Establishment Division.,Circular 13/2002 dated 14-04-2002,"PIA, PIACL, chapter 28, recruitment / induction, clause 28.20.04, appointment of consultants, final approval, consultant appointment, advisor engagement, consultancy guidelines, 14-04-2002, circular 13/2002, non-development-budget consultancies, chief executive, proposal routed, establishment division, circular 13/2002 dated 14-04-2002"
Appointment of Consultants,What assignment objective must be included in a consultant contract?,A statement of the objective of the assignment.,Circular 13/2002 dated 14-04-2002,"PIA, PIACL, chapter 28, recruitment / induction, clause 28.20.05, appointment of consultants, contract agreement, consultant appointment, advisor engagement, consultancy guidelines, consultant, advisor, consultancy, 14-04-2002, circular 13/2002, assignment, consultant contract, statement, a statement of the objective of the assignment, circular 13/2002 dated 14-04-2002"
Appointment of Consultants,What consultant responsibilities must be included in the contract?,"Responsibilities of the consultant, including the required outputs.",Circular 13/2002 dated 14-04-2002,"PIA, PIACL, chapter 28, recruitment / induction, clause 28.20.05, appointment of consultants, contract agreement, consultant appointment, advisor engagement, consultancy guidelines, consultant, advisor, consultancy, 14-04-2002, circular 13/2002, consultant responsibilities, contract, responsibilities, outputs, responsibilities of the consultant, including the required outputs, circular 13/2002 dated 14-04-2002"
Appointment of Consultants,What client responsibilities must be included in the contract?,The client's responsibilities and inputs to be provided.,Circular 13/2002 dated 14-04-2002,"PIA, PIACL, chapter 28, recruitment / induction, clause 28.20.05, appointment of consultants, contract agreement, consultant appointment, advisor engagement, consultancy guidelines, 14-04-2002, circular 13/2002, client responsibilities, contract, inputs, the client's responsibilities and inputs to be provided, circular 13/2002 dated 14-04-2002"
Appointment of Consultants,What duration information must be included in the contract?,"Contract duration, completion dates and termination provisions.",Circular 13/2002 dated 14-04-2002,"PIA, PIACL, chapter 28, recruitment / induction, clause 28.20.05, appointment of consultants, contract agreement, consultant appointment, advisor engagement, consultancy guidelines, 14-04-2002, circular 13/2002, duration, contract, contract duration, completion dates, termination provisions, contract duration, completion dates and termination provisions, circular 13/2002 dated 14-04-2002"
Appointment of Consultants,What financial information must be included in the contract?,Financial provisions showing the manner of remuneration and payment.,Circular 13/2002 dated 14-04-2002,"PIA, PIACL, chapter 28, recruitment / induction, clause 28.20.05, appointment of consultants, contract agreement, consultant appointment, advisor engagement, consultancy guidelines, 14-04-2002, circular 13/2002, financial, contract, financial provisions showing, manner, remuneration, payment, financial provisions showing the manner of remuneration and payment, circular 13/2002 dated 14-04-2002"
Appointment of Consultants,What general termination provision must be included in the contract?,General provisions covering matters such as early termination.,Circular 13/2002 dated 14-04-2002,"PIA, PIACL, chapter 28, recruitment / induction, clause 28.20.05, appointment of consultants, contract agreement, consultant appointment, advisor engagement, consultancy guidelines, 14-04-2002, circular 13/2002, termination provision, contract, provisions covering matters such, early termination, general provisions covering matters such as early termination, circular 13/2002 dated 14-04-2002"
Appointment of Consultants,What performance provision must be included in the contract?,The method of periodic performance appraisal.,Circular 13/2002 dated 14-04-2002,"PIA, PIACL, chapter 28, recruitment / induction, clause 28.20.05, appointment of consultants, contract agreement, consultant appointment, advisor engagement, consultancy guidelines, 14-04-2002, circular 13/2002, performance provision, contract, method, periodic performance appraisal, the method of periodic performance appraisal, circular 13/2002 dated 14-04-2002"
Appointment of Consultants,May a retired government employee be hired as consultant merely to re-employ that person?,No.,Circular 13/2002 dated 14-04-2002,"PIA, PIACL, chapter 28, recruitment / induction, clause 28.20.06, appointment of consultants, other guidelines, consultant appointment, advisor engagement, consultancy guidelines, re-employment, ex-employee rehiring, fresh employee, consultant, advisor, consultancy, 14-04-2002, circular 13/2002, retired government, consultant merely, re-employ, circular 13/2002 dated 14-04-2002"
Appointment of Consultants,May consultants be appointed to perform routine organizational functions?,No.,Circular 13/2002 dated 14-04-2002,"PIA, PIACL, chapter 28, recruitment / induction, clause 28.20.06, appointment of consultants, other guidelines, consultant appointment, advisor engagement, consultancy guidelines, 14-04-2002, circular 13/2002, consultants, perform routine organizational functions, circular 13/2002 dated 14-04-2002"
Appointment of Consultants,What should organizations do to reduce dependence on consultants?,Train and develop their own personnel for higher responsibilities.,Circular 13/2002 dated 14-04-2002,"PIA, PIACL, chapter 28, recruitment / induction, clause 28.20.06, appointment of consultants, other guidelines, consultant appointment, advisor engagement, consultancy guidelines, 14-04-2002, circular 13/2002, organizations, reduce dependence, consultants, train, develop, own personnel, higher responsibilities, train and develop their own personnel for higher responsibilities, circular 13/2002 dated 14-04-2002"
Appointment of Consultants,How should consultant performance be evaluated?,Objectively and periodically through a method designed for the specific job.,Circular 13/2002 dated 14-04-2002,"PIA, PIACL, chapter 28, recruitment / induction, clause 28.20.06, appointment of consultants, other guidelines, consultant appointment, advisor engagement, consultancy guidelines, consultant, advisor, consultancy, 14-04-2002, circular 13/2002, consultant performance, objectively, periodically, method designed, job, circular 13/2002 dated 14-04-2002"
Appointment of Consultants,Whose prior permission is required to engage a retired civilian officer as consultant or advisor?,The Establishment Division.,Circular 13/2002 dated 14-04-2002,"PIA, PIACL, chapter 28, recruitment / induction, clause 28.20.06, appointment of consultants, retired civilian officers, consultant appointment, advisor engagement, consultancy guidelines, consultant, advisor, consultancy, 14-04-2002, circular 13/2002, prior permission, engage, retired civilian officer, establishment division, the establishment division, circular 13/2002 dated 14-04-2002"
Appointment of Consultants,Whose prior permission is required to engage a retired defence officer as consultant or advisor?,The Defence Division.,Circular 13/2002 dated 14-04-2002,"PIA, PIACL, chapter 28, recruitment / induction, clause 28.20.06, appointment of consultants, retired defence officers, consultant appointment, advisor engagement, consultancy guidelines, consultant, advisor, consultancy, 14-04-2002, circular 13/2002, prior permission, engage, retired defence officer, defence division, the defence division, circular 13/2002 dated 14-04-2002"
Appointment of Consultants,Whose prior permission is required to engage a retired judiciary officer as consultant or advisor?,"The Law, Justice and Human Rights Division, Supreme Court or High Court, as applicable.",Circular 13/2002 dated 14-04-2002,"PIA, PIACL, chapter 28, recruitment / induction, clause 28.20.06, appointment of consultants, retired judiciary officers, consultant appointment, advisor engagement, consultancy guidelines, consultant, advisor, consultancy, 14-04-2002, circular 13/2002, prior permission, engage, retired judiciary officer, law, justice, human rights division, supreme court, high court, circular 13/2002 dated 14-04-2002"
Appointment of Consultants,Who conducts regular or periodic checks for compliance with consultant guidelines?,The Chief Executive's Inspection Commission.,Circular 13/2002 dated 14-04-2002,"PIA, PIACL, chapter 28, recruitment / induction, clause 28.20.06, appointment of consultants, compliance monitoring, consultant appointment, advisor engagement, consultancy guidelines, consultant, advisor, consultancy, 14-04-2002, circular 13/2002, periodic checks, compliance, chief executive inspection commission, the chief executive's inspection commission, circular 13/2002 dated 14-04-2002"
Appointment of Consultants,How are deviations from consultant guidelines treated?,Seriously; defaulting officers may be proceeded against under E&D laws or rules.,Circular 13/2002 dated 14-04-2002,"PIA, PIACL, chapter 28, recruitment / induction, clause 28.20.06, appointment of consultants, non-compliance, consultant appointment, advisor engagement, consultancy guidelines, consultant, advisor, consultancy, 14-04-2002, circular 13/2002, deviations, seriously, defaulting officers, proceeded, e&d laws, circular 13/2002 dated 14-04-2002"
Appointment of Consultants,What documentation tool should be developed for consultant appointments?,A uniform proforma containing all essential particulars for evaluation and rational decision-making by the Selection Committee or Board and approving authority.,Circular 13/2002 dated 14-04-2002,"PIA, PIACL, chapter 28, recruitment / induction, clause 28.20.06, appointment of consultants, uniform proforma, consultant appointment, advisor engagement, consultancy guidelines, consultant, advisor, consultancy, 14-04-2002, circular 13/2002, documentation tool, developed, consultant appointments, uniform proforma containing all essential, proforma containing all essential particulars, evaluation, rational decision-making, selection committee, approving authority, circular 13/2002 dated 14-04-2002"
Chartered Accountants,In which pay groups may Chartered Accountants from local institutions be inducted?,PG-VI to PG-VIII.,Minute-1 Ref. CD/03.33/A47 dated 15-11-1993,"PIA, PIACL, chapter 28, recruitment / induction, clause 28.21, chartered accountants, external induction, chartered accountant induction, CA placement, finance recruitment, PG-VI to PG-VIII, pay group-vi to pay group-viii, 15-11-1993, PG, minute-1 ref, local institutions, PG-VI, PG-VIII, minute-1 ref. cd/03.33/a47 dated 15-11-1993"
Chartered Accountants,In which pay group are Chartered Accountants from recognized foreign institutions inducted?,PG-VIII.,Minute-1 Ref. CD/03.33/A47 dated 15-11-1993,"PIA, PIACL, chapter 28, recruitment / induction, clause 28.21, chartered accountants, external induction, chartered accountant induction, CA placement, finance recruitment, PG-VIII, pay group-viii, 15-11-1993, PG, minute-1 ref, recognized foreign institutions inducted, minute-1 ref. cd/03.33/a47 dated 15-11-1993"
Chartered Accountants,May internal employees with CA qualifications apply for positions in other Departments?,"Yes, in accordance with the relevant requirements.",Minute-1 Ref. CD/03.33/A47 dated 15-11-1993,"PIA, PIACL, chapter 28, recruitment / induction, clause 28.21, chartered accountants, internal candidates, chartered accountant induction, CA placement, finance recruitment, 15-11-1993, CA, minute-1 ref, CA qualifications, other departments, accordance, relevant, yes, in accordance with the relevant requirements, minute-1 ref. cd/03.33/a47 dated 15-11-1993"
Chartered Accountants,Can an employee already placed in a higher pay group because of CA qualification claim another promotion or placement solely on that basis?,No; future promotion follows the normal promotion criteria.,Minute-1 Ref. CD/03.33/A47 dated 15-11-1993,"PIA, PIACL, chapter 28, recruitment / induction, clause 28.21, chartered accountants, existing placement, chartered accountant induction, CA placement, finance recruitment, chartered accountant, CA qualification, accountancy, 15-11-1993, CA, minute-1 ref, already placed, higher, because, CA qualification claim another promotion, placement solely, future promotion follows, normal promotion criteria, no; future promotion follows the normal promotion criteria, minute-1 ref. cd/03.33/a47 dated 15-11-1993"
Chartered Accountants,What minimum service is required for a lower-pay-group employee who acquires CA qualification to be considered for placement?,Two years in the present lower pay group.,Minute-1 Ref. CD/03.33/A47 dated 15-11-1993,"PIA, PIACL, chapter 28, recruitment / induction, clause 28.21, chartered accountants, internal placement criteria, chartered accountant induction, CA placement, finance recruitment, chartered accountant, CA qualification, accountancy, 15-11-1993, CA, minute-1 ref, two years, 2 years, minimum, lower-pay-group, acquires CA qualification, placement, present lower, two years in the present lower pay group, minute-1 ref. cd/03.33/a47 dated 15-11-1993"
Chartered Accountants,In which pay groups may an eligible lower-pay-group employee with CA qualification be considered for placement?,"PG-V or PG-VI, according to the selection procedure.",Minute-1 Ref. CD/03.33/A47 dated 15-11-1993,"PIA, PIACL, chapter 28, recruitment / induction, clause 28.21, chartered accountants, internal placement criteria, chartered accountant induction, CA placement, finance recruitment, chartered accountant, CA qualification, accountancy, PG-V, pay group-v, PG-VI, pay group-vi, 15-11-1993, CA, PG, minute-1 ref, lower-pay-group, placement, PG-V or PG-VI according to the selection procedure, minute-1 ref. cd/03.33/a47 dated 15-11-1993"
Chartered Accountants,Through whom must an employee apply after acquiring CA qualification?,Through the proper channel to the Chief HR Officer.,Minute-1 Ref. CD/03.33/A47 dated 15-11-1993,"PIA, PIACL, chapter 28, recruitment / induction, clause 28.21, chartered accountants, application procedure, chartered accountant induction, CA placement, finance recruitment, chartered accountant, CA qualification, accountancy, 15-11-1993, CA, HR, minute-1 ref, acquiring CA qualification, proper channel, chief HR officer, through the proper channel to the chief HR officer, minute-1 ref. cd/03.33/a47 dated 15-11-1993"
Chartered Accountants,Who are the members of the CA placement Selection Board?,"Chief HR Officer as President, Chief Financial Officer as Member, Chief Concerned as Member, and General Manager as Member / Secretary.",Minute-1 Ref. CD/03.33/A47 dated 15-11-1993,"PIA, PIACL, chapter 28, recruitment / induction, clause 28.21, chartered accountants, selection board, chartered accountant induction, CA placement, finance recruitment, interview panel, assessment board, 15-11-1993, CA, HR, minute-1 ref, members, CA placement selection board, chief HR officer, president, chief financial officer, member, member secretary, minute-1 ref. cd/03.33/a47 dated 15-11-1993"
Chartered Accountants,Against which vacancies may CA-qualified employees from Departments other than Finance apply?,Only vacancies in the Finance Department.,Minute-1 Ref. CD/03.33/A47 dated 15-11-1993,"PIA, PIACL, chapter 28, recruitment / induction, clause 28.21, chartered accountants, non-finance employees, chartered accountant induction, CA placement, finance recruitment, 15-11-1993, CA, minute-1 ref, ca-qualified, departments other, finance, only vacancies, finance department, only vacancies in the finance department, minute-1 ref. cd/03.33/a47 dated 15-11-1993"
Chartered Accountants,How are CA-qualified non-Finance employees selected?,In the same manner as employees from the Finance Department.,Minute-1 Ref. CD/03.33/A47 dated 15-11-1993,"PIA, PIACL, chapter 28, recruitment / induction, clause 28.21, chartered accountants, non-finance employees, chartered accountant induction, CA placement, finance recruitment, 15-11-1993, CA, minute-1 ref, ca-qualified non-finance, same manner, finance department, in the same manner as employees from the finance department, minute-1 ref. cd/03.33/a47 dated 15-11-1993"
Chartered Accountants,How is seniority of selected CA-qualified candidates determined?,"From the date of placement in the respective pay group, in interview-merit order or according to joining dates.",Minute-1 Ref. CD/03.33/A47 dated 15-11-1993,"PIA, PIACL, chapter 28, recruitment / induction, clause 28.21, chartered accountants, seniority, chartered accountant induction, CA placement, finance recruitment, interview, interview marks, candidate assessment, merit list, merit-based selection, selection ranking, 15-11-1993, CA, minute-1 ref, ca-qualified, date, placement, interview-merit order, joining dates, minute-1 ref. cd/03.33/a47 dated 15-11-1993"
Foreign Station Local Hiring,Who presides over the Committee for hiring local employees at foreign stations?,The CEO.,A.O.20/2014 dated 02-09-2014,"PIA, PIACL, chapter 28, recruitment / induction, clause 28.22, foreign station local hiring, hiring committee, foreign station hiring, local employee recruitment, overseas employment, foreign station, local employee, overseas hiring, 02-09-2014, CEO, a.o.20/2014, hiring local, foreign stations, the CEO, a.o.20/2014 dated 02-09-2014"
Foreign Station Local Hiring,Which officials are members of the foreign-station local-hiring Committee?,"Chief HR Officer, Chief Concerned and Country / Station Head; GM OD serves as Member / Secretary.",A.O.20/2014 dated 02-09-2014,"PIA, PIACL, chapter 28, recruitment / induction, clause 28.22, foreign station local hiring, hiring committee, foreign station hiring, local employee recruitment, overseas employment, foreign station, local employee, overseas hiring, 02-09-2014, HR, GM, a.o.20/2014, members, foreign-station local-hiring committee, chief HR officer, country station head, GM od serves, member secretary, a.o.20/2014 dated 02-09-2014"
Foreign Station Local Hiring,Against what positions may foreign-station local employees be hired?,Approved vacant positions.,A.O.20/2014 dated 02-09-2014,"PIA, PIACL, chapter 28, recruitment / induction, clause 28.22, foreign station local hiring, approved vacancies, foreign station hiring, local employee recruitment, overseas employment, foreign station, local employee, overseas hiring, 02-09-2014, a.o.20/2014, foreign-station local, vacant, approved vacant positions, a.o.20/2014 dated 02-09-2014"
Foreign Station Local Hiring,How must the services of local employees at foreign stations be hired?,Through service providers on a contract basis.,A.O.20/2014 dated 02-09-2014,"PIA, PIACL, chapter 28, recruitment / induction, clause 28.22, foreign station local hiring, service provider, foreign station hiring, local employee recruitment, overseas employment, foreign station, local employee, overseas hiring, 02-09-2014, a.o.20/2014, foreign stations, providers, contract, through service providers on a contract basis, a.o.20/2014 dated 02-09-2014"
Foreign Station Local Hiring,Who must vet foreign-station local-employee contracts before implementation?,The Chief Legal Officer at Head Office.,A.O.20/2014 dated 02-09-2014,"PIA, PIACL, chapter 28, recruitment / induction, clause 28.22, foreign station local hiring, legal vetting, foreign station hiring, local employee recruitment, overseas employment, foreign station, local employee, overseas hiring, 02-09-2014, a.o.20/2014, vet foreign-station local-employee contracts, implementation, chief legal officer, head office, the chief legal officer at head office, a.o.20/2014 dated 02-09-2014"
Foreign Station Local Hiring,Which persons connected to Pak-based employees may not be hired locally at the same foreign station or region?,"Blood or close relatives, close friends and acquainted persons.",A.O.20/2014 dated 02-09-2014,"PIA, PIACL, chapter 28, recruitment / induction, clause 28.22, foreign station local hiring, conflict restrictions, foreign station hiring, local employee recruitment, overseas employment, foreign station, local employee, overseas hiring, 02-09-2014, a.o.20/2014, connected, pak-based, not, hired locally, same foreign station, region, blood, close relatives, close friends, acquainted, blood or close relatives, close friends and acquainted persons, a.o.20/2014 dated 02-09-2014"
Foreign Station Local Hiring,Who must provide an undertaking regarding the prospective local employee's relationship with Pak-based staff?,The Country / Station Head.,A.O.20/2014 dated 02-09-2014,"PIA, PIACL, chapter 28, recruitment / induction, clause 28.22, foreign station local hiring, undertaking, foreign station hiring, local employee recruitment, overseas employment, foreign station, local employee, overseas hiring, 02-09-2014, a.o.20/2014, undertaking regarding, prospective local, relationship, pak-based staff, country station head, the country / station head, a.o.20/2014 dated 02-09-2014"
Foreign Station Local Hiring,What must the foreign-station undertaking confirm?,"That the prospective local employee is not a blood relative, close friend or acquaintance of any Pak-based employee posted at that station.",A.O.20/2014 dated 02-09-2014,"PIA, PIACL, chapter 28, recruitment / induction, clause 28.22, foreign station local hiring, undertaking, foreign station hiring, local employee recruitment, overseas employment, foreign station, local employee, overseas hiring, 02-09-2014, a.o.20/2014, foreign-station undertaking confirm, prospective local, not, blood relative, close friend, acquaintance, any pak-based, posted, station, a.o.20/2014 dated 02-09-2014"
Apprentice Mechanics Training / Service,What educational qualification is required for Apprentice Mechanic induction?,Higher Secondary School Certificate in Pre-Engineering with at least 50% marks.,A.O.18/2014 dated 11-08-2014,"PIA, PIACL, chapter 28, recruitment / induction, clause 28.23, apprentice mechanics training / service, eligibility and training, apprentice mechanic training, service bond, training cost recovery, apprentice mechanic, PTC training, engineering technician, 50%, 50 percent, 11-08-2014, a.o.18/2014, educational qualification, apprentice mechanic induction, higher secondary school certificate, pre-engineering, least 50% marks, a.o.18/2014 dated 11-08-2014"
Apprentice Mechanics Training / Service,How are Apprentice Mechanic candidates inducted?,Through the recruitment procedure.,A.O.18/2014 dated 11-08-2014,"PIA, PIACL, chapter 28, recruitment / induction, clause 28.23, apprentice mechanics training / service, eligibility and training, apprentice mechanic training, service bond, training cost recovery, apprentice mechanic, PTC training, engineering technician, 11-08-2014, a.o.18/2014, through the recruitment procedure, a.o.18/2014 dated 11-08-2014"
Apprentice Mechanics Training / Service,How long is Apprentice Mechanic training?,Three years.,A.O.18/2014 dated 11-08-2014,"PIA, PIACL, chapter 28, recruitment / induction, clause 28.23, apprentice mechanics training / service, eligibility and training, apprentice mechanic training, service bond, training cost recovery, apprentice mechanic, PTC training, engineering technician, 11-08-2014, a.o.18/2014, three years, 3 years, long, a.o.18/2014 dated 11-08-2014"
Apprentice Mechanics Training / Service,Where is Apprentice Mechanic training conducted?,"At PIA Training Centres in Karachi, Lahore or Islamabad, at Company expense.",A.O.18/2014 dated 11-08-2014,"PIA, PIACL, chapter 28, recruitment / induction, clause 28.23, apprentice mechanics training / service, eligibility and training, apprentice mechanic training, service bond, training cost recovery, apprentice mechanic, PTC training, engineering technician, 11-08-2014, a.o.18/2014, PIA training centres, karachi, lahore, islamabad, expense, a.o.18/2014 dated 11-08-2014"
Apprentice Mechanics Training / Service,How long is the Apprentice Mechanic Training / Service Bond?,Ten years from completion of training.,A.O.18/2014 dated 11-08-2014,"PIA, PIACL, chapter 28, recruitment / induction, clause 28.23, apprentice mechanics training / service, bond, apprentice mechanic training, service bond, training cost recovery, apprentice mechanic, PTC training, engineering technician, 11-08-2014, a.o.18/2014, ten years, 10 years, long, completion, ten years from completion of training, a.o.18/2014 dated 11-08-2014"
Apprentice Mechanics Training / Service,How is the three-year Apprentice Mechanic training structured?,One year of classroom training at PTC and two years of on-the-job training.,A.O.18/2014 dated 11-08-2014,"PIA, PIACL, chapter 28, recruitment / induction, clause 28.23, apprentice mechanics training / service, training structure, apprentice mechanic training, service bond, training cost recovery, apprentice mechanic, PTC training, engineering technician, 11-08-2014, PTC, a.o.18/2014, one year, 1 year, two years, 2 years, three-year apprentice mechanic training structured, classroom training, on-the-job training, a.o.18/2014 dated 11-08-2014"
Apprentice Mechanics Training / Service,What monthly stipend is paid in the first year of Apprentice Mechanic training?,"Rs.6,000.",A.O.18/2014 dated 11-08-2014,"PIA, PIACL, chapter 28, recruitment / induction, clause 28.23, apprentice mechanics training / service, stipend, apprentice mechanic training, service bond, training cost recovery, apprentice mechanic, PTC training, engineering technician, rs.6,000, 6000 rupees, 11-08-2014, a.o.18/2014, monthly stipend, paid, first year, rs, 6, 000, a.o.18/2014 dated 11-08-2014"
Apprentice Mechanics Training / Service,What monthly stipend is paid in the second year?,"Rs.7,000.",A.O.18/2014 dated 11-08-2014,"PIA, PIACL, chapter 28, recruitment / induction, clause 28.23, apprentice mechanics training / service, stipend, apprentice mechanic training, service bond, training cost recovery, rs.7,000, 7000 rupees, 11-08-2014, a.o.18/2014, monthly stipend, paid, second year, rs, 7, 000, a.o.18/2014 dated 11-08-2014"
Apprentice Mechanics Training / Service,What monthly stipend is paid in the third year?,"Rs.8,000.",A.O.18/2014 dated 11-08-2014,"PIA, PIACL, chapter 28, recruitment / induction, clause 28.23, apprentice mechanics training / service, stipend, apprentice mechanic training, service bond, training cost recovery, rs.8,000, 8000 rupees, 11-08-2014, a.o.18/2014, monthly stipend, paid, third year, rs, 8, 000, a.o.18/2014 dated 11-08-2014"
Apprentice Mechanics Training / Service,What annual ticket facility is available to an Apprentice Mechanic trainee?,"One 100% and two 85% rebated sublo Economy Class tickets for self only, round trip from training place to hometown in Pakistan.",A.O.18/2014 dated 11-08-2014,"PIA, PIACL, chapter 28, recruitment / induction, clause 28.23, apprentice mechanics training / service, ticket facility, apprentice mechanic training, service bond, training cost recovery, apprentice mechanic, PTC training, engineering technician, 100%, 100 percent, 85%, 85 percent, 11-08-2014, a.o.18/2014, annual ticket facility, apprentice mechanic trainee, one 100%, two 85% rebated sublo economy, rebated sublo economy class tickets, self only, round trip, training place, hometown, pakistan, a.o.18/2014 dated 11-08-2014"
Apprentice Mechanics Training / Service,For what occasions may the Apprentice Mechanic ticket facility be used?,"Term breaks, leave periods or holidays during the calendar year.",A.O.18/2014 dated 11-08-2014,"PIA, PIACL, chapter 28, recruitment / induction, clause 28.23, apprentice mechanics training / service, ticket facility, apprentice mechanic training, service bond, training cost recovery, apprentice mechanic, PTC training, engineering technician, 11-08-2014, a.o.18/2014, occasions, apprentice mechanic ticket facility, term breaks, leave periods, holidays, calendar year, term breaks, leave periods or holidays during the calendar year, a.o.18/2014 dated 11-08-2014"
Apprentice Mechanics Training / Service,Is the Apprentice Mechanic ticket facility accumulative or transferable?,"No, it is neither accumulative nor transferable.",A.O.18/2014 dated 11-08-2014,"PIA, PIACL, chapter 28, recruitment / induction, clause 28.23, apprentice mechanics training / service, ticket facility, apprentice mechanic training, service bond, training cost recovery, apprentice mechanic, PTC training, engineering technician, 11-08-2014, a.o.18/2014, apprentice mechanic ticket facility accumulative, transferable, neither accumulative nor transferable, no, it is neither accumulative nor transferable, a.o.18/2014 dated 11-08-2014"
Apprentice Mechanics Training / Service,What medical coverage is available to an Apprentice Mechanic trainee?,Free outdoor medical coverage for self at PIA medical facilities.,A.O.18/2014 dated 11-08-2014,"PIA, PIACL, chapter 28, recruitment / induction, clause 28.23, apprentice mechanics training / service, medical coverage, apprentice mechanic training, service bond, training cost recovery, apprentice mechanic, PTC training, engineering technician, 11-08-2014, a.o.18/2014, apprentice mechanic trainee, free outdoor medical coverage, self, PIA medical facilities, free outdoor medical coverage for self at PIA medical facilities, a.o.18/2014 dated 11-08-2014"
Apprentice Mechanics Training / Service,Are hospitalization and specialized treatment covered at Company expense for Apprentice Mechanic trainees?,No.,A.O.18/2014 dated 11-08-2014,"PIA, PIACL, chapter 28, recruitment / induction, clause 28.23, apprentice mechanics training / service, medical coverage, apprentice mechanic training, service bond, training cost recovery, apprentice mechanic, PTC training, engineering technician, 11-08-2014, a.o.18/2014, hospitalization, specialized treatment covered, expense, apprentice mechanic trainees, a.o.18/2014 dated 11-08-2014"
Apprentice Mechanics Training / Service,What leave is available to an Apprentice Mechanic trainee?,"Normal Casual Leave, Sick Leave and Privilege Leave under the rules.",A.O.18/2014 dated 11-08-2014,"PIA, PIACL, chapter 28, recruitment / induction, clause 28.23, apprentice mechanics training / service, leave, apprentice mechanic training, service bond, training cost recovery, apprentice mechanic, PTC training, engineering technician, 11-08-2014, a.o.18/2014, apprentice mechanic trainee, normal casual leave, sick leave, privilege leave, a.o.18/2014 dated 11-08-2014"
Apprentice Mechanics Training / Service,May a trainee apply against internal or external advertisements during training or the bond period?,No.,A.O.18/2014 dated 11-08-2014,"PIA, PIACL, chapter 28, recruitment / induction, clause 28.23, apprentice mechanics training / service, application restriction, apprentice mechanic training, service bond, training cost recovery, 11-08-2014, a.o.18/2014, trainee, external advertisements, bond period, a.o.18/2014 dated 11-08-2014"
Apprentice Mechanics Training / Service,Can an Apprentice Mechanic trainee's promotion be considered during the restricted period?,"Yes, according to the rules.",A.O.18/2014 dated 11-08-2014,"PIA, PIACL, chapter 28, recruitment / induction, clause 28.23, apprentice mechanics training / service, promotion, apprentice mechanic training, service bond, training cost recovery, apprentice mechanic, PTC training, engineering technician, 11-08-2014, a.o.18/2014, apprentice mechanic trainee promotion, restricted period, yes, according to the rules, a.o.18/2014 dated 11-08-2014"
Apprentice Mechanics Training / Service,What position and pay group apply after successful completion of the three-year apprenticeship?,Senior Technician in PG-IV.,A.O.18/2014 dated 11-08-2014,"PIA, PIACL, chapter 28, recruitment / induction, clause 28.23, apprentice mechanics training / service, absorption, apprentice mechanic training, service bond, training cost recovery, PG-IV, pay group-iv, 11-08-2014, PG, a.o.18/2014, successful completion, three-year apprenticeship, senior technician, senior technician in PG-IV, a.o.18/2014 dated 11-08-2014"
Apprentice Mechanics Training / Service,What probationary period applies before confirmation after absorption?,Three months of satisfactory service.,A.O.18/2014 dated 11-08-2014,"PIA, PIACL, chapter 28, recruitment / induction, clause 28.23, apprentice mechanics training / service, confirmation, apprentice mechanic training, service bond, training cost recovery, 11-08-2014, a.o.18/2014, three months, 3 months, probationary period, absorption, three months of satisfactory service, a.o.18/2014 dated 11-08-2014"
Apprentice Mechanics Training / Service,What training cost is recoverable if a trainee abandons training or is terminated for misconduct?,"Rs.312,000.",A.O.18/2014 dated 11-08-2014,"PIA, PIACL, chapter 28, recruitment / induction, clause 28.23, apprentice mechanics training / service, training cost recovery, apprentice mechanic training, service bond, bond recovery, rs.312,000, 312000 rupees, 11-08-2014, a.o.18/2014, training cost, recoverable, trainee abandons training, terminated, misconduct, rs, 312, 000, a.o.18/2014 dated 11-08-2014"
Apprentice Mechanics Training / Service,What percentage of Apprentice Mechanic training cost is recovered during the first three years of the bond period?,100%.,A.O.18/2014 dated 11-08-2014,"PIA, PIACL, chapter 28, recruitment / induction, clause 28.23, apprentice mechanics training / service, training cost recovery, apprentice mechanic training, service bond, apprentice mechanic, PTC training, engineering technician, bond recovery, 100%, 100 percent, 11-08-2014, a.o.18/2014, three years, 3 years, apprentice mechanic training cost, first three years, bond period, a.o.18/2014 dated 11-08-2014"
Apprentice Mechanics Training / Service,What percentage is recovered after three years and up to six years?,60%.,A.O.18/2014 dated 11-08-2014,"PIA, PIACL, chapter 28, recruitment / induction, clause 28.23, apprentice mechanics training / service, training cost recovery, apprentice mechanic training, service bond, bond recovery, 60%, 60 percent, 11-08-2014, a.o.18/2014, three years, 3 years, six years, 6 years, a.o.18/2014 dated 11-08-2014"
Apprentice Mechanics Training / Service,What percentage is recovered after six years and up to eight years?,40%.,A.O.18/2014 dated 11-08-2014,"PIA, PIACL, chapter 28, recruitment / induction, clause 28.23, apprentice mechanics training / service, training cost recovery, apprentice mechanic training, service bond, bond recovery, 40%, 40 percent, 11-08-2014, a.o.18/2014, six years, 6 years, eight years, 8 years, a.o.18/2014 dated 11-08-2014"
Apprentice Mechanics Training / Service,What percentage is recovered after eight years and up to ten years?,20%.,A.O.18/2014 dated 11-08-2014,"PIA, PIACL, chapter 28, recruitment / induction, clause 28.23, apprentice mechanics training / service, training cost recovery, apprentice mechanic training, service bond, bond recovery, 20%, 20 percent, 11-08-2014, a.o.18/2014, eight years, 8 years, ten years, 10 years, a.o.18/2014 dated 11-08-2014"
